"Dataset Name","Observation Date","Series Key","Series Display Name","Observation Value","Unit","Observation Status","Observation Status Comment","Sequence No.","Series name"
"Bank Floating Average Exchange Rates  (PKR per National Currency)","31-Jul-2026","TS_GP_ER_FAERPKR_M.E00220","22 Average Exchange rate of Pak Rupees per U.S. Dollar","278.2380682","PKR","Normal","","220","Average Exchange rate of Pak Rupees per U.S. Dollar"
"Bank Floating Average Exchange Rates  (PKR per National Currency)","30-Jun-2026","TS_GP_ER_FAERPKR_M.E00220","22 Average Exchange rate of Pak Rupees per U.S. Dollar","278.5795536","PKR","Normal","","220","Average Exchange rate of Pak Rupees per U.S. Dollar"
"Bank Floating Average Exchange Rates  (PKR per National Currency)","31-May-2026","TS_GP_ER_FAERPKR_M.E00220","22 Average Exchange rate of Pak Rupees per U.S. Dollar","278.8445378","PKR","Normal","","220","Average Exchange rate of Pak Rupees per U.S. Dollar"
"Bank Floating Average Exchange Rates  (PKR per National Currency)","30-Apr-2026","TS_GP_ER_FAERPKR_M.E00220","22 Average Exchange rate of Pak Rupees per U.S. Dollar","279.175974","PKR","Normal","","220","Average Exchange rate of Pak Rupees per U.S. Dollar"
"Bank Floating Average Exchange Rates  (PKR per National Currency)","31-Mar-2026","TS_GP_ER_FAERPKR_M.E00220","22 Average Exchange rate of Pak Rupees per U.S. Dollar","279.5112857","PKR","Normal","","220","Average Exchange rate of Pak Rupees per U.S. Dollar"
"Bank Floating Average Exchange Rates  (PKR per National Currency)","28-Feb-2026","TS_GP_ER_FAERPKR_M.E00220","22 Average Exchange rate of Pak Rupees per U.S. Dollar","279.8070073","PKR","Normal","","220","Average Exchange rate of Pak Rupees per U.S. Dollar"
"Bank Floating Average Exchange Rates  (PKR per National Currency)","31-Jan-2026","TS_GP_ER_FAERPKR_M.E00220","22 Average Exchange rate of Pak Rupees per U.S. Dollar","280.1535223","PKR","Normal","","220","Average Exchange rate of Pak Rupees per U.S. Dollar"
"Bank Floating Average Exchange Rates  (PKR per National Currency)","31-Dec-2025","TS_GP_ER_FAERPKR_M.E00220","22 Average Exchange rate of Pak Rupees per U.S. Dollar","280.5409602","PKR","Normal","","220","Average Exchange rate of Pak Rupees per U.S. Dollar"
"Bank Floating Average Exchange Rates  (PKR per National Currency)","30-Nov-2025","TS_GP_ER_FAERPKR_M.E00220","22 Average Exchange rate of Pak Rupees per U.S. Dollar","280.8729821","PKR","Normal","","220","Average Exchange rate of Pak Rupees per U.S. Dollar"
"Bank Floating Average Exchange Rates  (PKR per National Currency)","31-Oct-2025","TS_GP_ER_FAERPKR_M.E00220","22 Average Exchange rate of Pak Rupees per U.S. Dollar","281.2675932","PKR","Normal","","220","Average Exchange rate of Pak Rupees per U.S. Dollar"
"Bank Floating Average Exchange Rates  (PKR per National Currency)","30-Sep-2025","TS_GP_ER_FAERPKR_M.E00220","22 Average Exchange rate of Pak Rupees per U.S. Dollar","281.6472727","PKR","Normal","","220","Average Exchange rate of Pak Rupees per U.S. Dollar"
"Bank Floating Average Exchange Rates  (PKR per National Currency)","31-Aug-2025","TS_GP_ER_FAERPKR_M.E00220","22 Average Exchange rate of Pak Rupees per U.S. Dollar","282.2447321","PKR","Normal","","220","Average Exchange rate of Pak Rupees per U.S. Dollar"
"Bank Floating Average Exchange Rates  (PKR per National Currency)","31-Jul-2025","TS_GP_ER_FAERPKR_M.E00220","22 Average Exchange rate of Pak Rupees per U.S. Dollar","284.2132955","PKR","Normal","","220","Average Exchange rate of Pak Rupees per U.S. Dollar"
"Bank Floating Average Exchange Rates  (PKR per National Currency)","30-Jun-2025","TS_GP_ER_FAERPKR_M.E00220","22 Average Exchange rate of Pak Rupees per U.S. Dollar","283.0001359","PKR","Normal","","220","Average Exchange rate of Pak Rupees per U.S. Dollar"
"Bank Floating Average Exchange Rates  (PKR per National Currency)","31-May-2025","TS_GP_ER_FAERPKR_M.E00220","22 Average Exchange rate of Pak Rupees per U.S. Dollar","281.6662931","PKR","Normal","","220","Average Exchange rate of Pak Rupees per U.S. Dollar"
"Bank Floating Average Exchange Rates  (PKR per National Currency)","30-Apr-2025","TS_GP_ER_FAERPKR_M.E00220","22 Average Exchange rate of Pak Rupees per U.S. Dollar","281.6662931","PKR","Normal","","220","Average Exchange rate of Pak Rupees per U.S. Dollar"
"Bank Floating Average Exchange Rates  (PKR per National Currency)","31-Mar-2025","TS_GP_ER_FAERPKR_M.E00220","22 Average Exchange rate of Pak Rupees per U.S. Dollar","280.0836116","PKR","Normal","","220","Average Exchange rate of Pak Rupees per U.S. Dollar"
"Bank Floating Average Exchange Rates  (PKR per National Currency)","28-Feb-2025","TS_GP_ER_FAERPKR_M.E00220","22 Average Exchange rate of Pak Rupees per U.S. Dollar","279.304265","PKR","Normal","","220","Average Exchange rate of Pak Rupees per U.S. Dollar"
"Bank Floating Average Exchange Rates  (PKR per National Currency)","31-Jan-2025","TS_GP_ER_FAERPKR_M.E00220","22 Average Exchange rate of Pak Rupees per U.S. Dollar","278.6442633","PKR","Normal","","220","Average Exchange rate of Pak Rupees per U.S. Dollar"
"Bank Floating Average Exchange Rates  (PKR per National Currency)","31-Dec-2024","TS_GP_ER_FAERPKR_M.E00220","22 Average Exchange rate of Pak Rupees per U.S. Dollar","278.1203612","PKR","Normal","","220","Average Exchange rate of Pak Rupees per U.S. Dollar"
"Bank Floating Average Exchange Rates  (PKR per National Currency)","30-Nov-2024","TS_GP_ER_FAERPKR_M.E00220","22 Average Exchange rate of Pak Rupees per U.S. Dollar","277.8093268","PKR","Normal","","220","Average Exchange rate of Pak Rupees per U.S. Dollar"
"Bank Floating Average Exchange Rates  (PKR per National Currency)","31-Oct-2024","TS_GP_ER_FAERPKR_M.E00220","22 Average Exchange rate of Pak Rupees per U.S. Dollar","277.6704048","PKR","Normal","","220","Average Exchange rate of Pak Rupees per U.S. Dollar"
"Bank Floating Average Exchange Rates  (PKR per National Currency)","30-Sep-2024","TS_GP_ER_FAERPKR_M.E00220","22 Average Exchange rate of Pak Rupees per U.S. Dollar","278.2436207","PKR","Normal","","220","Average Exchange rate of Pak Rupees per U.S. Dollar"
"Bank Floating Average Exchange Rates  (PKR per National Currency)","31-Aug-2024","TS_GP_ER_FAERPKR_M.E00220","22 Average Exchange rate of Pak Rupees per U.S. Dollar","278.540312","PKR","Normal","","220","Average Exchange rate of Pak Rupees per U.S. Dollar"
"Bank Floating Average Exchange Rates  (PKR per National Currency)","31-Jul-2024","TS_GP_ER_FAERPKR_M.E00220","22 Average Exchange rate of Pak Rupees per U.S. Dollar","278.3912397","PKR","Normal","","220","Average Exchange rate of Pak Rupees per U.S. Dollar"
"Bank Floating Average Exchange Rates  (PKR per National Currency)","30-Jun-2024","TS_GP_ER_FAERPKR_M.E00220","22 Average Exchange rate of Pak Rupees per U.S. Dollar","278.4387221","PKR","Normal","","220","Average Exchange rate of Pak Rupees per U.S. Dollar"
"Bank Floating Average Exchange Rates  (PKR per National Currency)","31-May-2024","TS_GP_ER_FAERPKR_M.E00220","22 Average Exchange rate of Pak Rupees per U.S. Dollar","278.2500821","PKR","Normal","","220","Average Exchange rate of Pak Rupees per U.S. Dollar"
"Bank Floating Average Exchange Rates  (PKR per National Currency)","30-Apr-2024","TS_GP_ER_FAERPKR_M.E00220","22 Average Exchange rate of Pak Rupees per U.S. Dollar","278.1424501","PKR","Normal","","220","Average Exchange rate of Pak Rupees per U.S. Dollar"
"Bank Floating Average Exchange Rates  (PKR per National Currency)","31-Mar-2024","TS_GP_ER_FAERPKR_M.E00220","22 Average Exchange rate of Pak Rupees per U.S. Dollar","278.7049655","PKR","Normal","","220","Average Exchange rate of Pak Rupees per U.S. Dollar"
"Bank Floating Average Exchange Rates  (PKR per National Currency)","29-Feb-2024","TS_GP_ER_FAERPKR_M.E00220","22 Average Exchange rate of Pak Rupees per U.S. Dollar","279.1816697","PKR","Normal","","220","Average Exchange rate of Pak Rupees per U.S. Dollar"
"Bank Floating Average Exchange Rates  (PKR per National Currency)","31-Jan-2024","TS_GP_ER_FAERPKR_M.E00220","22 Average Exchange rate of Pak Rupees per U.S. Dollar","280.3206113","PKR","Normal","","220","Average Exchange rate of Pak Rupees per U.S. Dollar"
"Bank Floating Average Exchange Rates  (PKR per National Currency)","31-Dec-2023","TS_GP_ER_FAERPKR_M.E00220","22 Average Exchange rate of Pak Rupees per U.S. Dollar","283.2960707","PKR","Normal","","220","Average Exchange rate of Pak Rupees per U.S. Dollar"
"Bank Floating Average Exchange Rates  (PKR per National Currency)","30-Nov-2023","TS_GP_ER_FAERPKR_M.E00220","22 Average Exchange rate of Pak Rupees per U.S. Dollar","285.5207225","PKR","Normal","","220","Average Exchange rate of Pak Rupees per U.S. Dollar"
"Bank Floating Average Exchange Rates  (PKR per National Currency)","31-Oct-2023","TS_GP_ER_FAERPKR_M.E00220","22 Average Exchange rate of Pak Rupees per U.S. Dollar","280.3567571","PKR","Normal","","220","Average Exchange rate of Pak Rupees per U.S. Dollar"
"Bank Floating Average Exchange Rates  (PKR per National Currency)","30-Sep-2023","TS_GP_ER_FAERPKR_M.E00220","22 Average Exchange rate of Pak Rupees per U.S. Dollar","297.7541724","PKR","Normal","","220","Average Exchange rate of Pak Rupees per U.S. Dollar"
"Bank Floating Average Exchange Rates  (PKR per National Currency)","31-Aug-2023","TS_GP_ER_FAERPKR_M.E00220","22 Average Exchange rate of Pak Rupees per U.S. Dollar","293.8080564","PKR","Normal","","220","Average Exchange rate of Pak Rupees per U.S. Dollar"
"Bank Floating Average Exchange Rates  (PKR per National Currency)","31-Jul-2023","TS_GP_ER_FAERPKR_M.E00220","22 Average Exchange rate of Pak Rupees per U.S. Dollar","281.007205","PKR","Normal","","220","Average Exchange rate of Pak Rupees per U.S. Dollar"
"Bank Floating Average Exchange Rates  (PKR per National Currency)","30-Jun-2023","TS_GP_ER_FAERPKR_M.E00220","22 Average Exchange rate of Pak Rupees per U.S. Dollar","286.5840653","PKR","Normal","","220","Average Exchange rate of Pak Rupees per U.S. Dollar"
"Bank Floating Average Exchange Rates  (PKR per National Currency)","31-May-2023","TS_GP_ER_FAERPKR_M.E00220","22 Average Exchange rate of Pak Rupees per U.S. Dollar","285.4859718","PKR","Normal","","220","Average Exchange rate of Pak Rupees per U.S. Dollar"
"Bank Floating Average Exchange Rates  (PKR per National Currency)","30-Apr-2023","TS_GP_ER_FAERPKR_M.E00220","22 Average Exchange rate of Pak Rupees per U.S. Dollar","284.9456592","PKR","Normal","","220","Average Exchange rate of Pak Rupees per U.S. Dollar"
"Bank Floating Average Exchange Rates  (PKR per National Currency)","31-Mar-2023","TS_GP_ER_FAERPKR_M.E00220","22 Average Exchange rate of Pak Rupees per U.S. Dollar","280.2024795","PKR","Normal","","220","Average Exchange rate of Pak Rupees per U.S. Dollar"
"Bank Floating Average Exchange Rates  (PKR per National Currency)","28-Feb-2023","TS_GP_ER_FAERPKR_M.E00220","22 Average Exchange rate of Pak Rupees per U.S. Dollar","266.6764367","PKR","Normal","","220","Average Exchange rate of Pak Rupees per U.S. Dollar"
"Bank Floating Average Exchange Rates  (PKR per National Currency)","31-Jan-2023","TS_GP_ER_FAERPKR_M.E00220","22 Average Exchange rate of Pak Rupees per U.S. Dollar","234.1359524","PKR","Normal","","220","Average Exchange rate of Pak Rupees per U.S. Dollar"
"Bank Floating Average Exchange Rates  (PKR per National Currency)","31-Dec-2022","TS_GP_ER_FAERPKR_M.E00220","22 Average Exchange rate of Pak Rupees per U.S. Dollar","224.762406","PKR","Normal","","220","Average Exchange rate of Pak Rupees per U.S. Dollar"
"Bank Floating Average Exchange Rates  (PKR per National Currency)","30-Nov-2022","TS_GP_ER_FAERPKR_M.E00220","22 Average Exchange rate of Pak Rupees per U.S. Dollar","222.3104544","PKR","Normal","","220","Average Exchange rate of Pak Rupees per U.S. Dollar"
"Bank Floating Average Exchange Rates  (PKR per National Currency)","31-Oct-2022","TS_GP_ER_FAERPKR_M.E00220","22 Average Exchange rate of Pak Rupees per U.S. Dollar","220.57243","PKR","Normal","","220","Average Exchange rate of Pak Rupees per U.S. Dollar"
"Bank Floating Average Exchange Rates  (PKR per National Currency)","30-Sep-2022","TS_GP_ER_FAERPKR_M.E00220","22 Average Exchange rate of Pak Rupees per U.S. Dollar","230.4658621","PKR","Normal","","220","Average Exchange rate of Pak Rupees per U.S. Dollar"
"Bank Floating Average Exchange Rates  (PKR per National Currency)","31-Aug-2022","TS_GP_ER_FAERPKR_M.E00220","22 Average Exchange rate of Pak Rupees per U.S. Dollar","220.886305","PKR","Normal","","220","Average Exchange rate of Pak Rupees per U.S. Dollar"
"Bank Floating Average Exchange Rates  (PKR per National Currency)","31-Jul-2022","TS_GP_ER_FAERPKR_M.E00220","22 Average Exchange rate of Pak Rupees per U.S. Dollar","219.437089","PKR","Normal","","220","Average Exchange rate of Pak Rupees per U.S. Dollar"
"Bank Floating Average Exchange Rates  (PKR per National Currency)","30-Jun-2022","TS_GP_ER_FAERPKR_M.E00220","22 Average Exchange rate of Pak Rupees per U.S. Dollar","204.367422","PKR","Normal","","220","Average Exchange rate of Pak Rupees per U.S. Dollar"
"Bank Floating Average Exchange Rates  (PKR per National Currency)","31-May-2022","TS_GP_ER_FAERPKR_M.E00220","22 Average Exchange rate of Pak Rupees per U.S. Dollar","195.500402","PKR","Normal","","220","Average Exchange rate of Pak Rupees per U.S. Dollar"
"Bank Floating Average Exchange Rates  (PKR per National Currency)","30-Apr-2022","TS_GP_ER_FAERPKR_M.E00220","22 Average Exchange rate of Pak Rupees per U.S. Dollar","184.481334","PKR","Normal","","220","Average Exchange rate of Pak Rupees per U.S. Dollar"
"Bank Floating Average Exchange Rates  (PKR per National Currency)","31-Mar-2022","TS_GP_ER_FAERPKR_M.E00220","22 Average Exchange rate of Pak Rupees per U.S. Dollar","179.617273","PKR","Normal","","220","Average Exchange rate of Pak Rupees per U.S. Dollar"
"Bank Floating Average Exchange Rates  (PKR per National Currency)","28-Feb-2022","TS_GP_ER_FAERPKR_M.E00220","22 Average Exchange rate of Pak Rupees per U.S. Dollar","175.482276","PKR","Normal","","220","Average Exchange rate of Pak Rupees per U.S. Dollar"
"Bank Floating Average Exchange Rates  (PKR per National Currency)","31-Jan-2022","TS_GP_ER_FAERPKR_M.E00220","22 Average Exchange rate of Pak Rupees per U.S. Dollar","176.310845","PKR","Normal","","220","Average Exchange rate of Pak Rupees per U.S. Dollar"
"Bank Floating Average Exchange Rates  (PKR per National Currency)","31-Dec-2021","TS_GP_ER_FAERPKR_M.E00220","22 Average Exchange rate of Pak Rupees per U.S. Dollar","177.176357","PKR","Normal","","220","Average Exchange rate of Pak Rupees per U.S. Dollar"
"Bank Floating Average Exchange Rates  (PKR per National Currency)","30-Nov-2021","TS_GP_ER_FAERPKR_M.E00220","22 Average Exchange rate of Pak Rupees per U.S. Dollar","173.025502","PKR","Normal","","220","Average Exchange rate of Pak Rupees per U.S. Dollar"
"Bank Floating Average Exchange Rates  (PKR per National Currency)","31-Oct-2021","TS_GP_ER_FAERPKR_M.E00220","22 Average Exchange rate of Pak Rupees per U.S. Dollar","171.694793","PKR","Normal","","220","Average Exchange rate of Pak Rupees per U.S. Dollar"
"Bank Floating Average Exchange Rates  (PKR per National Currency)","30-Sep-2021","TS_GP_ER_FAERPKR_M.E00220","22 Average Exchange rate of Pak Rupees per U.S. Dollar","168.05674","PKR","Normal","","220","Average Exchange rate of Pak Rupees per U.S. Dollar"
"Bank Floating Average Exchange Rates  (PKR per National Currency)","31-Aug-2021","TS_GP_ER_FAERPKR_M.E00220","22 Average Exchange rate of Pak Rupees per U.S. Dollar","164.099741","PKR","Normal","","220","Average Exchange rate of Pak Rupees per U.S. Dollar"
"Bank Floating Average Exchange Rates  (PKR per National Currency)","31-Jul-2021","TS_GP_ER_FAERPKR_M.E00220","22 Average Exchange rate of Pak Rupees per U.S. Dollar","159.601571","PKR","Normal","","220","Average Exchange rate of Pak Rupees per U.S. Dollar"
"Bank Floating Average Exchange Rates  (PKR per National Currency)","30-Jun-2021","TS_GP_ER_FAERPKR_M.E00220","22 Average Exchange rate of Pak Rupees per U.S. Dollar","156.163793","PKR","Normal","","220","Average Exchange rate of Pak Rupees per U.S. Dollar"
"Bank Floating Average Exchange Rates  (PKR per National Currency)","31-May-2021","TS_GP_ER_FAERPKR_M.E00220","22 Average Exchange rate of Pak Rupees per U.S. Dollar","153.29278","PKR","Normal","","220","Average Exchange rate of Pak Rupees per U.S. Dollar"
"Bank Floating Average Exchange Rates  (PKR per National Currency)","30-Apr-2021","TS_GP_ER_FAERPKR_M.E00220","22 Average Exchange rate of Pak Rupees per U.S. Dollar","153.076852","PKR","Normal","","220","Average Exchange rate of Pak Rupees per U.S. Dollar"
"Bank Floating Average Exchange Rates  (PKR per National Currency)","31-Mar-2021","TS_GP_ER_FAERPKR_M.E00220","22 Average Exchange rate of Pak Rupees per U.S. Dollar","156.029765","PKR","Normal","","220","Average Exchange rate of Pak Rupees per U.S. Dollar"
"Bank Floating Average Exchange Rates  (PKR per National Currency)","28-Feb-2021","TS_GP_ER_FAERPKR_M.E00220","22 Average Exchange rate of Pak Rupees per U.S. Dollar","159.131343","PKR","Normal","","220","Average Exchange rate of Pak Rupees per U.S. Dollar"
"Bank Floating Average Exchange Rates  (PKR per National Currency)","31-Jan-2021","TS_GP_ER_FAERPKR_M.E00220","22 Average Exchange rate of Pak Rupees per U.S. Dollar","160.153552","PKR","Normal","","220","Average Exchange rate of Pak Rupees per U.S. Dollar"
"Bank Floating Average Exchange Rates  (PKR per National Currency)","31-Dec-2020","TS_GP_ER_FAERPKR_M.E00220","22 Average Exchange rate of Pak Rupees per U.S. Dollar","160.079514","PKR","Normal","","220","Average Exchange rate of Pak Rupees per U.S. Dollar"
"Bank Floating Average Exchange Rates  (PKR per National Currency)","30-Nov-2020","TS_GP_ER_FAERPKR_M.E00220","22 Average Exchange rate of Pak Rupees per U.S. Dollar","159.21225","PKR","Normal","","220","Average Exchange rate of Pak Rupees per U.S. Dollar"
"Bank Floating Average Exchange Rates  (PKR per National Currency)","31-Oct-2020","TS_GP_ER_FAERPKR_M.E00220","22 Average Exchange rate of Pak Rupees per U.S. Dollar","162.799992","PKR","Normal","","220","Average Exchange rate of Pak Rupees per U.S. Dollar"
"Bank Floating Average Exchange Rates  (PKR per National Currency)","30-Sep-2020","TS_GP_ER_FAERPKR_M.E00220","22 Average Exchange rate of Pak Rupees per U.S. Dollar","165.854091","PKR","Normal","","220","Average Exchange rate of Pak Rupees per U.S. Dollar"
"Bank Floating Average Exchange Rates  (PKR per National Currency)","31-Aug-2020","TS_GP_ER_FAERPKR_M.E00220","22 Average Exchange rate of Pak Rupees per U.S. Dollar","167.706397","PKR","Normal","","220","Average Exchange rate of Pak Rupees per U.S. Dollar"
"Bank Floating Average Exchange Rates  (PKR per National Currency)","31-Jul-2020","TS_GP_ER_FAERPKR_M.E00220","22 Average Exchange rate of Pak Rupees per U.S. Dollar","166.762519","PKR","Normal","","220","Average Exchange rate of Pak Rupees per U.S. Dollar"
"Bank Floating Average Exchange Rates  (PKR per National Currency)","30-Jun-2020","TS_GP_ER_FAERPKR_M.E00220","22 Average Exchange rate of Pak Rupees per U.S. Dollar","165.103864","PKR","Normal","","220","Average Exchange rate of Pak Rupees per U.S. Dollar"
"Bank Floating Average Exchange Rates  (PKR per National Currency)","31-May-2020","TS_GP_ER_FAERPKR_M.E00220","22 Average Exchange rate of Pak Rupees per U.S. Dollar","160.076694","PKR","Normal","","220","Average Exchange rate of Pak Rupees per U.S. Dollar"
"Bank Floating Average Exchange Rates  (PKR per National Currency)","30-Apr-2020","TS_GP_ER_FAERPKR_M.E00220","22 Average Exchange rate of Pak Rupees per U.S. Dollar","164.437274","PKR","Normal","","220","Average Exchange rate of Pak Rupees per U.S. Dollar"
"Bank Floating Average Exchange Rates  (PKR per National Currency)","31-Mar-2020","TS_GP_ER_FAERPKR_M.E00220","22 Average Exchange rate of Pak Rupees per U.S. Dollar","158.44718","PKR","Normal","","220","Average Exchange rate of Pak Rupees per U.S. Dollar"
"Bank Floating Average Exchange Rates  (PKR per National Currency)","29-Feb-2020","TS_GP_ER_FAERPKR_M.E00220","22 Average Exchange rate of Pak Rupees per U.S. Dollar","154.263358","PKR","Normal","","220","Average Exchange rate of Pak Rupees per U.S. Dollar"
"Bank Floating Average Exchange Rates  (PKR per National Currency)","31-Jan-2020","TS_GP_ER_FAERPKR_M.E00220","22 Average Exchange rate of Pak Rupees per U.S. Dollar","154.656144","PKR","Normal","","220","Average Exchange rate of Pak Rupees per U.S. Dollar"
"Bank Floating Average Exchange Rates  (PKR per National Currency)","31-Dec-2019","TS_GP_ER_FAERPKR_M.E00220","22 Average Exchange rate of Pak Rupees per U.S. Dollar","154.920011","PKR","Normal","","220","Average Exchange rate of Pak Rupees per U.S. Dollar"
"Bank Floating Average Exchange Rates  (PKR per National Currency)","30-Nov-2019","TS_GP_ER_FAERPKR_M.E00220","22 Average Exchange rate of Pak Rupees per U.S. Dollar","155.367457","PKR","Normal","","220","Average Exchange rate of Pak Rupees per U.S. Dollar"
"Bank Floating Average Exchange Rates  (PKR per National Currency)","31-Oct-2019","TS_GP_ER_FAERPKR_M.E00220","22 Average Exchange rate of Pak Rupees per U.S. Dollar","155.949085","PKR","Normal","","220","Average Exchange rate of Pak Rupees per U.S. Dollar"
"Bank Floating Average Exchange Rates  (PKR per National Currency)","30-Sep-2019","TS_GP_ER_FAERPKR_M.E00220","22 Average Exchange rate of Pak Rupees per U.S. Dollar","156.176407","PKR","Normal","","220","Average Exchange rate of Pak Rupees per U.S. Dollar"
"Bank Floating Average Exchange Rates  (PKR per National Currency)","31-Aug-2019","TS_GP_ER_FAERPKR_M.E00220","22 Average Exchange rate of Pak Rupees per U.S. Dollar","158.077024","PKR","Normal","","220","Average Exchange rate of Pak Rupees per U.S. Dollar"
"Bank Floating Average Exchange Rates  (PKR per National Currency)","31-Jul-2019","TS_GP_ER_FAERPKR_M.E00220","22 Average Exchange rate of Pak Rupees per U.S. Dollar","158.829694","PKR","Normal","","220","Average Exchange rate of Pak Rupees per U.S. Dollar"
"Bank Floating Average Exchange Rates  (PKR per National Currency)","30-Jun-2019","TS_GP_ER_FAERPKR_M.E00220","22 Average Exchange rate of Pak Rupees per U.S. Dollar","155.249095","PKR","Normal","","220","Average Exchange rate of Pak Rupees per U.S. Dollar"
"Bank Floating Average Exchange Rates  (PKR per National Currency)","31-May-2019","TS_GP_ER_FAERPKR_M.E00220","22 Average Exchange rate of Pak Rupees per U.S. Dollar","145.69225","PKR","Normal","","220","Average Exchange rate of Pak Rupees per U.S. Dollar"
"Bank Floating Average Exchange Rates  (PKR per National Currency)","30-Apr-2019","TS_GP_ER_FAERPKR_M.E00220","22 Average Exchange rate of Pak Rupees per U.S. Dollar","141.164561","PKR","Normal","","220","Average Exchange rate of Pak Rupees per U.S. Dollar"
"Bank Floating Average Exchange Rates  (PKR per National Currency)","31-Mar-2019","TS_GP_ER_FAERPKR_M.E00220","22 Average Exchange rate of Pak Rupees per U.S. Dollar","139.166346","PKR","Normal","","220","Average Exchange rate of Pak Rupees per U.S. Dollar"
"Bank Floating Average Exchange Rates  (PKR per National Currency)","28-Feb-2019","TS_GP_ER_FAERPKR_M.E00220","22 Average Exchange rate of Pak Rupees per U.S. Dollar","138.530726","PKR","Normal","","220","Average Exchange rate of Pak Rupees per U.S. Dollar"
"Bank Floating Average Exchange Rates  (PKR per National Currency)","31-Jan-2019","TS_GP_ER_FAERPKR_M.E00220","22 Average Exchange rate of Pak Rupees per U.S. Dollar","138.695078","PKR","Normal","","220","Average Exchange rate of Pak Rupees per U.S. Dollar"
"Bank Floating Average Exchange Rates  (PKR per National Currency)","31-Dec-2018","TS_GP_ER_FAERPKR_M.E00220","22 Average Exchange rate of Pak Rupees per U.S. Dollar","138.471259","PKR","Normal","","220","Average Exchange rate of Pak Rupees per U.S. Dollar"
"Bank Floating Average Exchange Rates  (PKR per National Currency)","30-Nov-2018","TS_GP_ER_FAERPKR_M.E00220","22 Average Exchange rate of Pak Rupees per U.S. Dollar","133.504122","PKR","Normal","","220","Average Exchange rate of Pak Rupees per U.S. Dollar"
"Bank Floating Average Exchange Rates  (PKR per National Currency)","31-Oct-2018","TS_GP_ER_FAERPKR_M.E00220","22 Average Exchange rate of Pak Rupees per U.S. Dollar","130.383058","PKR","Normal","","220","Average Exchange rate of Pak Rupees per U.S. Dollar"
"Bank Floating Average Exchange Rates  (PKR per National Currency)","30-Sep-2018","TS_GP_ER_FAERPKR_M.E00220","22 Average Exchange rate of Pak Rupees per U.S. Dollar","124.081628","PKR","Normal","","220","Average Exchange rate of Pak Rupees per U.S. Dollar"
"Bank Floating Average Exchange Rates  (PKR per National Currency)","31-Aug-2018","TS_GP_ER_FAERPKR_M.E00220","22 Average Exchange rate of Pak Rupees per U.S. Dollar","123.789583","PKR","Normal","","220","Average Exchange rate of Pak Rupees per U.S. Dollar"
"Bank Floating Average Exchange Rates  (PKR per National Currency)","31-Jul-2018","TS_GP_ER_FAERPKR_M.E00220","22 Average Exchange rate of Pak Rupees per U.S. Dollar","124.353414","PKR","Normal","","220","Average Exchange rate of Pak Rupees per U.S. Dollar"
"Bank Floating Average Exchange Rates  (PKR per National Currency)","30-Jun-2018","TS_GP_ER_FAERPKR_M.E00220","22 Average Exchange rate of Pak Rupees per U.S. Dollar","118.905517","PKR","Normal","","220","Average Exchange rate of Pak Rupees per U.S. Dollar"
"Bank Floating Average Exchange Rates  (PKR per National Currency)","31-May-2018","TS_GP_ER_FAERPKR_M.E00220","22 Average Exchange rate of Pak Rupees per U.S. Dollar","115.44688","PKR","Normal","","220","Average Exchange rate of Pak Rupees per U.S. Dollar"
"Bank Floating Average Exchange Rates  (PKR per National Currency)","30-Apr-2018","TS_GP_ER_FAERPKR_M.E00220","22 Average Exchange rate of Pak Rupees per U.S. Dollar","115.421634","PKR","Normal","","220","Average Exchange rate of Pak Rupees per U.S. Dollar"
"Bank Floating Average Exchange Rates  (PKR per National Currency)","31-Mar-2018","TS_GP_ER_FAERPKR_M.E00220","22 Average Exchange rate of Pak Rupees per U.S. Dollar","112.068851","PKR","Normal","","220","Average Exchange rate of Pak Rupees per U.S. Dollar"
"Bank Floating Average Exchange Rates  (PKR per National Currency)","28-Feb-2018","TS_GP_ER_FAERPKR_M.E00220","22 Average Exchange rate of Pak Rupees per U.S. Dollar","110.434192","PKR","Normal","","220","Average Exchange rate of Pak Rupees per U.S. Dollar"
"Bank Floating Average Exchange Rates  (PKR per National Currency)","31-Jan-2018","TS_GP_ER_FAERPKR_M.E00220","22 Average Exchange rate of Pak Rupees per U.S. Dollar","110.403041","PKR","Normal","","220","Average Exchange rate of Pak Rupees per U.S. Dollar"
"Bank Floating Average Exchange Rates  (PKR per National Currency)","31-Dec-2017","TS_GP_ER_FAERPKR_M.E00220","22 Average Exchange rate of Pak Rupees per U.S. Dollar","108.697368","PKR","Normal","","220","Average Exchange rate of Pak Rupees per U.S. Dollar"
"Bank Floating Average Exchange Rates  (PKR per National Currency)","30-Nov-2017","TS_GP_ER_FAERPKR_M.E00220","22 Average Exchange rate of Pak Rupees per U.S. Dollar","105.362649","PKR","Normal","","220","Average Exchange rate of Pak Rupees per U.S. Dollar"
"Bank Floating Average Exchange Rates  (PKR per National Currency)","31-Oct-2017","TS_GP_ER_FAERPKR_M.E00220","22 Average Exchange rate of Pak Rupees per U.S. Dollar","105.33906","PKR","Normal","","220","Average Exchange rate of Pak Rupees per U.S. Dollar"
"Bank Floating Average Exchange Rates  (PKR per National Currency)","30-Sep-2017","TS_GP_ER_FAERPKR_M.E00220","22 Average Exchange rate of Pak Rupees per U.S. Dollar","105.32069","PKR","Normal","","220","Average Exchange rate of Pak Rupees per U.S. Dollar"
"Bank Floating Average Exchange Rates  (PKR per National Currency)","31-Aug-2017","TS_GP_ER_FAERPKR_M.E00220","22 Average Exchange rate of Pak Rupees per U.S. Dollar","105.307931","PKR","Normal","","220","Average Exchange rate of Pak Rupees per U.S. Dollar"
"Bank Floating Average Exchange Rates  (PKR per National Currency)","31-Jul-2017","TS_GP_ER_FAERPKR_M.E00220","22 Average Exchange rate of Pak Rupees per U.S. Dollar","105.424984","PKR","Normal","","220","Average Exchange rate of Pak Rupees per U.S. Dollar"
"Bank Floating Average Exchange Rates  (PKR per National Currency)","30-Jun-2017","TS_GP_ER_FAERPKR_M.E00220","22 Average Exchange rate of Pak Rupees per U.S. Dollar","104.770211","PKR","Normal","","220","Average Exchange rate of Pak Rupees per U.S. Dollar"
"Bank Floating Average Exchange Rates  (PKR per National Currency)","31-May-2017","TS_GP_ER_FAERPKR_M.E00220","22 Average Exchange rate of Pak Rupees per U.S. Dollar","104.738087","PKR","Normal","","220","Average Exchange rate of Pak Rupees per U.S. Dollar"
"Bank Floating Average Exchange Rates  (PKR per National Currency)","30-Apr-2017","TS_GP_ER_FAERPKR_M.E00220","22 Average Exchange rate of Pak Rupees per U.S. Dollar","104.7474","PKR","Normal","","220","Average Exchange rate of Pak Rupees per U.S. Dollar"
"Bank Floating Average Exchange Rates  (PKR per National Currency)","31-Mar-2017","TS_GP_ER_FAERPKR_M.E00220","22 Average Exchange rate of Pak Rupees per U.S. Dollar","104.741682","PKR","Normal","","220","Average Exchange rate of Pak Rupees per U.S. Dollar"
"Bank Floating Average Exchange Rates  (PKR per National Currency)","28-Feb-2017","TS_GP_ER_FAERPKR_M.E00220","22 Average Exchange rate of Pak Rupees per U.S. Dollar","104.720417","PKR","Normal","","220","Average Exchange rate of Pak Rupees per U.S. Dollar"
"Bank Floating Average Exchange Rates  (PKR per National Currency)","31-Jan-2017","TS_GP_ER_FAERPKR_M.E00220","22 Average Exchange rate of Pak Rupees per U.S. Dollar","104.730126","PKR","Normal","","220","Average Exchange rate of Pak Rupees per U.S. Dollar"
"Bank Floating Average Exchange Rates  (PKR per National Currency)","31-Dec-2016","TS_GP_ER_FAERPKR_M.E00220","22 Average Exchange rate of Pak Rupees per U.S. Dollar","104.72481","PKR","Normal","","220","Average Exchange rate of Pak Rupees per U.S. Dollar"
"Bank Floating Average Exchange Rates  (PKR per National Currency)","30-Nov-2016","TS_GP_ER_FAERPKR_M.E00220","22 Average Exchange rate of Pak Rupees per U.S. Dollar","104.693531","PKR","Normal","","220","Average Exchange rate of Pak Rupees per U.S. Dollar"
"Bank Floating Average Exchange Rates  (PKR per National Currency)","31-Oct-2016","TS_GP_ER_FAERPKR_M.E00220","22 Average Exchange rate of Pak Rupees per U.S. Dollar","104.598489","PKR","Normal","","220","Average Exchange rate of Pak Rupees per U.S. Dollar"
"Bank Floating Average Exchange Rates  (PKR per National Currency)","30-Sep-2016","TS_GP_ER_FAERPKR_M.E00220","22 Average Exchange rate of Pak Rupees per U.S. Dollar","104.539576","PKR","Normal","","220","Average Exchange rate of Pak Rupees per U.S. Dollar"
"Bank Floating Average Exchange Rates  (PKR per National Currency)","31-Aug-2016","TS_GP_ER_FAERPKR_M.E00220","22 Average Exchange rate of Pak Rupees per U.S. Dollar","104.622119","PKR","Normal","","220","Average Exchange rate of Pak Rupees per U.S. Dollar"
"Bank Floating Average Exchange Rates  (PKR per National Currency)","31-Jul-2016","TS_GP_ER_FAERPKR_M.E00220","22 Average Exchange rate of Pak Rupees per U.S. Dollar","104.73875","PKR","Normal","","220","Average Exchange rate of Pak Rupees per U.S. Dollar"
"Bank Floating Average Exchange Rates  (PKR per National Currency)","30-Jun-2016","TS_GP_ER_FAERPKR_M.E00220","22 Average Exchange rate of Pak Rupees per U.S. Dollar","104.586375","PKR","Normal","","220","Average Exchange rate of Pak Rupees per U.S. Dollar"
"Bank Floating Average Exchange Rates  (PKR per National Currency)","31-May-2016","TS_GP_ER_FAERPKR_M.E00220","22 Average Exchange rate of Pak Rupees per U.S. Dollar","104.678739","PKR","Normal","","220","Average Exchange rate of Pak Rupees per U.S. Dollar"
"Bank Floating Average Exchange Rates  (PKR per National Currency)","30-Apr-2016","TS_GP_ER_FAERPKR_M.E00220","22 Average Exchange rate of Pak Rupees per U.S. Dollar","104.673794","PKR","Normal","","220","Average Exchange rate of Pak Rupees per U.S. Dollar"
"Bank Floating Average Exchange Rates  (PKR per National Currency)","31-Mar-2016","TS_GP_ER_FAERPKR_M.E00220","22 Average Exchange rate of Pak Rupees per U.S. Dollar","104.647001","PKR","Normal","","220","Average Exchange rate of Pak Rupees per U.S. Dollar"
"Bank Floating Average Exchange Rates  (PKR per National Currency)","29-Feb-2016","TS_GP_ER_FAERPKR_M.E00220","22 Average Exchange rate of Pak Rupees per U.S. Dollar","104.623177","PKR","Normal","","220","Average Exchange rate of Pak Rupees per U.S. Dollar"
"Bank Floating Average Exchange Rates  (PKR per National Currency)","31-Jan-2016","TS_GP_ER_FAERPKR_M.E00220","22 Average Exchange rate of Pak Rupees per U.S. Dollar","104.838848","PKR","Normal","","220","Average Exchange rate of Pak Rupees per U.S. Dollar"
"Bank Floating Average Exchange Rates  (PKR per National Currency)","31-Dec-2015","TS_GP_ER_FAERPKR_M.E00220","22 Average Exchange rate of Pak Rupees per U.S. Dollar","104.657841","PKR","Normal","","220","Average Exchange rate of Pak Rupees per U.S. Dollar"
"Bank Floating Average Exchange Rates  (PKR per National Currency)","30-Nov-2015","TS_GP_ER_FAERPKR_M.E00220","22 Average Exchange rate of Pak Rupees per U.S. Dollar","105.372587","PKR","Normal","","220","Average Exchange rate of Pak Rupees per U.S. Dollar"
"Bank Floating Average Exchange Rates  (PKR per National Currency)","31-Oct-2015","TS_GP_ER_FAERPKR_M.E00220","22 Average Exchange rate of Pak Rupees per U.S. Dollar","104.480661","PKR","Normal","","220","Average Exchange rate of Pak Rupees per U.S. Dollar"
"Bank Floating Average Exchange Rates  (PKR per National Currency)","30-Sep-2015","TS_GP_ER_FAERPKR_M.E00220","22 Average Exchange rate of Pak Rupees per U.S. Dollar","104.206806","PKR","Normal","","220","Average Exchange rate of Pak Rupees per U.S. Dollar"
"Bank Floating Average Exchange Rates  (PKR per National Currency)","31-Aug-2015","TS_GP_ER_FAERPKR_M.E00220","22 Average Exchange rate of Pak Rupees per U.S. Dollar","102.336099","PKR","Normal","","220","Average Exchange rate of Pak Rupees per U.S. Dollar"
"Bank Floating Average Exchange Rates  (PKR per National Currency)","31-Jul-2015","TS_GP_ER_FAERPKR_M.E00220","22 Average Exchange rate of Pak Rupees per U.S. Dollar","101.719449","PKR","Normal","","220","Average Exchange rate of Pak Rupees per U.S. Dollar"
"Bank Floating Average Exchange Rates  (PKR per National Currency)","30-Jun-2015","TS_GP_ER_FAERPKR_M.E00220","22 Average Exchange rate of Pak Rupees per U.S. Dollar","101.77253","PKR","Normal","","220","Average Exchange rate of Pak Rupees per U.S. Dollar"
"Bank Floating Average Exchange Rates  (PKR per National Currency)","31-May-2015","TS_GP_ER_FAERPKR_M.E00220","22 Average Exchange rate of Pak Rupees per U.S. Dollar","101.804258","PKR","Normal","","220","Average Exchange rate of Pak Rupees per U.S. Dollar"
"Bank Floating Average Exchange Rates  (PKR per National Currency)","30-Apr-2015","TS_GP_ER_FAERPKR_M.E00220","22 Average Exchange rate of Pak Rupees per U.S. Dollar","101.700434","PKR","Normal","","220","Average Exchange rate of Pak Rupees per U.S. Dollar"
"Bank Floating Average Exchange Rates  (PKR per National Currency)","31-Mar-2015","TS_GP_ER_FAERPKR_M.E00220","22 Average Exchange rate of Pak Rupees per U.S. Dollar","101.759752","PKR","Normal","","220","Average Exchange rate of Pak Rupees per U.S. Dollar"
"Bank Floating Average Exchange Rates  (PKR per National Currency)","28-Feb-2015","TS_GP_ER_FAERPKR_M.E00220","22 Average Exchange rate of Pak Rupees per U.S. Dollar","101.365126","PKR","Normal","","220","Average Exchange rate of Pak Rupees per U.S. Dollar"
"Bank Floating Average Exchange Rates  (PKR per National Currency)","31-Jan-2015","TS_GP_ER_FAERPKR_M.E00220","22 Average Exchange rate of Pak Rupees per U.S. Dollar","100.683449","PKR","Normal","","220","Average Exchange rate of Pak Rupees per U.S. Dollar"
"Bank Floating Average Exchange Rates  (PKR per National Currency)","31-Dec-2014","TS_GP_ER_FAERPKR_M.E00220","22 Average Exchange rate of Pak Rupees per U.S. Dollar","100.823395","PKR","Normal","","220","Average Exchange rate of Pak Rupees per U.S. Dollar"
"Bank Floating Average Exchange Rates  (PKR per National Currency)","30-Nov-2014","TS_GP_ER_FAERPKR_M.E00220","22 Average Exchange rate of Pak Rupees per U.S. Dollar","101.787426","PKR","Normal","","220","Average Exchange rate of Pak Rupees per U.S. Dollar"
"Bank Floating Average Exchange Rates  (PKR per National Currency)","31-Oct-2014","TS_GP_ER_FAERPKR_M.E00220","22 Average Exchange rate of Pak Rupees per U.S. Dollar","102.753697","PKR","Normal","","220","Average Exchange rate of Pak Rupees per U.S. Dollar"
"Bank Floating Average Exchange Rates  (PKR per National Currency)","30-Sep-2014","TS_GP_ER_FAERPKR_M.E00220","22 Average Exchange rate of Pak Rupees per U.S. Dollar","102.342495","PKR","Normal","","220","Average Exchange rate of Pak Rupees per U.S. Dollar"
"Bank Floating Average Exchange Rates  (PKR per National Currency)","31-Aug-2014","TS_GP_ER_FAERPKR_M.E00220","22 Average Exchange rate of Pak Rupees per U.S. Dollar","100.089726","PKR","Normal","","220","Average Exchange rate of Pak Rupees per U.S. Dollar"
"Bank Floating Average Exchange Rates  (PKR per National Currency)","31-Jul-2014","TS_GP_ER_FAERPKR_M.E00220","22 Average Exchange rate of Pak Rupees per U.S. Dollar","98.654342","PKR","Normal","","220","Average Exchange rate of Pak Rupees per U.S. Dollar"
"Bank Floating Average Exchange Rates  (PKR per National Currency)","30-Jun-2014","TS_GP_ER_FAERPKR_M.E00220","22 Average Exchange rate of Pak Rupees per U.S. Dollar","98.467899","PKR","Normal","","220","Average Exchange rate of Pak Rupees per U.S. Dollar"
"Bank Floating Average Exchange Rates  (PKR per National Currency)","31-May-2014","TS_GP_ER_FAERPKR_M.E00220","22 Average Exchange rate of Pak Rupees per U.S. Dollar","98.594713","PKR","Normal","","220","Average Exchange rate of Pak Rupees per U.S. Dollar"
"Bank Floating Average Exchange Rates  (PKR per National Currency)","30-Apr-2014","TS_GP_ER_FAERPKR_M.E00220","22 Average Exchange rate of Pak Rupees per U.S. Dollar","97.492761","PKR","Normal","","220","Average Exchange rate of Pak Rupees per U.S. Dollar"
"Bank Floating Average Exchange Rates  (PKR per National Currency)","31-Mar-2014","TS_GP_ER_FAERPKR_M.E00220","22 Average Exchange rate of Pak Rupees per U.S. Dollar","99.977739","PKR","Normal","","220","Average Exchange rate of Pak Rupees per U.S. Dollar"
"Bank Floating Average Exchange Rates  (PKR per National Currency)","28-Feb-2014","TS_GP_ER_FAERPKR_M.E00220","22 Average Exchange rate of Pak Rupees per U.S. Dollar","105.060519","PKR","Normal","","220","Average Exchange rate of Pak Rupees per U.S. Dollar"
"Bank Floating Average Exchange Rates  (PKR per National Currency)","31-Jan-2014","TS_GP_ER_FAERPKR_M.E00220","22 Average Exchange rate of Pak Rupees per U.S. Dollar","105.385735","PKR","Normal","","220","Average Exchange rate of Pak Rupees per U.S. Dollar"
"Bank Floating Average Exchange Rates  (PKR per National Currency)","31-Dec-2013","TS_GP_ER_FAERPKR_M.E00220","22 Average Exchange rate of Pak Rupees per U.S. Dollar","106.970956","PKR","Normal","","220","Average Exchange rate of Pak Rupees per U.S. Dollar"
"Bank Floating Average Exchange Rates  (PKR per National Currency)","30-Nov-2013","TS_GP_ER_FAERPKR_M.E00220","22 Average Exchange rate of Pak Rupees per U.S. Dollar","107.505379","PKR","Normal","","220","Average Exchange rate of Pak Rupees per U.S. Dollar"
"Bank Floating Average Exchange Rates  (PKR per National Currency)","31-Oct-2013","TS_GP_ER_FAERPKR_M.E00220","22 Average Exchange rate of Pak Rupees per U.S. Dollar","106.196588","PKR","Normal","","220","Average Exchange rate of Pak Rupees per U.S. Dollar"
"Bank Floating Average Exchange Rates  (PKR per National Currency)","30-Sep-2013","TS_GP_ER_FAERPKR_M.E00220","22 Average Exchange rate of Pak Rupees per U.S. Dollar","105.248845","PKR","Normal","","220","Average Exchange rate of Pak Rupees per U.S. Dollar"
"Bank Floating Average Exchange Rates  (PKR per National Currency)","31-Aug-2013","TS_GP_ER_FAERPKR_M.E00220","22 Average Exchange rate of Pak Rupees per U.S. Dollar","102.933057","PKR","Normal","","220","Average Exchange rate of Pak Rupees per U.S. Dollar"
"Bank Floating Average Exchange Rates  (PKR per National Currency)","31-Jul-2013","TS_GP_ER_FAERPKR_M.E00220","22 Average Exchange rate of Pak Rupees per U.S. Dollar","100.475364","PKR","Normal","","220","Average Exchange rate of Pak Rupees per U.S. Dollar"
"Bank Floating Average Exchange Rates  (PKR per National Currency)","30-Jun-2013","TS_GP_ER_FAERPKR_M.E00220","22 Average Exchange rate of Pak Rupees per U.S. Dollar","98.579647","PKR","Normal","","220","Average Exchange rate of Pak Rupees per U.S. Dollar"
"Bank Floating Average Exchange Rates  (PKR per National Currency)","31-May-2013","TS_GP_ER_FAERPKR_M.E00220","22 Average Exchange rate of Pak Rupees per U.S. Dollar","98.373877","PKR","Normal","","220","Average Exchange rate of Pak Rupees per U.S. Dollar"
"Bank Floating Average Exchange Rates  (PKR per National Currency)","30-Apr-2013","TS_GP_ER_FAERPKR_M.E00220","22 Average Exchange rate of Pak Rupees per U.S. Dollar","98.311858","PKR","Normal","","220","Average Exchange rate of Pak Rupees per U.S. Dollar"
"Bank Floating Average Exchange Rates  (PKR per National Currency)","31-Mar-2013","TS_GP_ER_FAERPKR_M.E00220","22 Average Exchange rate of Pak Rupees per U.S. Dollar","98.0605","PKR","Normal","","220","Average Exchange rate of Pak Rupees per U.S. Dollar"
"Bank Floating Average Exchange Rates  (PKR per National Currency)","28-Feb-2013","TS_GP_ER_FAERPKR_M.E00220","22 Average Exchange rate of Pak Rupees per U.S. Dollar","97.968676","PKR","Normal","","220","Average Exchange rate of Pak Rupees per U.S. Dollar"
"Bank Floating Average Exchange Rates  (PKR per National Currency)","31-Jan-2013","TS_GP_ER_FAERPKR_M.E00220","22 Average Exchange rate of Pak Rupees per U.S. Dollar","97.471975","PKR","Normal","","220","Average Exchange rate of Pak Rupees per U.S. Dollar"
"Bank Floating Average Exchange Rates  (PKR per National Currency)","31-Dec-2012","TS_GP_ER_FAERPKR_M.E00220","22 Average Exchange rate of Pak Rupees per U.S. Dollar","97.187015","PKR","Normal","","220","Average Exchange rate of Pak Rupees per U.S. Dollar"
"Bank Floating Average Exchange Rates  (PKR per National Currency)","30-Nov-2012","TS_GP_ER_FAERPKR_M.E00220","22 Average Exchange rate of Pak Rupees per U.S. Dollar","95.992598","PKR","Normal","","220","Average Exchange rate of Pak Rupees per U.S. Dollar"
"Bank Floating Average Exchange Rates  (PKR per National Currency)","31-Oct-2012","TS_GP_ER_FAERPKR_M.E00220","22 Average Exchange rate of Pak Rupees per U.S. Dollar","95.348718","PKR","Normal","","220","Average Exchange rate of Pak Rupees per U.S. Dollar"
"Bank Floating Average Exchange Rates  (PKR per National Currency)","30-Sep-2012","TS_GP_ER_FAERPKR_M.E00220","22 Average Exchange rate of Pak Rupees per U.S. Dollar","94.587724","PKR","Normal","","220","Average Exchange rate of Pak Rupees per U.S. Dollar"
"Bank Floating Average Exchange Rates  (PKR per National Currency)","31-Aug-2012","TS_GP_ER_FAERPKR_M.E00220","22 Average Exchange rate of Pak Rupees per U.S. Dollar","94.465991","PKR","Normal","","220","Average Exchange rate of Pak Rupees per U.S. Dollar"
"Bank Floating Average Exchange Rates  (PKR per National Currency)","31-Jul-2012","TS_GP_ER_FAERPKR_M.E00220","22 Average Exchange rate of Pak Rupees per U.S. Dollar","94.377875","PKR","Normal","","220","Average Exchange rate of Pak Rupees per U.S. Dollar"
"Bank Floating Average Exchange Rates  (PKR per National Currency)","30-Jun-2012","TS_GP_ER_FAERPKR_M.E00220","22 Average Exchange rate of Pak Rupees per U.S. Dollar","94.115084","PKR","Normal","","220","Average Exchange rate of Pak Rupees per U.S. Dollar"
"Bank Floating Average Exchange Rates  (PKR per National Currency)","31-May-2012","TS_GP_ER_FAERPKR_M.E00220","22 Average Exchange rate of Pak Rupees per U.S. Dollar","91.260495","PKR","Normal","","220","Average Exchange rate of Pak Rupees per U.S. Dollar"
"Bank Floating Average Exchange Rates  (PKR per National Currency)","30-Apr-2012","TS_GP_ER_FAERPKR_M.E00220","22 Average Exchange rate of Pak Rupees per U.S. Dollar","90.634496","PKR","Normal","","220","Average Exchange rate of Pak Rupees per U.S. Dollar"
"Bank Floating Average Exchange Rates  (PKR per National Currency)","31-Mar-2012","TS_GP_ER_FAERPKR_M.E00220","22 Average Exchange rate of Pak Rupees per U.S. Dollar","90.713522","PKR","Normal","","220","Average Exchange rate of Pak Rupees per U.S. Dollar"
"Bank Floating Average Exchange Rates  (PKR per National Currency)","29-Feb-2012","TS_GP_ER_FAERPKR_M.E00220","22 Average Exchange rate of Pak Rupees per U.S. Dollar","90.618593","PKR","Normal","","220","Average Exchange rate of Pak Rupees per U.S. Dollar"
"Bank Floating Average Exchange Rates  (PKR per National Currency)","31-Jan-2012","TS_GP_ER_FAERPKR_M.E00220","22 Average Exchange rate of Pak Rupees per U.S. Dollar","90.135693","PKR","Normal","","220","Average Exchange rate of Pak Rupees per U.S. Dollar"
"Bank Floating Average Exchange Rates  (PKR per National Currency)","31-Dec-2011","TS_GP_ER_FAERPKR_M.E00220","22 Average Exchange rate of Pak Rupees per U.S. Dollar","89.340197","PKR","Normal","","220","Average Exchange rate of Pak Rupees per U.S. Dollar"
"Bank Floating Average Exchange Rates  (PKR per National Currency)","30-Nov-2011","TS_GP_ER_FAERPKR_M.E00220","22 Average Exchange rate of Pak Rupees per U.S. Dollar","86.931595","PKR","Normal","","220","Average Exchange rate of Pak Rupees per U.S. Dollar"
"Bank Floating Average Exchange Rates  (PKR per National Currency)","31-Oct-2011","TS_GP_ER_FAERPKR_M.E00220","22 Average Exchange rate of Pak Rupees per U.S. Dollar","86.965485","PKR","Normal","","220","Average Exchange rate of Pak Rupees per U.S. Dollar"
"Bank Floating Average Exchange Rates  (PKR per National Currency)","30-Sep-2011","TS_GP_ER_FAERPKR_M.E00220","22 Average Exchange rate of Pak Rupees per U.S. Dollar","87.474433","PKR","Normal","","220","Average Exchange rate of Pak Rupees per U.S. Dollar"
"Bank Floating Average Exchange Rates  (PKR per National Currency)","31-Aug-2011","TS_GP_ER_FAERPKR_M.E00220","22 Average Exchange rate of Pak Rupees per U.S. Dollar","86.621073","PKR","Normal","","220","Average Exchange rate of Pak Rupees per U.S. Dollar"
"Bank Floating Average Exchange Rates  (PKR per National Currency)","31-Jul-2011","TS_GP_ER_FAERPKR_M.E00220","22 Average Exchange rate of Pak Rupees per U.S. Dollar","86.020402","PKR","Normal","","220","Average Exchange rate of Pak Rupees per U.S. Dollar"
"Bank Floating Average Exchange Rates  (PKR per National Currency)","30-Jun-2011","TS_GP_ER_FAERPKR_M.E00220","22 Average Exchange rate of Pak Rupees per U.S. Dollar","85.78588","PKR","Normal","","220","Average Exchange rate of Pak Rupees per U.S. Dollar"
"Bank Floating Average Exchange Rates  (PKR per National Currency)","31-May-2011","TS_GP_ER_FAERPKR_M.E00220","22 Average Exchange rate of Pak Rupees per U.S. Dollar","85.212223","PKR","Normal","","220","Average Exchange rate of Pak Rupees per U.S. Dollar"
"Bank Floating Average Exchange Rates  (PKR per National Currency)","30-Apr-2011","TS_GP_ER_FAERPKR_M.E00220","22 Average Exchange rate of Pak Rupees per U.S. Dollar","84.627809","PKR","Normal","","220","Average Exchange rate of Pak Rupees per U.S. Dollar"
"Bank Floating Average Exchange Rates  (PKR per National Currency)","31-Mar-2011","TS_GP_ER_FAERPKR_M.E00220","22 Average Exchange rate of Pak Rupees per U.S. Dollar","85.338025","PKR","Normal","","220","Average Exchange rate of Pak Rupees per U.S. Dollar"
"Bank Floating Average Exchange Rates  (PKR per National Currency)","28-Feb-2011","TS_GP_ER_FAERPKR_M.E00220","22 Average Exchange rate of Pak Rupees per U.S. Dollar","85.314098","PKR","Normal","","220","Average Exchange rate of Pak Rupees per U.S. Dollar"
"Bank Floating Average Exchange Rates  (PKR per National Currency)","31-Jan-2011","TS_GP_ER_FAERPKR_M.E00220","22 Average Exchange rate of Pak Rupees per U.S. Dollar","85.677806","PKR","Normal","","220","Average Exchange rate of Pak Rupees per U.S. Dollar"
"Bank Floating Average Exchange Rates  (PKR per National Currency)","31-Dec-2010","TS_GP_ER_FAERPKR_M.E00220","22 Average Exchange rate of Pak Rupees per U.S. Dollar","85.707167","PKR","Normal","","220","Average Exchange rate of Pak Rupees per U.S. Dollar"
"Bank Floating Average Exchange Rates  (PKR per National Currency)","30-Nov-2010","TS_GP_ER_FAERPKR_M.E00220","22 Average Exchange rate of Pak Rupees per U.S. Dollar","85.543962","PKR","Normal","","220","Average Exchange rate of Pak Rupees per U.S. Dollar"
"Bank Floating Average Exchange Rates  (PKR per National Currency)","31-Oct-2010","TS_GP_ER_FAERPKR_M.E00220","22 Average Exchange rate of Pak Rupees per U.S. Dollar","85.941634","PKR","Normal","","220","Average Exchange rate of Pak Rupees per U.S. Dollar"
"Bank Floating Average Exchange Rates  (PKR per National Currency)","30-Sep-2010","TS_GP_ER_FAERPKR_M.E00220","22 Average Exchange rate of Pak Rupees per U.S. Dollar","85.761778","PKR","Normal","","220","Average Exchange rate of Pak Rupees per U.S. Dollar"
"Bank Floating Average Exchange Rates  (PKR per National Currency)","31-Aug-2010","TS_GP_ER_FAERPKR_M.E00220","22 Average Exchange rate of Pak Rupees per U.S. Dollar","85.606997","PKR","Normal","","220","Average Exchange rate of Pak Rupees per U.S. Dollar"
"Bank Floating Average Exchange Rates  (PKR per National Currency)","31-Jul-2010","TS_GP_ER_FAERPKR_M.E00220","22 Average Exchange rate of Pak Rupees per U.S. Dollar","85.503082","PKR","Normal","","220","Average Exchange rate of Pak Rupees per U.S. Dollar"
"Bank Floating Average Exchange Rates  (PKR per National Currency)","30-Jun-2010","TS_GP_ER_FAERPKR_M.E00220","22 Average Exchange rate of Pak Rupees per U.S. Dollar","85.284375","PKR","Normal","","220","Average Exchange rate of Pak Rupees per U.S. Dollar"
"Bank Floating Average Exchange Rates  (PKR per National Currency)","31-May-2010","TS_GP_ER_FAERPKR_M.E00220","22 Average Exchange rate of Pak Rupees per U.S. Dollar","84.331786","PKR","Normal","","220","Average Exchange rate of Pak Rupees per U.S. Dollar"
"Bank Floating Average Exchange Rates  (PKR per National Currency)","30-Apr-2010","TS_GP_ER_FAERPKR_M.E00220","22 Average Exchange rate of Pak Rupees per U.S. Dollar","83.938573","PKR","Normal","","220","Average Exchange rate of Pak Rupees per U.S. Dollar"
"Bank Floating Average Exchange Rates  (PKR per National Currency)","31-Mar-2010","TS_GP_ER_FAERPKR_M.E00220","22 Average Exchange rate of Pak Rupees per U.S. Dollar","84.350006","PKR","Normal","","220","Average Exchange rate of Pak Rupees per U.S. Dollar"
"Bank Floating Average Exchange Rates  (PKR per National Currency)","28-Feb-2010","TS_GP_ER_FAERPKR_M.E00220","22 Average Exchange rate of Pak Rupees per U.S. Dollar","84.899116","PKR","Normal","","220","Average Exchange rate of Pak Rupees per U.S. Dollar"
"Bank Floating Average Exchange Rates  (PKR per National Currency)","31-Jan-2010","TS_GP_ER_FAERPKR_M.E00220","22 Average Exchange rate of Pak Rupees per U.S. Dollar","84.518436","PKR","Normal","","220","Average Exchange rate of Pak Rupees per U.S. Dollar"
"Bank Floating Average Exchange Rates  (PKR per National Currency)","31-Dec-2009","TS_GP_ER_FAERPKR_M.E00220","22 Average Exchange rate of Pak Rupees per U.S. Dollar","84.002147","PKR","Normal","","220","Average Exchange rate of Pak Rupees per U.S. Dollar"
"Bank Floating Average Exchange Rates  (PKR per National Currency)","30-Nov-2009","TS_GP_ER_FAERPKR_M.E00220","22 Average Exchange rate of Pak Rupees per U.S. Dollar","83.454034","PKR","Normal","","220","Average Exchange rate of Pak Rupees per U.S. Dollar"
"Bank Floating Average Exchange Rates  (PKR per National Currency)","31-Oct-2009","TS_GP_ER_FAERPKR_M.E00220","22 Average Exchange rate of Pak Rupees per U.S. Dollar","83.217567","PKR","Normal","","220","Average Exchange rate of Pak Rupees per U.S. Dollar"
"Bank Floating Average Exchange Rates  (PKR per National Currency)","30-Sep-2009","TS_GP_ER_FAERPKR_M.E00220","22 Average Exchange rate of Pak Rupees per U.S. Dollar","82.846196","PKR","Normal","","220","Average Exchange rate of Pak Rupees per U.S. Dollar"
"Bank Floating Average Exchange Rates  (PKR per National Currency)","31-Aug-2009","TS_GP_ER_FAERPKR_M.E00220","22 Average Exchange rate of Pak Rupees per U.S. Dollar","82.771632","PKR","Normal","","220","Average Exchange rate of Pak Rupees per U.S. Dollar"
"Bank Floating Average Exchange Rates  (PKR per National Currency)","31-Jul-2009","TS_GP_ER_FAERPKR_M.E00220","22 Average Exchange rate of Pak Rupees per U.S. Dollar","82.006197","PKR","Normal","","220","Average Exchange rate of Pak Rupees per U.S. Dollar"
"Bank Floating Average Exchange Rates  (PKR per National Currency)","30-Jun-2009","TS_GP_ER_FAERPKR_M.E00220","22 Average Exchange rate of Pak Rupees per U.S. Dollar","80.957404","PKR","Normal","","220","Average Exchange rate of Pak Rupees per U.S. Dollar"
"Bank Floating Average Exchange Rates  (PKR per National Currency)","31-May-2009","TS_GP_ER_FAERPKR_M.E00220","22 Average Exchange rate of Pak Rupees per U.S. Dollar","80.526781","PKR","Normal","","220","Average Exchange rate of Pak Rupees per U.S. Dollar"
"Bank Floating Average Exchange Rates  (PKR per National Currency)","30-Apr-2009","TS_GP_ER_FAERPKR_M.E00220","22 Average Exchange rate of Pak Rupees per U.S. Dollar","80.395759","PKR","Normal","","220","Average Exchange rate of Pak Rupees per U.S. Dollar"
"Bank Floating Average Exchange Rates  (PKR per National Currency)","31-Mar-2009","TS_GP_ER_FAERPKR_M.E00220","22 Average Exchange rate of Pak Rupees per U.S. Dollar","80.235527","PKR","Normal","","220","Average Exchange rate of Pak Rupees per U.S. Dollar"
"Bank Floating Average Exchange Rates  (PKR per National Currency)","28-Feb-2009","TS_GP_ER_FAERPKR_M.E00220","22 Average Exchange rate of Pak Rupees per U.S. Dollar","79.448514","PKR","Normal","","220","Average Exchange rate of Pak Rupees per U.S. Dollar"
"Bank Floating Average Exchange Rates  (PKR per National Currency)","31-Jan-2009","TS_GP_ER_FAERPKR_M.E00220","22 Average Exchange rate of Pak Rupees per U.S. Dollar","79.08561","PKR","Normal","","220","Average Exchange rate of Pak Rupees per U.S. Dollar"
"Bank Floating Average Exchange Rates  (PKR per National Currency)","31-Dec-2008","TS_GP_ER_FAERPKR_M.E00220","22 Average Exchange rate of Pak Rupees per U.S. Dollar","78.923756","PKR","Normal","","220","Average Exchange rate of Pak Rupees per U.S. Dollar"
"Bank Floating Average Exchange Rates  (PKR per National Currency)","30-Nov-2008","TS_GP_ER_FAERPKR_M.E00220","22 Average Exchange rate of Pak Rupees per U.S. Dollar","79.923933","PKR","Normal","","220","Average Exchange rate of Pak Rupees per U.S. Dollar"
"Bank Floating Average Exchange Rates  (PKR per National Currency)","31-Oct-2008","TS_GP_ER_FAERPKR_M.E00220","22 Average Exchange rate of Pak Rupees per U.S. Dollar","80.433073","PKR","Normal","","220","Average Exchange rate of Pak Rupees per U.S. Dollar"
"Bank Floating Average Exchange Rates  (PKR per National Currency)","30-Sep-2008","TS_GP_ER_FAERPKR_M.E00220","22 Average Exchange rate of Pak Rupees per U.S. Dollar","77.166756","PKR","Normal","","220","Average Exchange rate of Pak Rupees per U.S. Dollar"
"Bank Floating Average Exchange Rates  (PKR per National Currency)","31-Aug-2008","TS_GP_ER_FAERPKR_M.E00220","22 Average Exchange rate of Pak Rupees per U.S. Dollar","74.292639","PKR","Normal","","220","Average Exchange rate of Pak Rupees per U.S. Dollar"
"Bank Floating Average Exchange Rates  (PKR per National Currency)","31-Jul-2008","TS_GP_ER_FAERPKR_M.E00220","22 Average Exchange rate of Pak Rupees per U.S. Dollar","70.589615","PKR","Normal","","220","Average Exchange rate of Pak Rupees per U.S. Dollar"
"Bank Floating Average Exchange Rates  (PKR per National Currency)","30-Jun-2008","TS_GP_ER_FAERPKR_M.E00220","22 Average Exchange rate of Pak Rupees per U.S. Dollar","67.256293","PKR","Normal","","220","Average Exchange rate of Pak Rupees per U.S. Dollar"
"Bank Floating Average Exchange Rates  (PKR per National Currency)","31-May-2008","TS_GP_ER_FAERPKR_M.E00220","22 Average Exchange rate of Pak Rupees per U.S. Dollar","67.60094","PKR","Normal","","220","Average Exchange rate of Pak Rupees per U.S. Dollar"
"Bank Floating Average Exchange Rates  (PKR per National Currency)","30-Apr-2008","TS_GP_ER_FAERPKR_M.E00220","22 Average Exchange rate of Pak Rupees per U.S. Dollar","63.555589","PKR","Normal","","220","Average Exchange rate of Pak Rupees per U.S. Dollar"
"Bank Floating Average Exchange Rates  (PKR per National Currency)","31-Mar-2008","TS_GP_ER_FAERPKR_M.E00220","22 Average Exchange rate of Pak Rupees per U.S. Dollar","62.750028","PKR","Normal","","220","Average Exchange rate of Pak Rupees per U.S. Dollar"
"Bank Floating Average Exchange Rates  (PKR per National Currency)","29-Feb-2008","TS_GP_ER_FAERPKR_M.E00220","22 Average Exchange rate of Pak Rupees per U.S. Dollar","62.618509","PKR","Normal","","220","Average Exchange rate of Pak Rupees per U.S. Dollar"
"Bank Floating Average Exchange Rates  (PKR per National Currency)","31-Jan-2008","TS_GP_ER_FAERPKR_M.E00220","22 Average Exchange rate of Pak Rupees per U.S. Dollar","62.366726","PKR","Normal","","220","Average Exchange rate of Pak Rupees per U.S. Dollar"
"Bank Floating Average Exchange Rates  (PKR per National Currency)","31-Dec-2007","TS_GP_ER_FAERPKR_M.E00220","22 Average Exchange rate of Pak Rupees per U.S. Dollar","61.179753","PKR","Normal","","220","Average Exchange rate of Pak Rupees per U.S. Dollar"
"Bank Floating Average Exchange Rates  (PKR per National Currency)","30-Nov-2007","TS_GP_ER_FAERPKR_M.E00220","22 Average Exchange rate of Pak Rupees per U.S. Dollar","61.000254","PKR","Normal","","220","Average Exchange rate of Pak Rupees per U.S. Dollar"
"Bank Floating Average Exchange Rates  (PKR per National Currency)","31-Oct-2007","TS_GP_ER_FAERPKR_M.E00220","22 Average Exchange rate of Pak Rupees per U.S. Dollar","60.67954","PKR","Normal","","220","Average Exchange rate of Pak Rupees per U.S. Dollar"
"Bank Floating Average Exchange Rates  (PKR per National Currency)","30-Sep-2007","TS_GP_ER_FAERPKR_M.E00220","22 Average Exchange rate of Pak Rupees per U.S. Dollar","60.637597","PKR","Normal","","220","Average Exchange rate of Pak Rupees per U.S. Dollar"
"Bank Floating Average Exchange Rates  (PKR per National Currency)","31-Aug-2007","TS_GP_ER_FAERPKR_M.E00220","22 Average Exchange rate of Pak Rupees per U.S. Dollar","60.514486","PKR","Normal","","220","Average Exchange rate of Pak Rupees per U.S. Dollar"
"Bank Floating Average Exchange Rates  (PKR per National Currency)","31-Jul-2007","TS_GP_ER_FAERPKR_M.E00220","22 Average Exchange rate of Pak Rupees per U.S. Dollar","60.397777","PKR","Normal","","220","Average Exchange rate of Pak Rupees per U.S. Dollar"
"Bank Floating Average Exchange Rates  (PKR per National Currency)","30-Jun-2007","TS_GP_ER_FAERPKR_M.E00220","22 Average Exchange rate of Pak Rupees per U.S. Dollar","60.625575","PKR","Normal","","220","Average Exchange rate of Pak Rupees per U.S. Dollar"
"Bank Floating Average Exchange Rates  (PKR per National Currency)","31-May-2007","TS_GP_ER_FAERPKR_M.E00220","22 Average Exchange rate of Pak Rupees per U.S. Dollar","60.671782","PKR","Normal","","220","Average Exchange rate of Pak Rupees per U.S. Dollar"
"Bank Floating Average Exchange Rates  (PKR per National Currency)","30-Apr-2007","TS_GP_ER_FAERPKR_M.E00220","22 Average Exchange rate of Pak Rupees per U.S. Dollar","60.705211","PKR","Normal","","220","Average Exchange rate of Pak Rupees per U.S. Dollar"
"Bank Floating Average Exchange Rates  (PKR per National Currency)","31-Mar-2007","TS_GP_ER_FAERPKR_M.E00220","22 Average Exchange rate of Pak Rupees per U.S. Dollar","60.692683","PKR","Normal","","220","Average Exchange rate of Pak Rupees per U.S. Dollar"
"Bank Floating Average Exchange Rates  (PKR per National Currency)","28-Feb-2007","TS_GP_ER_FAERPKR_M.E00220","22 Average Exchange rate of Pak Rupees per U.S. Dollar","60.732107","PKR","Normal","","220","Average Exchange rate of Pak Rupees per U.S. Dollar"
"Bank Floating Average Exchange Rates  (PKR per National Currency)","31-Jan-2007","TS_GP_ER_FAERPKR_M.E00220","22 Average Exchange rate of Pak Rupees per U.S. Dollar","60.877954","PKR","Normal","","220","Average Exchange rate of Pak Rupees per U.S. Dollar"
"Bank Floating Average Exchange Rates  (PKR per National Currency)","31-Dec-2006","TS_GP_ER_FAERPKR_M.E00220","22 Average Exchange rate of Pak Rupees per U.S. Dollar","60.887762","PKR","Normal","","220","Average Exchange rate of Pak Rupees per U.S. Dollar"
"Bank Floating Average Exchange Rates  (PKR per National Currency)","30-Nov-2006","TS_GP_ER_FAERPKR_M.E00220","22 Average Exchange rate of Pak Rupees per U.S. Dollar","60.728219","PKR","Normal","","220","Average Exchange rate of Pak Rupees per U.S. Dollar"
"Bank Floating Average Exchange Rates  (PKR per National Currency)","31-Oct-2006","TS_GP_ER_FAERPKR_M.E00220","22 Average Exchange rate of Pak Rupees per U.S. Dollar","60.595929","PKR","Normal","","220","Average Exchange rate of Pak Rupees per U.S. Dollar"
"Bank Floating Average Exchange Rates  (PKR per National Currency)","30-Sep-2006","TS_GP_ER_FAERPKR_M.E00220","22 Average Exchange rate of Pak Rupees per U.S. Dollar","60.503708","PKR","Normal","","220","Average Exchange rate of Pak Rupees per U.S. Dollar"
"Bank Floating Average Exchange Rates  (PKR per National Currency)","31-Aug-2006","TS_GP_ER_FAERPKR_M.E00220","22 Average Exchange rate of Pak Rupees per U.S. Dollar","60.318049","PKR","Normal","","220","Average Exchange rate of Pak Rupees per U.S. Dollar"
"Bank Floating Average Exchange Rates  (PKR per National Currency)","31-Jul-2006","TS_GP_ER_FAERPKR_M.E00220","22 Average Exchange rate of Pak Rupees per U.S. Dollar","60.271084","PKR","Normal","","220","Average Exchange rate of Pak Rupees per U.S. Dollar"
"Bank Floating Average Exchange Rates  (PKR per National Currency)","30-Jun-2006","TS_GP_ER_FAERPKR_M.E00220","22 Average Exchange rate of Pak Rupees per U.S. Dollar","60.161793","PKR","Normal","","220","Average Exchange rate of Pak Rupees per U.S. Dollar"
"Bank Floating Average Exchange Rates  (PKR per National Currency)","31-May-2006","TS_GP_ER_FAERPKR_M.E00220","22 Average Exchange rate of Pak Rupees per U.S. Dollar","60.066841","PKR","Normal","","220","Average Exchange rate of Pak Rupees per U.S. Dollar"
"Bank Floating Average Exchange Rates  (PKR per National Currency)","30-Apr-2006","TS_GP_ER_FAERPKR_M.E00220","22 Average Exchange rate of Pak Rupees per U.S. Dollar","59.997918","PKR","Normal","","220","Average Exchange rate of Pak Rupees per U.S. Dollar"
"Bank Floating Average Exchange Rates  (PKR per National Currency)","31-Mar-2006","TS_GP_ER_FAERPKR_M.E00220","22 Average Exchange rate of Pak Rupees per U.S. Dollar","60.007008","PKR","Normal","","220","Average Exchange rate of Pak Rupees per U.S. Dollar"
"Bank Floating Average Exchange Rates  (PKR per National Currency)","28-Feb-2006","TS_GP_ER_FAERPKR_M.E00220","22 Average Exchange rate of Pak Rupees per U.S. Dollar","59.885484","PKR","Normal","","220","Average Exchange rate of Pak Rupees per U.S. Dollar"
"Bank Floating Average Exchange Rates  (PKR per National Currency)","31-Jan-2006","TS_GP_ER_FAERPKR_M.E00220","22 Average Exchange rate of Pak Rupees per U.S. Dollar","59.839586","PKR","Normal","","220","Average Exchange rate of Pak Rupees per U.S. Dollar"
"Bank Floating Average Exchange Rates  (PKR per National Currency)","31-Dec-2005","TS_GP_ER_FAERPKR_M.E00220","22 Average Exchange rate of Pak Rupees per U.S. Dollar","59.807552","PKR","Normal","","220","Average Exchange rate of Pak Rupees per U.S. Dollar"
"Bank Floating Average Exchange Rates  (PKR per National Currency)","30-Nov-2005","TS_GP_ER_FAERPKR_M.E00220","22 Average Exchange rate of Pak Rupees per U.S. Dollar","59.764687","PKR","Normal","","220","Average Exchange rate of Pak Rupees per U.S. Dollar"
"Bank Floating Average Exchange Rates  (PKR per National Currency)","31-Oct-2005","TS_GP_ER_FAERPKR_M.E00220","22 Average Exchange rate of Pak Rupees per U.S. Dollar","59.710774","PKR","Normal","","220","Average Exchange rate of Pak Rupees per U.S. Dollar"
"Bank Floating Average Exchange Rates  (PKR per National Currency)","30-Sep-2005","TS_GP_ER_FAERPKR_M.E00220","22 Average Exchange rate of Pak Rupees per U.S. Dollar","59.759277","PKR","Normal","","220","Average Exchange rate of Pak Rupees per U.S. Dollar"
"Bank Floating Average Exchange Rates  (PKR per National Currency)","31-Aug-2005","TS_GP_ER_FAERPKR_M.E00220","22 Average Exchange rate of Pak Rupees per U.S. Dollar","59.654681","PKR","Normal","","220","Average Exchange rate of Pak Rupees per U.S. Dollar"
"Bank Floating Average Exchange Rates  (PKR per National Currency)","31-Jul-2005","TS_GP_ER_FAERPKR_M.E00220","22 Average Exchange rate of Pak Rupees per U.S. Dollar","59.623368","PKR","Normal","","220","Average Exchange rate of Pak Rupees per U.S. Dollar"
"Bank Floating Average Exchange Rates  (PKR per National Currency)","30-Jun-2005","TS_GP_ER_FAERPKR_M.E00220","22 Average Exchange rate of Pak Rupees per U.S. Dollar","59.667318","PKR","Normal","","220","Average Exchange rate of Pak Rupees per U.S. Dollar"
"Bank Floating Average Exchange Rates  (PKR per National Currency)","31-May-2005","TS_GP_ER_FAERPKR_M.E00220","22 Average Exchange rate of Pak Rupees per U.S. Dollar","59.508145","PKR","Normal","","220","Average Exchange rate of Pak Rupees per U.S. Dollar"
"Bank Floating Average Exchange Rates  (PKR per National Currency)","30-Apr-2005","TS_GP_ER_FAERPKR_M.E00220","22 Average Exchange rate of Pak Rupees per U.S. Dollar","59.40312","PKR","Normal","","220","Average Exchange rate of Pak Rupees per U.S. Dollar"
"Bank Floating Average Exchange Rates  (PKR per National Currency)","31-Mar-2005","TS_GP_ER_FAERPKR_M.E00220","22 Average Exchange rate of Pak Rupees per U.S. Dollar","59.352923","PKR","Normal","","220","Average Exchange rate of Pak Rupees per U.S. Dollar"
"Bank Floating Average Exchange Rates  (PKR per National Currency)","28-Feb-2005","TS_GP_ER_FAERPKR_M.E00220","22 Average Exchange rate of Pak Rupees per U.S. Dollar","59.352472","PKR","Normal","","220","Average Exchange rate of Pak Rupees per U.S. Dollar"
"Bank Floating Average Exchange Rates  (PKR per National Currency)","31-Jan-2005","TS_GP_ER_FAERPKR_M.E00220","22 Average Exchange rate of Pak Rupees per U.S. Dollar","59.445249","PKR","Normal","","220","Average Exchange rate of Pak Rupees per U.S. Dollar"
"Bank Floating Average Exchange Rates  (PKR per National Currency)","31-Dec-2004","TS_GP_ER_FAERPKR_M.E00220","22 Average Exchange rate of Pak Rupees per U.S. Dollar","59.547753","PKR","Normal","","220","Average Exchange rate of Pak Rupees per U.S. Dollar"
"Bank Floating Average Exchange Rates  (PKR per National Currency)","30-Nov-2004","TS_GP_ER_FAERPKR_M.E00220","22 Average Exchange rate of Pak Rupees per U.S. Dollar","59.939261","PKR","Normal","","220","Average Exchange rate of Pak Rupees per U.S. Dollar"
"Bank Floating Average Exchange Rates  (PKR per National Currency)","31-Oct-2004","TS_GP_ER_FAERPKR_M.E00220","22 Average Exchange rate of Pak Rupees per U.S. Dollar","60.03107","PKR","Normal","","220","Average Exchange rate of Pak Rupees per U.S. Dollar"
"Bank Floating Average Exchange Rates  (PKR per National Currency)","30-Sep-2004","TS_GP_ER_FAERPKR_M.E00220","22 Average Exchange rate of Pak Rupees per U.S. Dollar","58.97249","PKR","Normal","","220","Average Exchange rate of Pak Rupees per U.S. Dollar"
"Bank Floating Average Exchange Rates  (PKR per National Currency)","31-Aug-2004","TS_GP_ER_FAERPKR_M.E00220","22 Average Exchange rate of Pak Rupees per U.S. Dollar","58.793357","PKR","Normal","","220","Average Exchange rate of Pak Rupees per U.S. Dollar"
"Bank Floating Average Exchange Rates  (PKR per National Currency)","31-Jul-2004","TS_GP_ER_FAERPKR_M.E00220","22 Average Exchange rate of Pak Rupees per U.S. Dollar","58.277693","PKR","Normal","","220","Average Exchange rate of Pak Rupees per U.S. Dollar"
"Bank Floating Average Exchange Rates  (PKR per National Currency)","30-Jun-2004","TS_GP_ER_FAERPKR_M.E00220","22 Average Exchange rate of Pak Rupees per U.S. Dollar","57.916535","PKR","Normal","","220","Average Exchange rate of Pak Rupees per U.S. Dollar"
"Bank Floating Average Exchange Rates  (PKR per National Currency)","31-May-2004","TS_GP_ER_FAERPKR_M.E00220","22 Average Exchange rate of Pak Rupees per U.S. Dollar","57.675258","PKR","Normal","","220","Average Exchange rate of Pak Rupees per U.S. Dollar"
"Bank Floating Average Exchange Rates  (PKR per National Currency)","30-Apr-2004","TS_GP_ER_FAERPKR_M.E00220","22 Average Exchange rate of Pak Rupees per U.S. Dollar","57.461595","PKR","Normal","","220","Average Exchange rate of Pak Rupees per U.S. Dollar"
"Bank Floating Average Exchange Rates  (PKR per National Currency)","31-Mar-2004","TS_GP_ER_FAERPKR_M.E00220","22 Average Exchange rate of Pak Rupees per U.S. Dollar","57.449451","PKR","Normal","","220","Average Exchange rate of Pak Rupees per U.S. Dollar"
"Bank Floating Average Exchange Rates  (PKR per National Currency)","29-Feb-2004","TS_GP_ER_FAERPKR_M.E00220","22 Average Exchange rate of Pak Rupees per U.S. Dollar","57.360142","PKR","Normal","","220","Average Exchange rate of Pak Rupees per U.S. Dollar"
"Bank Floating Average Exchange Rates  (PKR per National Currency)","31-Jan-2004","TS_GP_ER_FAERPKR_M.E00220","22 Average Exchange rate of Pak Rupees per U.S. Dollar","57.399258","PKR","Normal","","220","Average Exchange rate of Pak Rupees per U.S. Dollar"
"Bank Floating Average Exchange Rates  (PKR per National Currency)","31-Dec-2003","TS_GP_ER_FAERPKR_M.E00220","22 Average Exchange rate of Pak Rupees per U.S. Dollar","57.396008","PKR","Normal","","220","Average Exchange rate of Pak Rupees per U.S. Dollar"
"Bank Floating Average Exchange Rates  (PKR per National Currency)","30-Nov-2003","TS_GP_ER_FAERPKR_M.E00220","22 Average Exchange rate of Pak Rupees per U.S. Dollar","57.334166","PKR","Normal","","220","Average Exchange rate of Pak Rupees per U.S. Dollar"
"Bank Floating Average Exchange Rates  (PKR per National Currency)","31-Oct-2003","TS_GP_ER_FAERPKR_M.E00220","22 Average Exchange rate of Pak Rupees per U.S. Dollar","57.560907","PKR","Normal","","220","Average Exchange rate of Pak Rupees per U.S. Dollar"
"Bank Floating Average Exchange Rates  (PKR per National Currency)","30-Sep-2003","TS_GP_ER_FAERPKR_M.E00220","22 Average Exchange rate of Pak Rupees per U.S. Dollar","57.809304","PKR","Normal","","220","Average Exchange rate of Pak Rupees per U.S. Dollar"
"Bank Floating Average Exchange Rates  (PKR per National Currency)","31-Aug-2003","TS_GP_ER_FAERPKR_M.E00220","22 Average Exchange rate of Pak Rupees per U.S. Dollar","57.787669","PKR","Normal","","220","Average Exchange rate of Pak Rupees per U.S. Dollar"
"Bank Floating Average Exchange Rates  (PKR per National Currency)","31-Jul-2003","TS_GP_ER_FAERPKR_M.E00220","22 Average Exchange rate of Pak Rupees per U.S. Dollar","57.743214","PKR","Normal","","220","Average Exchange rate of Pak Rupees per U.S. Dollar"
"Bank Floating Average Exchange Rates  (PKR per National Currency)","30-Jun-2003","TS_GP_ER_FAERPKR_M.E00220","22 Average Exchange rate of Pak Rupees per U.S. Dollar","57.742941","PKR","Normal","","220","Average Exchange rate of Pak Rupees per U.S. Dollar"
"Bank Floating Average Exchange Rates  (PKR per National Currency)","31-May-2003","TS_GP_ER_FAERPKR_M.E00220","22 Average Exchange rate of Pak Rupees per U.S. Dollar","57.731125","PKR","Normal","","220","Average Exchange rate of Pak Rupees per U.S. Dollar"
"Bank Floating Average Exchange Rates  (PKR per National Currency)","30-Apr-2003","TS_GP_ER_FAERPKR_M.E00220","22 Average Exchange rate of Pak Rupees per U.S. Dollar","57.775665","PKR","Normal","","220","Average Exchange rate of Pak Rupees per U.S. Dollar"
"Bank Floating Average Exchange Rates  (PKR per National Currency)","31-Mar-2003","TS_GP_ER_FAERPKR_M.E00220","22 Average Exchange rate of Pak Rupees per U.S. Dollar","57.867508","PKR","Normal","","220","Average Exchange rate of Pak Rupees per U.S. Dollar"
"Bank Floating Average Exchange Rates  (PKR per National Currency)","28-Feb-2003","TS_GP_ER_FAERPKR_M.E00220","22 Average Exchange rate of Pak Rupees per U.S. Dollar","58.081114","PKR","Normal","","220","Average Exchange rate of Pak Rupees per U.S. Dollar"
"Bank Floating Average Exchange Rates  (PKR per National Currency)","31-Jan-2003","TS_GP_ER_FAERPKR_M.E00220","22 Average Exchange rate of Pak Rupees per U.S. Dollar","58.18285","PKR","Normal","","220","Average Exchange rate of Pak Rupees per U.S. Dollar"
"Bank Floating Average Exchange Rates  (PKR per National Currency)","31-Dec-2002","TS_GP_ER_FAERPKR_M.E00220","22 Average Exchange rate of Pak Rupees per U.S. Dollar","58.41618","PKR","Normal","","220","Average Exchange rate of Pak Rupees per U.S. Dollar"
"Bank Floating Average Exchange Rates  (PKR per National Currency)","30-Nov-2002","TS_GP_ER_FAERPKR_M.E00220","22 Average Exchange rate of Pak Rupees per U.S. Dollar","58.585224","PKR","Normal","","220","Average Exchange rate of Pak Rupees per U.S. Dollar"
"Bank Floating Average Exchange Rates  (PKR per National Currency)","31-Oct-2002","TS_GP_ER_FAERPKR_M.E00220","22 Average Exchange rate of Pak Rupees per U.S. Dollar","59.052978","PKR","Normal","","220","Average Exchange rate of Pak Rupees per U.S. Dollar"
"Bank Floating Average Exchange Rates  (PKR per National Currency)","30-Sep-2002","TS_GP_ER_FAERPKR_M.E00220","22 Average Exchange rate of Pak Rupees per U.S. Dollar","59.25782","PKR","Normal","","220","Average Exchange rate of Pak Rupees per U.S. Dollar"
"Bank Floating Average Exchange Rates  (PKR per National Currency)","31-Aug-2002","TS_GP_ER_FAERPKR_M.E00220","22 Average Exchange rate of Pak Rupees per U.S. Dollar","59.510246","PKR","Normal","","220","Average Exchange rate of Pak Rupees per U.S. Dollar"
"Bank Floating Average Exchange Rates  (PKR per National Currency)","31-Jul-2002","TS_GP_ER_FAERPKR_M.E00220","22 Average Exchange rate of Pak Rupees per U.S. Dollar","59.790728","PKR","Normal","","220","Average Exchange rate of Pak Rupees per U.S. Dollar"
"Bank Floating Average Exchange Rates  (PKR per National Currency)","30-Jun-2002","TS_GP_ER_FAERPKR_M.E00220","22 Average Exchange rate of Pak Rupees per U.S. Dollar","60.124585","PKR","Normal","","220","Average Exchange rate of Pak Rupees per U.S. Dollar"
"Bank Floating Average Exchange Rates  (PKR per National Currency)","31-May-2002","TS_GP_ER_FAERPKR_M.E00220","22 Average Exchange rate of Pak Rupees per U.S. Dollar","60.125321","PKR","Normal","","220","Average Exchange rate of Pak Rupees per U.S. Dollar"
"Bank Floating Average Exchange Rates  (PKR per National Currency)","30-Apr-2002","TS_GP_ER_FAERPKR_M.E00220","22 Average Exchange rate of Pak Rupees per U.S. Dollar","60.123186","PKR","Normal","","220","Average Exchange rate of Pak Rupees per U.S. Dollar"
"Bank Floating Average Exchange Rates  (PKR per National Currency)","31-Mar-2002","TS_GP_ER_FAERPKR_M.E00220","22 Average Exchange rate of Pak Rupees per U.S. Dollar","60.101969","PKR","Normal","","220","Average Exchange rate of Pak Rupees per U.S. Dollar"
"Bank Floating Average Exchange Rates  (PKR per National Currency)","28-Feb-2002","TS_GP_ER_FAERPKR_M.E00220","22 Average Exchange rate of Pak Rupees per U.S. Dollar","60.161108","PKR","Normal","","220","Average Exchange rate of Pak Rupees per U.S. Dollar"
"Bank Floating Average Exchange Rates  (PKR per National Currency)","31-Jan-2002","TS_GP_ER_FAERPKR_M.E00220","22 Average Exchange rate of Pak Rupees per U.S. Dollar","60.201101","PKR","Normal","","220","Average Exchange rate of Pak Rupees per U.S. Dollar"
"Bank Floating Average Exchange Rates  (PKR per National Currency)","31-Dec-2001","TS_GP_ER_FAERPKR_M.E00220","22 Average Exchange rate of Pak Rupees per U.S. Dollar","60.583584","PKR","Normal","","220","Average Exchange rate of Pak Rupees per U.S. Dollar"
"Bank Floating Average Exchange Rates  (PKR per National Currency)","30-Nov-2001","TS_GP_ER_FAERPKR_M.E00220","22 Average Exchange rate of Pak Rupees per U.S. Dollar","61.125505","PKR","Normal","","220","Average Exchange rate of Pak Rupees per U.S. Dollar"
"Bank Floating Average Exchange Rates  (PKR per National Currency)","31-Oct-2001","TS_GP_ER_FAERPKR_M.E00220","22 Average Exchange rate of Pak Rupees per U.S. Dollar","62.209672","PKR","Normal","","220","Average Exchange rate of Pak Rupees per U.S. Dollar"
"Bank Floating Average Exchange Rates  (PKR per National Currency)","30-Sep-2001","TS_GP_ER_FAERPKR_M.E00220","22 Average Exchange rate of Pak Rupees per U.S. Dollar","64.147246","PKR","Normal","","220","Average Exchange rate of Pak Rupees per U.S. Dollar"
"Bank Floating Average Exchange Rates  (PKR per National Currency)","31-Aug-2001","TS_GP_ER_FAERPKR_M.E00220","22 Average Exchange rate of Pak Rupees per U.S. Dollar","64.115654","PKR","Normal","","220","Average Exchange rate of Pak Rupees per U.S. Dollar"
"Bank Floating Average Exchange Rates  (PKR per National Currency)","31-Jul-2001","TS_GP_ER_FAERPKR_M.E00220","22 Average Exchange rate of Pak Rupees per U.S. Dollar","64.090453","PKR","Normal","","220","Average Exchange rate of Pak Rupees per U.S. Dollar"
"Bank Floating Average Exchange Rates  (PKR per National Currency)","30-Jun-2001","TS_GP_ER_FAERPKR_M.E00220","22 Average Exchange rate of Pak Rupees per U.S. Dollar","63.401024","PKR","Normal","","220","Average Exchange rate of Pak Rupees per U.S. Dollar"
"Bank Floating Average Exchange Rates  (PKR per National Currency)","31-May-2001","TS_GP_ER_FAERPKR_M.E00220","22 Average Exchange rate of Pak Rupees per U.S. Dollar","61.829142","PKR","Normal","","220","Average Exchange rate of Pak Rupees per U.S. Dollar"
"Bank Floating Average Exchange Rates  (PKR per National Currency)","30-Apr-2001","TS_GP_ER_FAERPKR_M.E00220","22 Average Exchange rate of Pak Rupees per U.S. Dollar","61.067335","PKR","Normal","","220","Average Exchange rate of Pak Rupees per U.S. Dollar"
"Bank Floating Average Exchange Rates  (PKR per National Currency)","31-Mar-2001","TS_GP_ER_FAERPKR_M.E00220","22 Average Exchange rate of Pak Rupees per U.S. Dollar","60.522408","PKR","Normal","","220","Average Exchange rate of Pak Rupees per U.S. Dollar"
"Bank Floating Average Exchange Rates  (PKR per National Currency)","28-Feb-2001","TS_GP_ER_FAERPKR_M.E00220","22 Average Exchange rate of Pak Rupees per U.S. Dollar","59.620533","PKR","Normal","","220","Average Exchange rate of Pak Rupees per U.S. Dollar"
"Bank Floating Average Exchange Rates  (PKR per National Currency)","31-Jan-2001","TS_GP_ER_FAERPKR_M.E00220","22 Average Exchange rate of Pak Rupees per U.S. Dollar","59.063854","PKR","Normal","","220","Average Exchange rate of Pak Rupees per U.S. Dollar"
"Bank Floating Average Exchange Rates  (PKR per National Currency)","31-Dec-2000","TS_GP_ER_FAERPKR_M.E00220","22 Average Exchange rate of Pak Rupees per U.S. Dollar","57.991329","PKR","Normal","","220","Average Exchange rate of Pak Rupees per U.S. Dollar"
"Bank Floating Average Exchange Rates  (PKR per National Currency)","30-Nov-2000","TS_GP_ER_FAERPKR_M.E00220","22 Average Exchange rate of Pak Rupees per U.S. Dollar","57.003176","PKR","Normal","","220","Average Exchange rate of Pak Rupees per U.S. Dollar"
"Bank Floating Average Exchange Rates  (PKR per National Currency)","31-Oct-2000","TS_GP_ER_FAERPKR_M.E00220","22 Average Exchange rate of Pak Rupees per U.S. Dollar","58.159064","PKR","Normal","","220","Average Exchange rate of Pak Rupees per U.S. Dollar"
"Bank Floating Average Exchange Rates  (PKR per National Currency)","30-Sep-2000","TS_GP_ER_FAERPKR_M.E00220","22 Average Exchange rate of Pak Rupees per U.S. Dollar","56.106307","PKR","Normal","","220","Average Exchange rate of Pak Rupees per U.S. Dollar"
"Bank Floating Average Exchange Rates  (PKR per National Currency)","31-Aug-2000","TS_GP_ER_FAERPKR_M.E00220","22 Average Exchange rate of Pak Rupees per U.S. Dollar","53.982034","PKR","Normal","","220","Average Exchange rate of Pak Rupees per U.S. Dollar"
"Bank Floating Average Exchange Rates  (PKR per National Currency)","31-Jul-2000","TS_GP_ER_FAERPKR_M.E00220","22 Average Exchange rate of Pak Rupees per U.S. Dollar","52.507528","PKR","Normal","","220","Average Exchange rate of Pak Rupees per U.S. Dollar"
"Bank Floating Average Exchange Rates  (PKR per National Currency)","30-Jun-2000","TS_GP_ER_FAERPKR_M.E00220","22 Average Exchange rate of Pak Rupees per U.S. Dollar","52.0452","PKR","Normal","","220","Average Exchange rate of Pak Rupees per U.S. Dollar"
"Bank Floating Average Exchange Rates  (PKR per National Currency)","31-May-2000","TS_GP_ER_FAERPKR_M.E00220","22 Average Exchange rate of Pak Rupees per U.S. Dollar","51.79745","PKR","Normal","","220","Average Exchange rate of Pak Rupees per U.S. Dollar"
"Bank Floating Average Exchange Rates  (PKR per National Currency)","30-Apr-2000","TS_GP_ER_FAERPKR_M.E00220","22 Average Exchange rate of Pak Rupees per U.S. Dollar","51.791144","PKR","Normal","","220","Average Exchange rate of Pak Rupees per U.S. Dollar"
"Bank Floating Average Exchange Rates  (PKR per National Currency)","31-Mar-2000","TS_GP_ER_FAERPKR_M.E00220","22 Average Exchange rate of Pak Rupees per U.S. Dollar","51.791234","PKR","Normal","","220","Average Exchange rate of Pak Rupees per U.S. Dollar"
"Bank Floating Average Exchange Rates  (PKR per National Currency)","29-Feb-2000","TS_GP_ER_FAERPKR_M.E00220","22 Average Exchange rate of Pak Rupees per U.S. Dollar","51.796174","PKR","Normal","","220","Average Exchange rate of Pak Rupees per U.S. Dollar"
"Bank Floating Average Exchange Rates  (PKR per National Currency)","31-Jan-2000","TS_GP_ER_FAERPKR_M.E00220","22 Average Exchange rate of Pak Rupees per U.S. Dollar","51.770247","PKR","Normal","","220","Average Exchange rate of Pak Rupees per U.S. Dollar"
"Bank Floating Average Exchange Rates  (PKR per National Currency)","31-Dec-1999","TS_GP_ER_FAERPKR_M.E00220","22 Average Exchange rate of Pak Rupees per U.S. Dollar","51.764705","PKR","Normal","","220","Average Exchange rate of Pak Rupees per U.S. Dollar"
"Bank Floating Average Exchange Rates  (PKR per National Currency)","30-Nov-1999","TS_GP_ER_FAERPKR_M.E00220","22 Average Exchange rate of Pak Rupees per U.S. Dollar","51.765313","PKR","Normal","","220","Average Exchange rate of Pak Rupees per U.S. Dollar"
"Bank Floating Average Exchange Rates  (PKR per National Currency)","31-Oct-1999","TS_GP_ER_FAERPKR_M.E00220","22 Average Exchange rate of Pak Rupees per U.S. Dollar","51.753448","PKR","Normal","","220","Average Exchange rate of Pak Rupees per U.S. Dollar"
"Bank Floating Average Exchange Rates  (PKR per National Currency)","30-Sep-1999","TS_GP_ER_FAERPKR_M.E00220","22 Average Exchange rate of Pak Rupees per U.S. Dollar","51.728354","PKR","Normal","","220","Average Exchange rate of Pak Rupees per U.S. Dollar"
"Bank Floating Average Exchange Rates  (PKR per National Currency)","31-Aug-1999","TS_GP_ER_FAERPKR_M.E00220","22 Average Exchange rate of Pak Rupees per U.S. Dollar","51.640779","PKR","Normal","","220","Average Exchange rate of Pak Rupees per U.S. Dollar"
"Bank Floating Average Exchange Rates  (PKR per National Currency)","31-Jul-1999","TS_GP_ER_FAERPKR_M.E00220","22 Average Exchange rate of Pak Rupees per U.S. Dollar","51.606713","PKR","Normal","","220","Average Exchange rate of Pak Rupees per U.S. Dollar"
"Bank Floating Average Exchange Rates  (PKR per National Currency)","30-Jun-1999","TS_GP_ER_FAERPKR_M.E00220","22 Average Exchange rate of Pak Rupees per U.S. Dollar","51.70171","PKR","Normal","","220","Average Exchange rate of Pak Rupees per U.S. Dollar"
"Bank Floating Average Exchange Rates  (PKR per National Currency)","31-May-1999","TS_GP_ER_FAERPKR_M.E00220","22 Average Exchange rate of Pak Rupees per U.S. Dollar","48.484769","PKR","Normal","","220","Average Exchange rate of Pak Rupees per U.S. Dollar"
"Bank Floating Average Exchange Rates  (PKR per National Currency)","30-Apr-1999","TS_GP_ER_FAERPKR_M.E00220","22 Average Exchange rate of Pak Rupees per U.S. Dollar","46.115","PKR","Normal","","220","Average Exchange rate of Pak Rupees per U.S. Dollar"
"Bank Floating Average Exchange Rates  (PKR per National Currency)","31-Mar-1999","TS_GP_ER_FAERPKR_M.E00220","22 Average Exchange rate of Pak Rupees per U.S. Dollar","46.115","PKR","Normal","","220","Average Exchange rate of Pak Rupees per U.S. Dollar"
"Bank Floating Average Exchange Rates  (PKR per National Currency)","28-Feb-1999","TS_GP_ER_FAERPKR_M.E00220","22 Average Exchange rate of Pak Rupees per U.S. Dollar","46.115","PKR","Normal","","220","Average Exchange rate of Pak Rupees per U.S. Dollar"
"Bank Floating Average Exchange Rates  (PKR per National Currency)","31-Jan-1999","TS_GP_ER_FAERPKR_M.E00220","22 Average Exchange rate of Pak Rupees per U.S. Dollar","46.115","PKR","Normal","","220","Average Exchange rate of Pak Rupees per U.S. Dollar"
"Bank Floating Average Exchange Rates  (PKR per National Currency)","31-Dec-1998","TS_GP_ER_FAERPKR_M.E00220","22 Average Exchange rate of Pak Rupees per U.S. Dollar","46.115","PKR","Normal","","220","Average Exchange rate of Pak Rupees per U.S. Dollar"
"Bank Floating Average Exchange Rates  (PKR per National Currency)","30-Nov-1998","TS_GP_ER_FAERPKR_M.E00220","22 Average Exchange rate of Pak Rupees per U.S. Dollar","46.115","PKR","Normal","","220","Average Exchange rate of Pak Rupees per U.S. Dollar"
"Bank Floating Average Exchange Rates  (PKR per National Currency)","31-Oct-1998","TS_GP_ER_FAERPKR_M.E00220","22 Average Exchange rate of Pak Rupees per U.S. Dollar","46.115","PKR","Normal","","220","Average Exchange rate of Pak Rupees per U.S. Dollar"
"Bank Floating Average Exchange Rates  (PKR per National Currency)","30-Sep-1998","TS_GP_ER_FAERPKR_M.E00220","22 Average Exchange rate of Pak Rupees per U.S. Dollar","46.115","PKR","Normal","","220","Average Exchange rate of Pak Rupees per U.S. Dollar"
"Bank Floating Average Exchange Rates  (PKR per National Currency)","31-Aug-1998","TS_GP_ER_FAERPKR_M.E00220","22 Average Exchange rate of Pak Rupees per U.S. Dollar","46.115","PKR","Normal","","220","Average Exchange rate of Pak Rupees per U.S. Dollar"
"Bank Floating Average Exchange Rates  (PKR per National Currency)","31-Jul-1998","TS_GP_ER_FAERPKR_M.E00220","22 Average Exchange rate of Pak Rupees per U.S. Dollar","46.2633","PKR","Normal","","220","Average Exchange rate of Pak Rupees per U.S. Dollar"
"Bank Floating Average Exchange Rates  (PKR per National Currency)","30-Jun-1998","TS_GP_ER_FAERPKR_M.E00220","22 Average Exchange rate of Pak Rupees per U.S. Dollar","44.59396","PKR","Normal","","220","Average Exchange rate of Pak Rupees per U.S. Dollar"
"Bank Floating Average Exchange Rates  (PKR per National Currency)","31-May-1998","TS_GP_ER_FAERPKR_M.E00220","22 Average Exchange rate of Pak Rupees per U.S. Dollar","44.160907","PKR","Normal","","220","Average Exchange rate of Pak Rupees per U.S. Dollar"
"Bank Floating Average Exchange Rates  (PKR per National Currency)","30-Apr-1998","TS_GP_ER_FAERPKR_M.E00220","22 Average Exchange rate of Pak Rupees per U.S. Dollar","44.291123","PKR","Normal","","220","Average Exchange rate of Pak Rupees per U.S. Dollar"
"Bank Floating Average Exchange Rates  (PKR per National Currency)","31-Mar-1998","TS_GP_ER_FAERPKR_M.E00220","22 Average Exchange rate of Pak Rupees per U.S. Dollar","44.197432","PKR","Normal","","220","Average Exchange rate of Pak Rupees per U.S. Dollar"
"Bank Floating Average Exchange Rates  (PKR per National Currency)","28-Feb-1998","TS_GP_ER_FAERPKR_M.E00220","22 Average Exchange rate of Pak Rupees per U.S. Dollar","44.1602","PKR","Normal","","220","Average Exchange rate of Pak Rupees per U.S. Dollar"
"Bank Floating Average Exchange Rates  (PKR per National Currency)","31-Jan-1998","TS_GP_ER_FAERPKR_M.E00220","22 Average Exchange rate of Pak Rupees per U.S. Dollar","44.1602","PKR","Normal","","220","Average Exchange rate of Pak Rupees per U.S. Dollar"
"Bank Floating Average Exchange Rates  (PKR per National Currency)","31-Dec-1997","TS_GP_ER_FAERPKR_M.E00220","22 Average Exchange rate of Pak Rupees per U.S. Dollar","44.1602","PKR","Normal","","220","Average Exchange rate of Pak Rupees per U.S. Dollar"
"Bank Floating Average Exchange Rates  (PKR per National Currency)","30-Nov-1997","TS_GP_ER_FAERPKR_M.E00220","22 Average Exchange rate of Pak Rupees per U.S. Dollar","44.1602","PKR","Normal","","220","Average Exchange rate of Pak Rupees per U.S. Dollar"
"Bank Floating Average Exchange Rates  (PKR per National Currency)","31-Oct-1997","TS_GP_ER_FAERPKR_M.E00220","22 Average Exchange rate of Pak Rupees per U.S. Dollar","42.621548","PKR","Normal","","220","Average Exchange rate of Pak Rupees per U.S. Dollar"
"Bank Floating Average Exchange Rates  (PKR per National Currency)","30-Sep-1997","TS_GP_ER_FAERPKR_M.E00220","22 Average Exchange rate of Pak Rupees per U.S. Dollar","40.6213","PKR","Normal","","220","Average Exchange rate of Pak Rupees per U.S. Dollar"
"Bank Floating Average Exchange Rates  (PKR per National Currency)","31-Aug-1997","TS_GP_ER_FAERPKR_M.E00220","22 Average Exchange rate of Pak Rupees per U.S. Dollar","40.6213","PKR","Normal","","220","Average Exchange rate of Pak Rupees per U.S. Dollar"
"Bank Floating Average Exchange Rates  (PKR per National Currency)","31-Jul-1997","TS_GP_ER_FAERPKR_M.E00220","22 Average Exchange rate of Pak Rupees per U.S. Dollar","40.60125","PKR","Normal","","220","Average Exchange rate of Pak Rupees per U.S. Dollar"
"Bank Floating Average Exchange Rates  (PKR per National Currency)","30-Jun-1997","TS_GP_ER_FAERPKR_M.E00220","22 Average Exchange rate of Pak Rupees per U.S. Dollar","40.494508","PKR","Normal","","220","Average Exchange rate of Pak Rupees per U.S. Dollar"
"Bank Floating Average Exchange Rates  (PKR per National Currency)","31-May-1997","TS_GP_ER_FAERPKR_M.E00220","22 Average Exchange rate of Pak Rupees per U.S. Dollar","40.441784","PKR","Normal","","220","Average Exchange rate of Pak Rupees per U.S. Dollar"
"Bank Floating Average Exchange Rates  (PKR per National Currency)","30-Apr-1997","TS_GP_ER_FAERPKR_M.E00220","22 Average Exchange rate of Pak Rupees per U.S. Dollar","40.25639","PKR","Normal","","220","Average Exchange rate of Pak Rupees per U.S. Dollar"
"Bank Floating Average Exchange Rates  (PKR per National Currency)","31-Mar-1997","TS_GP_ER_FAERPKR_M.E00220","22 Average Exchange rate of Pak Rupees per U.S. Dollar","40.2203","PKR","Normal","","220","Average Exchange rate of Pak Rupees per U.S. Dollar"
"Bank Floating Average Exchange Rates  (PKR per National Currency)","28-Feb-1997","TS_GP_ER_FAERPKR_M.E00220","22 Average Exchange rate of Pak Rupees per U.S. Dollar","40.2203","PKR","Normal","","220","Average Exchange rate of Pak Rupees per U.S. Dollar"
"Bank Floating Average Exchange Rates  (PKR per National Currency)","31-Jan-1997","TS_GP_ER_FAERPKR_M.E00220","22 Average Exchange rate of Pak Rupees per U.S. Dollar","40.2203","PKR","Normal","","220","Average Exchange rate of Pak Rupees per U.S. Dollar"
"Bank Floating Average Exchange Rates  (PKR per National Currency)","31-Dec-1996","TS_GP_ER_FAERPKR_M.E00220","22 Average Exchange rate of Pak Rupees per U.S. Dollar","40.2203","PKR","Normal","","220","Average Exchange rate of Pak Rupees per U.S. Dollar"
"Bank Floating Average Exchange Rates  (PKR per National Currency)","30-Nov-1996","TS_GP_ER_FAERPKR_M.E00220","22 Average Exchange rate of Pak Rupees per U.S. Dollar","40.2203","PKR","Normal","","220","Average Exchange rate of Pak Rupees per U.S. Dollar"
"Bank Floating Average Exchange Rates  (PKR per National Currency)","31-Oct-1996","TS_GP_ER_FAERPKR_M.E00220","22 Average Exchange rate of Pak Rupees per U.S. Dollar","38.160833","PKR","Normal","","220","Average Exchange rate of Pak Rupees per U.S. Dollar"
"Bank Floating Average Exchange Rates  (PKR per National Currency)","30-Sep-1996","TS_GP_ER_FAERPKR_M.E00220","22 Average Exchange rate of Pak Rupees per U.S. Dollar","36.611317","PKR","Normal","","220","Average Exchange rate of Pak Rupees per U.S. Dollar"
"Bank Floating Average Exchange Rates  (PKR per National Currency)","31-Aug-1996","TS_GP_ER_FAERPKR_M.E00220","22 Average Exchange rate of Pak Rupees per U.S. Dollar","35.57524","PKR","Normal","","220","Average Exchange rate of Pak Rupees per U.S. Dollar"
"Bank Floating Average Exchange Rates  (PKR per National Currency)","31-Jul-1996","TS_GP_ER_FAERPKR_M.E00220","22 Average Exchange rate of Pak Rupees per U.S. Dollar","35.282119","PKR","Normal","","220","Average Exchange rate of Pak Rupees per U.S. Dollar"
"Bank Floating Average Exchange Rates  (PKR per National Currency)","30-Jun-1996","TS_GP_ER_FAERPKR_M.E00220","22 Average Exchange rate of Pak Rupees per U.S. Dollar","35.056967","PKR","Normal","","220","Average Exchange rate of Pak Rupees per U.S. Dollar"
"Bank Floating Average Exchange Rates  (PKR per National Currency)","31-May-1996","TS_GP_ER_FAERPKR_M.E00220","22 Average Exchange rate of Pak Rupees per U.S. Dollar","34.849605","PKR","Normal","","220","Average Exchange rate of Pak Rupees per U.S. Dollar"
"Bank Floating Average Exchange Rates  (PKR per National Currency)","30-Apr-1996","TS_GP_ER_FAERPKR_M.E00220","22 Average Exchange rate of Pak Rupees per U.S. Dollar","34.707082","PKR","Normal","","220","Average Exchange rate of Pak Rupees per U.S. Dollar"
"Bank Floating Average Exchange Rates  (PKR per National Currency)","31-Mar-1996","TS_GP_ER_FAERPKR_M.E00220","22 Average Exchange rate of Pak Rupees per U.S. Dollar","34.571929","PKR","Normal","","220","Average Exchange rate of Pak Rupees per U.S. Dollar"
"Bank Floating Average Exchange Rates  (PKR per National Currency)","29-Feb-1996","TS_GP_ER_FAERPKR_M.E00220","22 Average Exchange rate of Pak Rupees per U.S. Dollar","34.435336","PKR","Normal","","220","Average Exchange rate of Pak Rupees per U.S. Dollar"
"Bank Floating Average Exchange Rates  (PKR per National Currency)","31-Jan-1996","TS_GP_ER_FAERPKR_M.E00220","22 Average Exchange rate of Pak Rupees per U.S. Dollar","34.343333","PKR","Normal","","220","Average Exchange rate of Pak Rupees per U.S. Dollar"
"Bank Floating Average Exchange Rates  (PKR per National Currency)","31-Dec-1995","TS_GP_ER_FAERPKR_M.E00220","22 Average Exchange rate of Pak Rupees per U.S. Dollar","34.3357","PKR","Normal","","220","Average Exchange rate of Pak Rupees per U.S. Dollar"
"Bank Floating Average Exchange Rates  (PKR per National Currency)","30-Nov-1995","TS_GP_ER_FAERPKR_M.E00220","22 Average Exchange rate of Pak Rupees per U.S. Dollar","34.3357","PKR","Normal","","220","Average Exchange rate of Pak Rupees per U.S. Dollar"
"Bank Floating Average Exchange Rates  (PKR per National Currency)","31-Oct-1995","TS_GP_ER_FAERPKR_M.E00220","22 Average Exchange rate of Pak Rupees per U.S. Dollar","32.107057","PKR","Normal","","220","Average Exchange rate of Pak Rupees per U.S. Dollar"
"Bank Floating Average Exchange Rates  (PKR per National Currency)","30-Sep-1995","TS_GP_ER_FAERPKR_M.E00220","22 Average Exchange rate of Pak Rupees per U.S. Dollar","31.518628","PKR","Normal","","220","Average Exchange rate of Pak Rupees per U.S. Dollar"
"Bank Floating Average Exchange Rates  (PKR per National Currency)","31-Aug-1995","TS_GP_ER_FAERPKR_M.E00220","22 Average Exchange rate of Pak Rupees per U.S. Dollar","31.35631","PKR","Normal","","220","Average Exchange rate of Pak Rupees per U.S. Dollar"
"Bank Floating Average Exchange Rates  (PKR per National Currency)","31-Jul-1995","TS_GP_ER_FAERPKR_M.E00220","22 Average Exchange rate of Pak Rupees per U.S. Dollar","31.203289","PKR","Normal","","220","Average Exchange rate of Pak Rupees per U.S. Dollar"
"Bank Floating Average Exchange Rates  (PKR per National Currency)","30-Jun-1995","TS_GP_ER_FAERPKR_M.E00220","22 Average Exchange rate of Pak Rupees per U.S. Dollar","31.051721","PKR","Normal","","220","Average Exchange rate of Pak Rupees per U.S. Dollar"
"Bank Floating Average Exchange Rates  (PKR per National Currency)","31-May-1995","TS_GP_ER_FAERPKR_M.E00220","22 Average Exchange rate of Pak Rupees per U.S. Dollar","30.9936","PKR","Normal","","220","Average Exchange rate of Pak Rupees per U.S. Dollar"
"Bank Floating Average Exchange Rates  (PKR per National Currency)","30-Apr-1995","TS_GP_ER_FAERPKR_M.E00220","22 Average Exchange rate of Pak Rupees per U.S. Dollar","30.9505","PKR","Normal","","220","Average Exchange rate of Pak Rupees per U.S. Dollar"
"Bank Floating Average Exchange Rates  (PKR per National Currency)","31-Mar-1995","TS_GP_ER_FAERPKR_M.E00220","22 Average Exchange rate of Pak Rupees per U.S. Dollar","30.968805","PKR","Normal","","220","Average Exchange rate of Pak Rupees per U.S. Dollar"
"Bank Floating Average Exchange Rates  (PKR per National Currency)","28-Feb-1995","TS_GP_ER_FAERPKR_M.E00220","22 Average Exchange rate of Pak Rupees per U.S. Dollar","30.9695","PKR","Normal","","220","Average Exchange rate of Pak Rupees per U.S. Dollar"
"Bank Floating Average Exchange Rates  (PKR per National Currency)","31-Jan-1995","TS_GP_ER_FAERPKR_M.E00220","22 Average Exchange rate of Pak Rupees per U.S. Dollar","30.9188","PKR","Normal","","220","Average Exchange rate of Pak Rupees per U.S. Dollar"
"Bank Floating Average Exchange Rates  (PKR per National Currency)","31-Dec-1994","TS_GP_ER_FAERPKR_M.E00220","22 Average Exchange rate of Pak Rupees per U.S. Dollar","30.8319","PKR","Normal","","220","Average Exchange rate of Pak Rupees per U.S. Dollar"
"Bank Floating Average Exchange Rates  (PKR per National Currency)","30-Nov-1994","TS_GP_ER_FAERPKR_M.E00220","22 Average Exchange rate of Pak Rupees per U.S. Dollar","30.7434","PKR","Normal","","220","Average Exchange rate of Pak Rupees per U.S. Dollar"
"Bank Floating Average Exchange Rates  (PKR per National Currency)","31-Oct-1994","TS_GP_ER_FAERPKR_M.E00220","22 Average Exchange rate of Pak Rupees per U.S. Dollar","30.7267","PKR","Normal","","220","Average Exchange rate of Pak Rupees per U.S. Dollar"
"Bank Floating Average Exchange Rates  (PKR per National Currency)","30-Sep-1994","TS_GP_ER_FAERPKR_M.E00220","22 Average Exchange rate of Pak Rupees per U.S. Dollar","30.7267","PKR","Normal","","220","Average Exchange rate of Pak Rupees per U.S. Dollar"
"Bank Floating Average Exchange Rates  (PKR per National Currency)","31-Aug-1994","TS_GP_ER_FAERPKR_M.E00220","22 Average Exchange rate of Pak Rupees per U.S. Dollar","30.6694","PKR","Normal","","220","Average Exchange rate of Pak Rupees per U.S. Dollar"
"Bank Floating Average Exchange Rates  (PKR per National Currency)","31-Jul-1994","TS_GP_ER_FAERPKR_M.E00220","22 Average Exchange rate of Pak Rupees per U.S. Dollar","30.6694","PKR","Normal","","220","Average Exchange rate of Pak Rupees per U.S. Dollar"
"Bank Floating Average Exchange Rates  (PKR per National Currency)","30-Jun-1994","TS_GP_ER_FAERPKR_M.E00220","22 Average Exchange rate of Pak Rupees per U.S. Dollar","30.7247","PKR","Normal","","220","Average Exchange rate of Pak Rupees per U.S. Dollar"
"Bank Floating Average Exchange Rates  (PKR per National Currency)","31-May-1994","TS_GP_ER_FAERPKR_M.E00220","22 Average Exchange rate of Pak Rupees per U.S. Dollar","30.6835","PKR","Normal","","220","Average Exchange rate of Pak Rupees per U.S. Dollar"
"Bank Floating Average Exchange Rates  (PKR per National Currency)","30-Apr-1994","TS_GP_ER_FAERPKR_M.E00220","22 Average Exchange rate of Pak Rupees per U.S. Dollar","30.6164","PKR","Normal","","220","Average Exchange rate of Pak Rupees per U.S. Dollar"
"Bank Floating Average Exchange Rates  (PKR per National Currency)","31-Mar-1994","TS_GP_ER_FAERPKR_M.E00220","22 Average Exchange rate of Pak Rupees per U.S. Dollar","30.5736","PKR","Normal","","220","Average Exchange rate of Pak Rupees per U.S. Dollar"
"Bank Floating Average Exchange Rates  (PKR per National Currency)","28-Feb-1994","TS_GP_ER_FAERPKR_M.E00220","22 Average Exchange rate of Pak Rupees per U.S. Dollar","30.4633","PKR","Normal","","220","Average Exchange rate of Pak Rupees per U.S. Dollar"
"Bank Floating Average Exchange Rates  (PKR per National Currency)","31-Jan-1994","TS_GP_ER_FAERPKR_M.E00220","22 Average Exchange rate of Pak Rupees per U.S. Dollar","30.291","PKR","Normal","","220","Average Exchange rate of Pak Rupees per U.S. Dollar"
"Bank Floating Average Exchange Rates  (PKR per National Currency)","31-Dec-1993","TS_GP_ER_FAERPKR_M.E00220","22 Average Exchange rate of Pak Rupees per U.S. Dollar","30.1616","PKR","Normal","","220","Average Exchange rate of Pak Rupees per U.S. Dollar"
"Bank Floating Average Exchange Rates  (PKR per National Currency)","30-Nov-1993","TS_GP_ER_FAERPKR_M.E00220","22 Average Exchange rate of Pak Rupees per U.S. Dollar","30.1252","PKR","Normal","","220","Average Exchange rate of Pak Rupees per U.S. Dollar"
"Bank Floating Average Exchange Rates  (PKR per National Currency)","31-Oct-1993","TS_GP_ER_FAERPKR_M.E00220","22 Average Exchange rate of Pak Rupees per U.S. Dollar","30.0903","PKR","Normal","","220","Average Exchange rate of Pak Rupees per U.S. Dollar"
"Bank Floating Average Exchange Rates  (PKR per National Currency)","30-Sep-1993","TS_GP_ER_FAERPKR_M.E00220","22 Average Exchange rate of Pak Rupees per U.S. Dollar","29.9247","PKR","Normal","","220","Average Exchange rate of Pak Rupees per U.S. Dollar"
"Bank Floating Average Exchange Rates  (PKR per National Currency)","31-Aug-1993","TS_GP_ER_FAERPKR_M.E00220","22 Average Exchange rate of Pak Rupees per U.S. Dollar","29.9247","PKR","Normal","","220","Average Exchange rate of Pak Rupees per U.S. Dollar"
"Bank Floating Average Exchange Rates  (PKR per National Currency)","31-Jul-1993","TS_GP_ER_FAERPKR_M.E00220","22 Average Exchange rate of Pak Rupees per U.S. Dollar","28.3871","PKR","Normal","","220","Average Exchange rate of Pak Rupees per U.S. Dollar"
"Bank Floating Average Exchange Rates  (PKR per National Currency)","30-Jun-1993","TS_GP_ER_FAERPKR_M.E00220","22 Average Exchange rate of Pak Rupees per U.S. Dollar","27.1477","PKR","Normal","","220","Average Exchange rate of Pak Rupees per U.S. Dollar"
"Bank Floating Average Exchange Rates  (PKR per National Currency)","31-May-1993","TS_GP_ER_FAERPKR_M.E00220","22 Average Exchange rate of Pak Rupees per U.S. Dollar","26.8686","PKR","Normal","","220","Average Exchange rate of Pak Rupees per U.S. Dollar"
"Bank Floating Average Exchange Rates  (PKR per National Currency)","30-Apr-1993","TS_GP_ER_FAERPKR_M.E00220","22 Average Exchange rate of Pak Rupees per U.S. Dollar","26.7461","PKR","Normal","","220","Average Exchange rate of Pak Rupees per U.S. Dollar"
"Bank Floating Average Exchange Rates  (PKR per National Currency)","31-Mar-1993","TS_GP_ER_FAERPKR_M.E00220","22 Average Exchange rate of Pak Rupees per U.S. Dollar","26.5855","PKR","Normal","","220","Average Exchange rate of Pak Rupees per U.S. Dollar"
"Bank Floating Average Exchange Rates  (PKR per National Currency)","28-Feb-1993","TS_GP_ER_FAERPKR_M.E00220","22 Average Exchange rate of Pak Rupees per U.S. Dollar","26.2669","PKR","Normal","","220","Average Exchange rate of Pak Rupees per U.S. Dollar"
"Bank Floating Average Exchange Rates  (PKR per National Currency)","31-Jan-1993","TS_GP_ER_FAERPKR_M.E00220","22 Average Exchange rate of Pak Rupees per U.S. Dollar","25.9752","PKR","Normal","","220","Average Exchange rate of Pak Rupees per U.S. Dollar"
"Bank Floating Average Exchange Rates  (PKR per National Currency)","31-Dec-1992","TS_GP_ER_FAERPKR_M.E00220","22 Average Exchange rate of Pak Rupees per U.S. Dollar","25.6933","PKR","Normal","","220","Average Exchange rate of Pak Rupees per U.S. Dollar"
"Bank Floating Average Exchange Rates  (PKR per National Currency)","30-Nov-1992","TS_GP_ER_FAERPKR_M.E00220","22 Average Exchange rate of Pak Rupees per U.S. Dollar","25.508","PKR","Normal","","220","Average Exchange rate of Pak Rupees per U.S. Dollar"
"Bank Floating Average Exchange Rates  (PKR per National Currency)","31-Oct-1992","TS_GP_ER_FAERPKR_M.E00220","22 Average Exchange rate of Pak Rupees per U.S. Dollar","25.2044","PKR","Normal","","220","Average Exchange rate of Pak Rupees per U.S. Dollar"
"Bank Floating Average Exchange Rates  (PKR per National Currency)","30-Sep-1992","TS_GP_ER_FAERPKR_M.E00220","22 Average Exchange rate of Pak Rupees per U.S. Dollar","25.1427","PKR","Normal","","220","Average Exchange rate of Pak Rupees per U.S. Dollar"
"Bank Floating Average Exchange Rates  (PKR per National Currency)","31-Aug-1992","TS_GP_ER_FAERPKR_M.E00220","22 Average Exchange rate of Pak Rupees per U.S. Dollar","25.1854","PKR","Normal","","220","Average Exchange rate of Pak Rupees per U.S. Dollar"
"Bank Floating Average Exchange Rates  (PKR per National Currency)","31-Jul-1992","TS_GP_ER_FAERPKR_M.E00220","22 Average Exchange rate of Pak Rupees per U.S. Dollar","25.1929","PKR","Normal","","220","Average Exchange rate of Pak Rupees per U.S. Dollar"
"Bank Floating Average Exchange Rates  (PKR per National Currency)","30-Jun-1992","TS_GP_ER_FAERPKR_M.E00220","22 Average Exchange rate of Pak Rupees per U.S. Dollar","25.1891","PKR","Normal","","220","Average Exchange rate of Pak Rupees per U.S. Dollar"
"Bank Floating Average Exchange Rates  (PKR per National Currency)","31-May-1992","TS_GP_ER_FAERPKR_M.E00220","22 Average Exchange rate of Pak Rupees per U.S. Dollar","25.157","PKR","Normal","","220","Average Exchange rate of Pak Rupees per U.S. Dollar"
"Bank Floating Average Exchange Rates  (PKR per National Currency)","30-Apr-1992","TS_GP_ER_FAERPKR_M.E00220","22 Average Exchange rate of Pak Rupees per U.S. Dollar","25.0865","PKR","Normal","","220","Average Exchange rate of Pak Rupees per U.S. Dollar"
"Bank Floating Average Exchange Rates  (PKR per National Currency)","31-Mar-1992","TS_GP_ER_FAERPKR_M.E00220","22 Average Exchange rate of Pak Rupees per U.S. Dollar","24.9234","PKR","Normal","","220","Average Exchange rate of Pak Rupees per U.S. Dollar"
"Bank Floating Average Exchange Rates  (PKR per National Currency)","29-Feb-1992","TS_GP_ER_FAERPKR_M.E00220","22 Average Exchange rate of Pak Rupees per U.S. Dollar","24.7175","PKR","Normal","","220","Average Exchange rate of Pak Rupees per U.S. Dollar"
"Bank Floating Average Exchange Rates  (PKR per National Currency)","31-Jan-1992","TS_GP_ER_FAERPKR_M.E00220","22 Average Exchange rate of Pak Rupees per U.S. Dollar","24.7548","PKR","Normal","","220","Average Exchange rate of Pak Rupees per U.S. Dollar"
"Bank Floating Average Exchange Rates  (PKR per National Currency)","31-Dec-1991","TS_GP_ER_FAERPKR_M.E00220","22 Average Exchange rate of Pak Rupees per U.S. Dollar","24.7914","PKR","Normal","","220","Average Exchange rate of Pak Rupees per U.S. Dollar"
"Bank Floating Average Exchange Rates  (PKR per National Currency)","30-Nov-1991","TS_GP_ER_FAERPKR_M.E00220","22 Average Exchange rate of Pak Rupees per U.S. Dollar","24.7668","PKR","Normal","","220","Average Exchange rate of Pak Rupees per U.S. Dollar"
"Bank Floating Average Exchange Rates  (PKR per National Currency)","31-Oct-1991","TS_GP_ER_FAERPKR_M.E00220","22 Average Exchange rate of Pak Rupees per U.S. Dollar","24.6804","PKR","Normal","","220","Average Exchange rate of Pak Rupees per U.S. Dollar"
"Bank Floating Average Exchange Rates  (PKR per National Currency)","30-Sep-1991","TS_GP_ER_FAERPKR_M.E00220","22 Average Exchange rate of Pak Rupees per U.S. Dollar","24.7154","PKR","Normal","","220","Average Exchange rate of Pak Rupees per U.S. Dollar"
"Bank Floating Average Exchange Rates  (PKR per National Currency)","31-Aug-1991","TS_GP_ER_FAERPKR_M.E00220","22 Average Exchange rate of Pak Rupees per U.S. Dollar","24.7185","PKR","Normal","","220","Average Exchange rate of Pak Rupees per U.S. Dollar"
"Bank Floating Average Exchange Rates  (PKR per National Currency)","31-Jul-1991","TS_GP_ER_FAERPKR_M.E00220","22 Average Exchange rate of Pak Rupees per U.S. Dollar","24.6281","PKR","Normal","","220","Average Exchange rate of Pak Rupees per U.S. Dollar"
"Bank Floating Average Exchange Rates  (PKR per National Currency)","30-Jun-1991","TS_GP_ER_FAERPKR_M.E00220","22 Average Exchange rate of Pak Rupees per U.S. Dollar","24.1241","PKR","Normal","","220","Average Exchange rate of Pak Rupees per U.S. Dollar"
"Bank Floating Average Exchange Rates  (PKR per National Currency)","31-May-1991","TS_GP_ER_FAERPKR_M.E00220","22 Average Exchange rate of Pak Rupees per U.S. Dollar","23.740475","PKR","Normal","","220","Average Exchange rate of Pak Rupees per U.S. Dollar"
"Bank Floating Average Exchange Rates  (PKR per National Currency)","30-Apr-1991","TS_GP_ER_FAERPKR_M.E00220","22 Average Exchange rate of Pak Rupees per U.S. Dollar","23.2502","PKR","Normal","","220","Average Exchange rate of Pak Rupees per U.S. Dollar"
"Bank Floating Average Exchange Rates  (PKR per National Currency)","31-Mar-1991","TS_GP_ER_FAERPKR_M.E00220","22 Average Exchange rate of Pak Rupees per U.S. Dollar","22.5604","PKR","Normal","","220","Average Exchange rate of Pak Rupees per U.S. Dollar"
"Bank Floating Average Exchange Rates  (PKR per National Currency)","28-Feb-1991","TS_GP_ER_FAERPKR_M.E00220","22 Average Exchange rate of Pak Rupees per U.S. Dollar","22.2054","PKR","Normal","","220","Average Exchange rate of Pak Rupees per U.S. Dollar"
"Bank Floating Average Exchange Rates  (PKR per National Currency)","31-Jan-1991","TS_GP_ER_FAERPKR_M.E00220","22 Average Exchange rate of Pak Rupees per U.S. Dollar","22.1296","PKR","Normal","","220","Average Exchange rate of Pak Rupees per U.S. Dollar"
"Bank Floating Average Exchange Rates  (PKR per National Currency)","31-Dec-1990","TS_GP_ER_FAERPKR_M.E00220","22 Average Exchange rate of Pak Rupees per U.S. Dollar","21.9099","PKR","Normal","","220","Average Exchange rate of Pak Rupees per U.S. Dollar"
"Bank Floating Average Exchange Rates  (PKR per National Currency)","30-Nov-1990","TS_GP_ER_FAERPKR_M.E00220","22 Average Exchange rate of Pak Rupees per U.S. Dollar","21.9107","PKR","Normal","","220","Average Exchange rate of Pak Rupees per U.S. Dollar"
"Bank Floating Average Exchange Rates  (PKR per National Currency)","31-Oct-1990","TS_GP_ER_FAERPKR_M.E00220","22 Average Exchange rate of Pak Rupees per U.S. Dollar","21.844","PKR","Normal","","220","Average Exchange rate of Pak Rupees per U.S. Dollar"
"Bank Floating Average Exchange Rates  (PKR per National Currency)","30-Sep-1990","TS_GP_ER_FAERPKR_M.E00220","22 Average Exchange rate of Pak Rupees per U.S. Dollar","21.7944","PKR","Normal","","220","Average Exchange rate of Pak Rupees per U.S. Dollar"
"Bank Floating Average Exchange Rates  (PKR per National Currency)","31-Aug-1990","TS_GP_ER_FAERPKR_M.E00220","22 Average Exchange rate of Pak Rupees per U.S. Dollar","21.8083","PKR","Normal","","220","Average Exchange rate of Pak Rupees per U.S. Dollar"
"Bank Floating Average Exchange Rates  (PKR per National Currency)","31-Jul-1990","TS_GP_ER_FAERPKR_M.E00220","22 Average Exchange rate of Pak Rupees per U.S. Dollar","21.7944","PKR","Normal","","220","Average Exchange rate of Pak Rupees per U.S. Dollar"
"Bank Floating Average Exchange Rates  (PKR per National Currency)","30-Jun-1990","TS_GP_ER_FAERPKR_M.E00220","22 Average Exchange rate of Pak Rupees per U.S. Dollar","21.922924","PKR","Normal","","220","Average Exchange rate of Pak Rupees per U.S. Dollar"
"Bank Floating Average Exchange Rates  (PKR per National Currency)","31-May-1990","TS_GP_ER_FAERPKR_M.E00220","22 Average Exchange rate of Pak Rupees per U.S. Dollar","21.9582","PKR","Normal","","220","Average Exchange rate of Pak Rupees per U.S. Dollar"
"Bank Floating Average Exchange Rates  (PKR per National Currency)","30-Apr-1990","TS_GP_ER_FAERPKR_M.E00220","22 Average Exchange rate of Pak Rupees per U.S. Dollar","21.7476","PKR","Normal","","220","Average Exchange rate of Pak Rupees per U.S. Dollar"
"Bank Floating Average Exchange Rates  (PKR per National Currency)","31-Mar-1990","TS_GP_ER_FAERPKR_M.E00220","22 Average Exchange rate of Pak Rupees per U.S. Dollar","21.4815","PKR","Normal","","220","Average Exchange rate of Pak Rupees per U.S. Dollar"
"Bank Floating Average Exchange Rates  (PKR per National Currency)","28-Feb-1990","TS_GP_ER_FAERPKR_M.E00220","22 Average Exchange rate of Pak Rupees per U.S. Dollar","21.4736","PKR","Normal","","220","Average Exchange rate of Pak Rupees per U.S. Dollar"
"Bank Floating Average Exchange Rates  (PKR per National Currency)","31-Jan-1990","TS_GP_ER_FAERPKR_M.E00220","22 Average Exchange rate of Pak Rupees per U.S. Dollar","21.4736","PKR","Normal","","220","Average Exchange rate of Pak Rupees per U.S. Dollar"
"Bank Floating Average Exchange Rates  (PKR per National Currency)","31-Dec-1989","TS_GP_ER_FAERPKR_M.E00220","22 Average Exchange rate of Pak Rupees per U.S. Dollar","21.4385","PKR","Normal","","220","Average Exchange rate of Pak Rupees per U.S. Dollar"
"Bank Floating Average Exchange Rates  (PKR per National Currency)","30-Nov-1989","TS_GP_ER_FAERPKR_M.E00220","22 Average Exchange rate of Pak Rupees per U.S. Dollar","21.3565","PKR","Normal","","220","Average Exchange rate of Pak Rupees per U.S. Dollar"
"Bank Floating Average Exchange Rates  (PKR per National Currency)","31-Oct-1989","TS_GP_ER_FAERPKR_M.E00220","22 Average Exchange rate of Pak Rupees per U.S. Dollar","21.1693","PKR","Normal","","220","Average Exchange rate of Pak Rupees per U.S. Dollar"
"Bank Floating Average Exchange Rates  (PKR per National Currency)","30-Sep-1989","TS_GP_ER_FAERPKR_M.E00220","22 Average Exchange rate of Pak Rupees per U.S. Dollar","21.1101","PKR","Normal","","220","Average Exchange rate of Pak Rupees per U.S. Dollar"
"Bank Floating Average Exchange Rates  (PKR per National Currency)","31-Aug-1989","TS_GP_ER_FAERPKR_M.E00220","22 Average Exchange rate of Pak Rupees per U.S. Dollar","21.1027","PKR","Normal","","220","Average Exchange rate of Pak Rupees per U.S. Dollar"
"Bank Floating Average Exchange Rates  (PKR per National Currency)","31-Jul-1989","TS_GP_ER_FAERPKR_M.E00220","22 Average Exchange rate of Pak Rupees per U.S. Dollar","21.1068","PKR","Normal","","220","Average Exchange rate of Pak Rupees per U.S. Dollar"
"Bank Floating Average Exchange Rates  (PKR per National Currency)","30-Jun-1989","TS_GP_ER_FAERPKR_M.E00220","22 Average Exchange rate of Pak Rupees per U.S. Dollar","21.1528","PKR","Normal","","220","Average Exchange rate of Pak Rupees per U.S. Dollar"
"Bank Floating Average Exchange Rates  (PKR per National Currency)","31-May-1989","TS_GP_ER_FAERPKR_M.E00220","22 Average Exchange rate of Pak Rupees per U.S. Dollar","20.9414","PKR","Normal","","220","Average Exchange rate of Pak Rupees per U.S. Dollar"
"Bank Floating Average Exchange Rates  (PKR per National Currency)","30-Apr-1989","TS_GP_ER_FAERPKR_M.E00220","22 Average Exchange rate of Pak Rupees per U.S. Dollar","19.9718","PKR","Normal","","220","Average Exchange rate of Pak Rupees per U.S. Dollar"
"Bank Floating Average Exchange Rates  (PKR per National Currency)","31-Mar-1989","TS_GP_ER_FAERPKR_M.E00220","22 Average Exchange rate of Pak Rupees per U.S. Dollar","19.5327","PKR","Normal","","220","Average Exchange rate of Pak Rupees per U.S. Dollar"
"Bank Floating Average Exchange Rates  (PKR per National Currency)","28-Feb-1989","TS_GP_ER_FAERPKR_M.E00220","22 Average Exchange rate of Pak Rupees per U.S. Dollar","19.3274","PKR","Normal","","220","Average Exchange rate of Pak Rupees per U.S. Dollar"
"Bank Floating Average Exchange Rates  (PKR per National Currency)","31-Jan-1989","TS_GP_ER_FAERPKR_M.E00220","22 Average Exchange rate of Pak Rupees per U.S. Dollar","18.9862","PKR","Normal","","220","Average Exchange rate of Pak Rupees per U.S. Dollar"
"Bank Floating Average Exchange Rates  (PKR per National Currency)","31-Dec-1988","TS_GP_ER_FAERPKR_M.E00220","22 Average Exchange rate of Pak Rupees per U.S. Dollar","18.7301","PKR","Normal","","220","Average Exchange rate of Pak Rupees per U.S. Dollar"
"Bank Floating Average Exchange Rates  (PKR per National Currency)","30-Nov-1988","TS_GP_ER_FAERPKR_M.E00220","22 Average Exchange rate of Pak Rupees per U.S. Dollar","18.7285","PKR","Normal","","220","Average Exchange rate of Pak Rupees per U.S. Dollar"
"Bank Floating Average Exchange Rates  (PKR per National Currency)","31-Oct-1988","TS_GP_ER_FAERPKR_M.E00220","22 Average Exchange rate of Pak Rupees per U.S. Dollar","18.4711","PKR","Normal","","220","Average Exchange rate of Pak Rupees per U.S. Dollar"
"Bank Floating Average Exchange Rates  (PKR per National Currency)","30-Sep-1988","TS_GP_ER_FAERPKR_M.E00220","22 Average Exchange rate of Pak Rupees per U.S. Dollar","18.3619","PKR","Normal","","220","Average Exchange rate of Pak Rupees per U.S. Dollar"
"Bank Floating Average Exchange Rates  (PKR per National Currency)","31-Aug-1988","TS_GP_ER_FAERPKR_M.E00220","22 Average Exchange rate of Pak Rupees per U.S. Dollar","18.2606","PKR","Normal","","220","Average Exchange rate of Pak Rupees per U.S. Dollar"
"Bank Floating Average Exchange Rates  (PKR per National Currency)","31-Jul-1988","TS_GP_ER_FAERPKR_M.E00220","22 Average Exchange rate of Pak Rupees per U.S. Dollar","18.1212","PKR","Normal","","220","Average Exchange rate of Pak Rupees per U.S. Dollar"
"Bank Floating Average Exchange Rates  (PKR per National Currency)","30-Jun-1988","TS_GP_ER_FAERPKR_M.E00220","22 Average Exchange rate of Pak Rupees per U.S. Dollar","17.8806","PKR","Normal","","220","Average Exchange rate of Pak Rupees per U.S. Dollar"
"Bank Floating Average Exchange Rates  (PKR per National Currency)","31-May-1988","TS_GP_ER_FAERPKR_M.E00220","22 Average Exchange rate of Pak Rupees per U.S. Dollar","17.6771","PKR","Normal","","220","Average Exchange rate of Pak Rupees per U.S. Dollar"
"Bank Floating Average Exchange Rates  (PKR per National Currency)","30-Apr-1988","TS_GP_ER_FAERPKR_M.E00220","22 Average Exchange rate of Pak Rupees per U.S. Dollar","17.644","PKR","Normal","","220","Average Exchange rate of Pak Rupees per U.S. Dollar"
"Bank Floating Average Exchange Rates  (PKR per National Currency)","31-Mar-1988","TS_GP_ER_FAERPKR_M.E00220","22 Average Exchange rate of Pak Rupees per U.S. Dollar","17.6093","PKR","Normal","","220","Average Exchange rate of Pak Rupees per U.S. Dollar"
"Bank Floating Average Exchange Rates  (PKR per National Currency)","29-Feb-1988","TS_GP_ER_FAERPKR_M.E00220","22 Average Exchange rate of Pak Rupees per U.S. Dollar","17.5779","PKR","Normal","","220","Average Exchange rate of Pak Rupees per U.S. Dollar"
"Bank Floating Average Exchange Rates  (PKR per National Currency)","31-Jan-1988","TS_GP_ER_FAERPKR_M.E00220","22 Average Exchange rate of Pak Rupees per U.S. Dollar","17.5091","PKR","Normal","","220","Average Exchange rate of Pak Rupees per U.S. Dollar"
"Bank Floating Average Exchange Rates  (PKR per National Currency)","31-Dec-1987","TS_GP_ER_FAERPKR_M.E00220","22 Average Exchange rate of Pak Rupees per U.S. Dollar","17.4937","PKR","Normal","","220","Average Exchange rate of Pak Rupees per U.S. Dollar"
"Bank Floating Average Exchange Rates  (PKR per National Currency)","30-Nov-1987","TS_GP_ER_FAERPKR_M.E00220","22 Average Exchange rate of Pak Rupees per U.S. Dollar","17.549","PKR","Normal","","220","Average Exchange rate of Pak Rupees per U.S. Dollar"
"Bank Floating Average Exchange Rates  (PKR per National Currency)","31-Oct-1987","TS_GP_ER_FAERPKR_M.E00220","22 Average Exchange rate of Pak Rupees per U.S. Dollar","17.5954","PKR","Normal","","220","Average Exchange rate of Pak Rupees per U.S. Dollar"
"Bank Floating Average Exchange Rates  (PKR per National Currency)","30-Sep-1987","TS_GP_ER_FAERPKR_M.E00220","22 Average Exchange rate of Pak Rupees per U.S. Dollar","17.5638","PKR","Normal","","220","Average Exchange rate of Pak Rupees per U.S. Dollar"
"Bank Floating Average Exchange Rates  (PKR per National Currency)","31-Aug-1987","TS_GP_ER_FAERPKR_M.E00220","22 Average Exchange rate of Pak Rupees per U.S. Dollar","17.6009","PKR","Normal","","220","Average Exchange rate of Pak Rupees per U.S. Dollar"
"Bank Floating Average Exchange Rates  (PKR per National Currency)","31-Jul-1987","TS_GP_ER_FAERPKR_M.E00220","22 Average Exchange rate of Pak Rupees per U.S. Dollar","17.4916","PKR","Normal","","220","Average Exchange rate of Pak Rupees per U.S. Dollar"
"Bank Floating Average Exchange Rates  (PKR per National Currency)","30-Jun-1987","TS_GP_ER_FAERPKR_M.E00220","22 Average Exchange rate of Pak Rupees per U.S. Dollar","17.390617","PKR","Normal","","220","Average Exchange rate of Pak Rupees per U.S. Dollar"
"Bank Floating Average Exchange Rates  (PKR per National Currency)","31-May-1987","TS_GP_ER_FAERPKR_M.E00220","22 Average Exchange rate of Pak Rupees per U.S. Dollar","17.3433","PKR","Normal","","220","Average Exchange rate of Pak Rupees per U.S. Dollar"
"Bank Floating Average Exchange Rates  (PKR per National Currency)","30-Apr-1987","TS_GP_ER_FAERPKR_M.E00220","22 Average Exchange rate of Pak Rupees per U.S. Dollar","17.314065","PKR","Normal","","220","Average Exchange rate of Pak Rupees per U.S. Dollar"
"Bank Floating Average Exchange Rates  (PKR per National Currency)","31-Mar-1987","TS_GP_ER_FAERPKR_M.E00220","22 Average Exchange rate of Pak Rupees per U.S. Dollar","17.316624","PKR","Normal","","220","Average Exchange rate of Pak Rupees per U.S. Dollar"
"Bank Floating Average Exchange Rates  (PKR per National Currency)","28-Feb-1987","TS_GP_ER_FAERPKR_M.E00220","22 Average Exchange rate of Pak Rupees per U.S. Dollar","17.2578","PKR","Normal","","220","Average Exchange rate of Pak Rupees per U.S. Dollar"
"Bank Floating Average Exchange Rates  (PKR per National Currency)","31-Jan-1987","TS_GP_ER_FAERPKR_M.E00220","22 Average Exchange rate of Pak Rupees per U.S. Dollar","17.2578","PKR","Normal","","220","Average Exchange rate of Pak Rupees per U.S. Dollar"
"Bank Floating Average Exchange Rates  (PKR per National Currency)","31-Dec-1986","TS_GP_ER_FAERPKR_M.E00220","22 Average Exchange rate of Pak Rupees per U.S. Dollar","17.2578","PKR","Normal","","220","Average Exchange rate of Pak Rupees per U.S. Dollar"
"Bank Floating Average Exchange Rates  (PKR per National Currency)","30-Nov-1986","TS_GP_ER_FAERPKR_M.E00220","22 Average Exchange rate of Pak Rupees per U.S. Dollar","17.2578","PKR","Normal","","220","Average Exchange rate of Pak Rupees per U.S. Dollar"
"Bank Floating Average Exchange Rates  (PKR per National Currency)","31-Oct-1986","TS_GP_ER_FAERPKR_M.E00220","22 Average Exchange rate of Pak Rupees per U.S. Dollar","17.072506","PKR","Normal","","220","Average Exchange rate of Pak Rupees per U.S. Dollar"
"Bank Floating Average Exchange Rates  (PKR per National Currency)","30-Sep-1986","TS_GP_ER_FAERPKR_M.E00220","22 Average Exchange rate of Pak Rupees per U.S. Dollar","16.997086","PKR","Normal","","220","Average Exchange rate of Pak Rupees per U.S. Dollar"
"Bank Floating Average Exchange Rates  (PKR per National Currency)","31-Aug-1986","TS_GP_ER_FAERPKR_M.E00220","22 Average Exchange rate of Pak Rupees per U.S. Dollar","16.914467","PKR","Normal","","220","Average Exchange rate of Pak Rupees per U.S. Dollar"
"Bank Floating Average Exchange Rates  (PKR per National Currency)","31-Jul-1986","TS_GP_ER_FAERPKR_M.E00220","22 Average Exchange rate of Pak Rupees per U.S. Dollar","16.780022","PKR","Normal","","220","Average Exchange rate of Pak Rupees per U.S. Dollar"
"Bank Floating Average Exchange Rates  (PKR per National Currency)","30-Jun-1986","TS_GP_ER_FAERPKR_M.E00220","22 Average Exchange rate of Pak Rupees per U.S. Dollar","16.9358","PKR","Normal","","220","Average Exchange rate of Pak Rupees per U.S. Dollar"
"Bank Floating Average Exchange Rates  (PKR per National Currency)","31-May-1986","TS_GP_ER_FAERPKR_M.E00220","22 Average Exchange rate of Pak Rupees per U.S. Dollar","16.547175","PKR","Normal","","220","Average Exchange rate of Pak Rupees per U.S. Dollar"
"Bank Floating Average Exchange Rates  (PKR per National Currency)","30-Apr-1986","TS_GP_ER_FAERPKR_M.E00220","22 Average Exchange rate of Pak Rupees per U.S. Dollar","16.212244","PKR","Normal","","220","Average Exchange rate of Pak Rupees per U.S. Dollar"
"Bank Floating Average Exchange Rates  (PKR per National Currency)","31-Mar-1986","TS_GP_ER_FAERPKR_M.E00220","22 Average Exchange rate of Pak Rupees per U.S. Dollar","15.9878","PKR","Normal","","220","Average Exchange rate of Pak Rupees per U.S. Dollar"
"Bank Floating Average Exchange Rates  (PKR per National Currency)","28-Feb-1986","TS_GP_ER_FAERPKR_M.E00220","22 Average Exchange rate of Pak Rupees per U.S. Dollar","15.9878","PKR","Normal","","220","Average Exchange rate of Pak Rupees per U.S. Dollar"
"Bank Floating Average Exchange Rates  (PKR per National Currency)","31-Jan-1986","TS_GP_ER_FAERPKR_M.E00220","22 Average Exchange rate of Pak Rupees per U.S. Dollar","15.9878","PKR","Normal","","220","Average Exchange rate of Pak Rupees per U.S. Dollar"
"Bank Floating Average Exchange Rates  (PKR per National Currency)","31-Dec-1985","TS_GP_ER_FAERPKR_M.E00220","22 Average Exchange rate of Pak Rupees per U.S. Dollar","15.9878","PKR","Normal","","220","Average Exchange rate of Pak Rupees per U.S. Dollar"
"Bank Floating Average Exchange Rates  (PKR per National Currency)","30-Nov-1985","TS_GP_ER_FAERPKR_M.E00220","22 Average Exchange rate of Pak Rupees per U.S. Dollar","15.9878","PKR","Normal","","220","Average Exchange rate of Pak Rupees per U.S. Dollar"
"Bank Floating Average Exchange Rates  (PKR per National Currency)","31-Oct-1985","TS_GP_ER_FAERPKR_M.E00220","22 Average Exchange rate of Pak Rupees per U.S. Dollar","16.053911","PKR","Normal","","220","Average Exchange rate of Pak Rupees per U.S. Dollar"
"Bank Floating Average Exchange Rates  (PKR per National Currency)","30-Sep-1985","TS_GP_ER_FAERPKR_M.E00220","22 Average Exchange rate of Pak Rupees per U.S. Dollar","16.138569","PKR","Normal","","220","Average Exchange rate of Pak Rupees per U.S. Dollar"
"Bank Floating Average Exchange Rates  (PKR per National Currency)","31-Aug-1985","TS_GP_ER_FAERPKR_M.E00220","22 Average Exchange rate of Pak Rupees per U.S. Dollar","15.9078","PKR","Normal","","220","Average Exchange rate of Pak Rupees per U.S. Dollar"
"Bank Floating Average Exchange Rates  (PKR per National Currency)","31-Jul-1985","TS_GP_ER_FAERPKR_M.E00220","22 Average Exchange rate of Pak Rupees per U.S. Dollar","16.0078","PKR","Normal","","220","Average Exchange rate of Pak Rupees per U.S. Dollar"
"Bank Floating Average Exchange Rates  (PKR per National Currency)","30-Jun-1985","TS_GP_ER_FAERPKR_M.E00220","22 Average Exchange rate of Pak Rupees per U.S. Dollar","15.9798","PKR","Normal","","220","Average Exchange rate of Pak Rupees per U.S. Dollar"
"Bank Floating Average Exchange Rates  (PKR per National Currency)","31-May-1985","TS_GP_ER_FAERPKR_M.E00220","22 Average Exchange rate of Pak Rupees per U.S. Dollar","16.0078","PKR","Normal","","220","Average Exchange rate of Pak Rupees per U.S. Dollar"
"Bank Floating Average Exchange Rates  (PKR per National Currency)","30-Apr-1985","TS_GP_ER_FAERPKR_M.E00220","22 Average Exchange rate of Pak Rupees per U.S. Dollar","15.924271","PKR","Normal","","220","Average Exchange rate of Pak Rupees per U.S. Dollar"
"Bank Floating Average Exchange Rates  (PKR per National Currency)","31-Mar-1985","TS_GP_ER_FAERPKR_M.E00220","22 Average Exchange rate of Pak Rupees per U.S. Dollar","16.034859","PKR","Normal","","220","Average Exchange rate of Pak Rupees per U.S. Dollar"
"Bank Floating Average Exchange Rates  (PKR per National Currency)","28-Feb-1985","TS_GP_ER_FAERPKR_M.E00220","22 Average Exchange rate of Pak Rupees per U.S. Dollar","15.734943","PKR","Normal","","220","Average Exchange rate of Pak Rupees per U.S. Dollar"
"Bank Floating Average Exchange Rates  (PKR per National Currency)","31-Jan-1985","TS_GP_ER_FAERPKR_M.E00220","22 Average Exchange rate of Pak Rupees per U.S. Dollar","15.474859","PKR","Normal","","220","Average Exchange rate of Pak Rupees per U.S. Dollar"
"Bank Floating Average Exchange Rates  (PKR per National Currency)","31-Dec-1984","TS_GP_ER_FAERPKR_M.E00220","22 Average Exchange rate of Pak Rupees per U.S. Dollar","15.172086","PKR","Normal","","220","Average Exchange rate of Pak Rupees per U.S. Dollar"
"Bank Floating Average Exchange Rates  (PKR per National Currency)","30-Nov-1984","TS_GP_ER_FAERPKR_M.E00220","22 Average Exchange rate of Pak Rupees per U.S. Dollar","14.7698","PKR","Normal","","220","Average Exchange rate of Pak Rupees per U.S. Dollar"
"Bank Floating Average Exchange Rates  (PKR per National Currency)","31-Oct-1984","TS_GP_ER_FAERPKR_M.E00220","22 Average Exchange rate of Pak Rupees per U.S. Dollar","14.545578","PKR","Normal","","220","Average Exchange rate of Pak Rupees per U.S. Dollar"
"Bank Floating Average Exchange Rates  (PKR per National Currency)","30-Sep-1984","TS_GP_ER_FAERPKR_M.E00220","22 Average Exchange rate of Pak Rupees per U.S. Dollar","14.288514","PKR","Normal","","220","Average Exchange rate of Pak Rupees per U.S. Dollar"
"Bank Floating Average Exchange Rates  (PKR per National Currency)","31-Aug-1984","TS_GP_ER_FAERPKR_M.E00220","22 Average Exchange rate of Pak Rupees per U.S. Dollar","14.076624","PKR","Normal","","220","Average Exchange rate of Pak Rupees per U.S. Dollar"
"Bank Floating Average Exchange Rates  (PKR per National Currency)","31-Jul-1984","TS_GP_ER_FAERPKR_M.E00220","22 Average Exchange rate of Pak Rupees per U.S. Dollar","14.067133","PKR","Normal","","220","Average Exchange rate of Pak Rupees per U.S. Dollar"
"Bank Floating Average Exchange Rates  (PKR per National Currency)","30-Jun-1984","TS_GP_ER_FAERPKR_M.E00220","22 Average Exchange rate of Pak Rupees per U.S. Dollar","13.87905","PKR","Normal","","220","Average Exchange rate of Pak Rupees per U.S. Dollar"
"Bank Floating Average Exchange Rates  (PKR per National Currency)","31-May-1984","TS_GP_ER_FAERPKR_M.E00220","22 Average Exchange rate of Pak Rupees per U.S. Dollar","13.873452","PKR","Normal","","220","Average Exchange rate of Pak Rupees per U.S. Dollar"
"Bank Floating Average Exchange Rates  (PKR per National Currency)","30-Apr-1984","TS_GP_ER_FAERPKR_M.E00220","22 Average Exchange rate of Pak Rupees per U.S. Dollar","13.560925","PKR","Normal","","220","Average Exchange rate of Pak Rupees per U.S. Dollar"
"Bank Floating Average Exchange Rates  (PKR per National Currency)","31-Mar-1984","TS_GP_ER_FAERPKR_M.E00220","22 Average Exchange rate of Pak Rupees per U.S. Dollar","13.349467","PKR","Normal","","220","Average Exchange rate of Pak Rupees per U.S. Dollar"
"Bank Floating Average Exchange Rates  (PKR per National Currency)","29-Feb-1984","TS_GP_ER_FAERPKR_M.E00220","22 Average Exchange rate of Pak Rupees per U.S. Dollar","13.539807","PKR","Normal","","220","Average Exchange rate of Pak Rupees per U.S. Dollar"
"Bank Floating Average Exchange Rates  (PKR per National Currency)","31-Jan-1984","TS_GP_ER_FAERPKR_M.E00220","22 Average Exchange rate of Pak Rupees per U.S. Dollar","13.626624","PKR","Normal","","220","Average Exchange rate of Pak Rupees per U.S. Dollar"
"Bank Floating Average Exchange Rates  (PKR per National Currency)","31-Dec-1983","TS_GP_ER_FAERPKR_M.E00220","22 Average Exchange rate of Pak Rupees per U.S. Dollar","13.427175","PKR","Normal","","220","Average Exchange rate of Pak Rupees per U.S. Dollar"
"Bank Floating Average Exchange Rates  (PKR per National Currency)","30-Nov-1983","TS_GP_ER_FAERPKR_M.E00220","22 Average Exchange rate of Pak Rupees per U.S. Dollar","13.2378","PKR","Normal","","220","Average Exchange rate of Pak Rupees per U.S. Dollar"
"Bank Floating Average Exchange Rates  (PKR per National Currency)","31-Oct-1983","TS_GP_ER_FAERPKR_M.E00220","22 Average Exchange rate of Pak Rupees per U.S. Dollar","13.304675","PKR","Normal","","220","Average Exchange rate of Pak Rupees per U.S. Dollar"
"Bank Floating Average Exchange Rates  (PKR per National Currency)","30-Sep-1983","TS_GP_ER_FAERPKR_M.E00220","22 Average Exchange rate of Pak Rupees per U.S. Dollar","13.3998","PKR","Normal","","220","Average Exchange rate of Pak Rupees per U.S. Dollar"
"Bank Floating Average Exchange Rates  (PKR per National Currency)","31-Aug-1983","TS_GP_ER_FAERPKR_M.E00220","22 Average Exchange rate of Pak Rupees per U.S. Dollar","13.386689","PKR","Normal","","220","Average Exchange rate of Pak Rupees per U.S. Dollar"
"Bank Floating Average Exchange Rates  (PKR per National Currency)","31-Jul-1983","TS_GP_ER_FAERPKR_M.E00220","22 Average Exchange rate of Pak Rupees per U.S. Dollar","13.2678","PKR","Normal","","220","Average Exchange rate of Pak Rupees per U.S. Dollar"
"Bank Floating Average Exchange Rates  (PKR per National Currency)","30-Jun-1983","TS_GP_ER_FAERPKR_M.E00220","22 Average Exchange rate of Pak Rupees per U.S. Dollar","13.0378","PKR","Normal","","220","Average Exchange rate of Pak Rupees per U.S. Dollar"
"Bank Floating Average Exchange Rates  (PKR per National Currency)","31-May-1983","TS_GP_ER_FAERPKR_M.E00220","22 Average Exchange rate of Pak Rupees per U.S. Dollar","12.9703","PKR","Normal","","220","Average Exchange rate of Pak Rupees per U.S. Dollar"
"Bank Floating Average Exchange Rates  (PKR per National Currency)","30-Apr-1983","TS_GP_ER_FAERPKR_M.E00220","22 Average Exchange rate of Pak Rupees per U.S. Dollar","12.976035","PKR","Normal","","220","Average Exchange rate of Pak Rupees per U.S. Dollar"
"Bank Floating Average Exchange Rates  (PKR per National Currency)","31-Mar-1983","TS_GP_ER_FAERPKR_M.E00220","22 Average Exchange rate of Pak Rupees per U.S. Dollar","12.905022","PKR","Normal","","220","Average Exchange rate of Pak Rupees per U.S. Dollar"
"Bank Floating Average Exchange Rates  (PKR per National Currency)","28-Feb-1983","TS_GP_ER_FAERPKR_M.E00220","22 Average Exchange rate of Pak Rupees per U.S. Dollar","12.898467","PKR","Normal","","220","Average Exchange rate of Pak Rupees per U.S. Dollar"
"Bank Floating Average Exchange Rates  (PKR per National Currency)","31-Jan-1983","TS_GP_ER_FAERPKR_M.E00220","22 Average Exchange rate of Pak Rupees per U.S. Dollar","12.843094","PKR","Normal","","220","Average Exchange rate of Pak Rupees per U.S. Dollar"
"Bank Floating Average Exchange Rates  (PKR per National Currency)","31-Dec-1982","TS_GP_ER_FAERPKR_M.E00220","22 Average Exchange rate of Pak Rupees per U.S. Dollar","12.865447","PKR","Normal","","220","Average Exchange rate of Pak Rupees per U.S. Dollar"
"Bank Floating Average Exchange Rates  (PKR per National Currency)","30-Nov-1982","TS_GP_ER_FAERPKR_M.E00220","22 Average Exchange rate of Pak Rupees per U.S. Dollar","12.4478","PKR","Normal","","220","Average Exchange rate of Pak Rupees per U.S. Dollar"
"Bank Floating Average Exchange Rates  (PKR per National Currency)","31-Oct-1982","TS_GP_ER_FAERPKR_M.E00220","22 Average Exchange rate of Pak Rupees per U.S. Dollar","12.563514","PKR","Normal","","220","Average Exchange rate of Pak Rupees per U.S. Dollar"
"Bank Floating Average Exchange Rates  (PKR per National Currency)","30-Sep-1982","TS_GP_ER_FAERPKR_M.E00220","22 Average Exchange rate of Pak Rupees per U.S. Dollar","12.360657","PKR","Normal","","220","Average Exchange rate of Pak Rupees per U.S. Dollar"
"Bank Floating Average Exchange Rates  (PKR per National Currency)","31-Aug-1982","TS_GP_ER_FAERPKR_M.E00220","22 Average Exchange rate of Pak Rupees per U.S. Dollar","12.268388","PKR","Normal","","220","Average Exchange rate of Pak Rupees per U.S. Dollar"
"Bank Floating Average Exchange Rates  (PKR per National Currency)","31-Jul-1982","TS_GP_ER_FAERPKR_M.E00220","22 Average Exchange rate of Pak Rupees per U.S. Dollar","12.1698","PKR","Normal","","220","Average Exchange rate of Pak Rupees per U.S. Dollar"
"Bank Floating Average Exchange Rates  (PKR per National Currency)","30-Jun-1982","TS_GP_ER_FAERPKR_M.E00220","22 Average Exchange rate of Pak Rupees per U.S. Dollar","11.985925","PKR","Normal","","220","Average Exchange rate of Pak Rupees per U.S. Dollar"
"Bank Floating Average Exchange Rates  (PKR per National Currency)","31-May-1982","TS_GP_ER_FAERPKR_M.E00220","22 Average Exchange rate of Pak Rupees per U.S. Dollar","11.584859","PKR","Normal","","220","Average Exchange rate of Pak Rupees per U.S. Dollar"
"Bank Floating Average Exchange Rates  (PKR per National Currency)","30-Apr-1982","TS_GP_ER_FAERPKR_M.E00220","22 Average Exchange rate of Pak Rupees per U.S. Dollar","11.66905","PKR","Normal","","220","Average Exchange rate of Pak Rupees per U.S. Dollar"
"Bank Floating Average Exchange Rates  (PKR per National Currency)","31-Mar-1982","TS_GP_ER_FAERPKR_M.E00220","22 Average Exchange rate of Pak Rupees per U.S. Dollar","11.132506","PKR","Normal","","220","Average Exchange rate of Pak Rupees per U.S. Dollar"
"Bank Floating Average Exchange Rates  (PKR per National Currency)","28-Feb-1982","TS_GP_ER_FAERPKR_M.E00220","22 Average Exchange rate of Pak Rupees per U.S. Dollar","10.704467","PKR","Normal","","220","Average Exchange rate of Pak Rupees per U.S. Dollar"
"Bank Floating Average Exchange Rates  (PKR per National Currency)","31-Jan-1982","TS_GP_ER_FAERPKR_M.E00220","22 Average Exchange rate of Pak Rupees per U.S. Dollar","10.250877","PKR","Normal","","220","Average Exchange rate of Pak Rupees per U.S. Dollar"
"Bank Floating Average Exchange Rates  (PKR per National Currency)","31-Dec-1981","TS_GP_ER_FAERPKR_M.E00220","22 Average Exchange rate of Pak Rupees per U.S. Dollar","9.9078","PKR","Normal","","220","Average Exchange rate of Pak Rupees per U.S. Dollar"
"Bank Floating Average Exchange Rates  (PKR per National Currency)","30-Nov-1981","TS_GP_ER_FAERPKR_M.E00220","22 Average Exchange rate of Pak Rupees per U.S. Dollar","9.9078","PKR","Normal","","220","Average Exchange rate of Pak Rupees per U.S. Dollar"
"Bank Floating Average Exchange Rates  (PKR per National Currency)","31-Oct-1981","TS_GP_ER_FAERPKR_M.E00220","22 Average Exchange rate of Pak Rupees per U.S. Dollar","9.9078","PKR","Normal","","220","Average Exchange rate of Pak Rupees per U.S. Dollar"
"Bank Floating Average Exchange Rates  (PKR per National Currency)","30-Sep-1981","TS_GP_ER_FAERPKR_M.E00220","22 Average Exchange rate of Pak Rupees per U.S. Dollar","9.9078","PKR","Normal","","220","Average Exchange rate of Pak Rupees per U.S. Dollar"
"Bank Floating Average Exchange Rates  (PKR per National Currency)","31-Aug-1981","TS_GP_ER_FAERPKR_M.E00220","22 Average Exchange rate of Pak Rupees per U.S. Dollar","9.9078","PKR","Normal","","220","Average Exchange rate of Pak Rupees per U.S. Dollar"
"Bank Floating Average Exchange Rates  (PKR per National Currency)","31-Jul-1981","TS_GP_ER_FAERPKR_M.E00220","22 Average Exchange rate of Pak Rupees per U.S. Dollar","9.9078","PKR","Normal","","220","Average Exchange rate of Pak Rupees per U.S. Dollar"
"Bank Floating Average Exchange Rates  (PKR per National Currency)","30-Jun-1981","TS_GP_ER_FAERPKR_M.E00220","22 Average Exchange rate of Pak Rupees per U.S. Dollar","9.9078","PKR","Normal","","220","Average Exchange rate of Pak Rupees per U.S. Dollar"
"Bank Floating Average Exchange Rates  (PKR per National Currency)","31-May-1981","TS_GP_ER_FAERPKR_M.E00220","22 Average Exchange rate of Pak Rupees per U.S. Dollar","9.9078","PKR","Normal","","220","Average Exchange rate of Pak Rupees per U.S. Dollar"
"Bank Floating Average Exchange Rates  (PKR per National Currency)","30-Apr-1981","TS_GP_ER_FAERPKR_M.E00220","22 Average Exchange rate of Pak Rupees per U.S. Dollar","9.9078","PKR","Normal","","220","Average Exchange rate of Pak Rupees per U.S. Dollar"
"Bank Floating Average Exchange Rates  (PKR per National Currency)","31-Mar-1981","TS_GP_ER_FAERPKR_M.E00220","22 Average Exchange rate of Pak Rupees per U.S. Dollar","9.9078","PKR","Normal","","220","Average Exchange rate of Pak Rupees per U.S. Dollar"
"Bank Floating Average Exchange Rates  (PKR per National Currency)","28-Feb-1981","TS_GP_ER_FAERPKR_M.E00220","22 Average Exchange rate of Pak Rupees per U.S. Dollar","9.9078","PKR","Normal","","220","Average Exchange rate of Pak Rupees per U.S. Dollar"
"Bank Floating Average Exchange Rates  (PKR per National Currency)","31-Jan-1981","TS_GP_ER_FAERPKR_M.E00220","22 Average Exchange rate of Pak Rupees per U.S. Dollar","9.9078","PKR","Normal","","220","Average Exchange rate of Pak Rupees per U.S. Dollar"
"Bank Floating Average Exchange Rates  (PKR per National Currency)","31-Dec-1980","TS_GP_ER_FAERPKR_M.E00220","22 Average Exchange rate of Pak Rupees per U.S. Dollar","9.9078","PKR","Normal","","220","Average Exchange rate of Pak Rupees per U.S. Dollar"
"Bank Floating Average Exchange Rates  (PKR per National Currency)","30-Nov-1980","TS_GP_ER_FAERPKR_M.E00220","22 Average Exchange rate of Pak Rupees per U.S. Dollar","9.9078","PKR","Normal","","220","Average Exchange rate of Pak Rupees per U.S. Dollar"
"Bank Floating Average Exchange Rates  (PKR per National Currency)","31-Oct-1980","TS_GP_ER_FAERPKR_M.E00220","22 Average Exchange rate of Pak Rupees per U.S. Dollar","9.9078","PKR","Normal","","220","Average Exchange rate of Pak Rupees per U.S. Dollar"
"Bank Floating Average Exchange Rates  (PKR per National Currency)","30-Sep-1980","TS_GP_ER_FAERPKR_M.E00220","22 Average Exchange rate of Pak Rupees per U.S. Dollar","9.9078","PKR","Normal","","220","Average Exchange rate of Pak Rupees per U.S. Dollar"
"Bank Floating Average Exchange Rates  (PKR per National Currency)","31-Aug-1980","TS_GP_ER_FAERPKR_M.E00220","22 Average Exchange rate of Pak Rupees per U.S. Dollar","9.9078","PKR","Normal","","220","Average Exchange rate of Pak Rupees per U.S. Dollar"
"Bank Floating Average Exchange Rates  (PKR per National Currency)","31-Jul-1980","TS_GP_ER_FAERPKR_M.E00220","22 Average Exchange rate of Pak Rupees per U.S. Dollar","9.9078","PKR","Normal","","220","Average Exchange rate of Pak Rupees per U.S. Dollar"
"Bank Floating Average Exchange Rates  (PKR per National Currency)","30-Jun-1980","TS_GP_ER_FAERPKR_M.E00220","22 Average Exchange rate of Pak Rupees per U.S. Dollar","9.9078","PKR","Normal","","220","Average Exchange rate of Pak Rupees per U.S. Dollar"
"Bank Floating Average Exchange Rates  (PKR per National Currency)","31-May-1980","TS_GP_ER_FAERPKR_M.E00220","22 Average Exchange rate of Pak Rupees per U.S. Dollar","9.9078","PKR","Normal","","220","Average Exchange rate of Pak Rupees per U.S. Dollar"
"Bank Floating Average Exchange Rates  (PKR per National Currency)","30-Apr-1980","TS_GP_ER_FAERPKR_M.E00220","22 Average Exchange rate of Pak Rupees per U.S. Dollar","9.9078","PKR","Normal","","220","Average Exchange rate of Pak Rupees per U.S. Dollar"
"Bank Floating Average Exchange Rates  (PKR per National Currency)","31-Mar-1980","TS_GP_ER_FAERPKR_M.E00220","22 Average Exchange rate of Pak Rupees per U.S. Dollar","9.9078","PKR","Normal","","220","Average Exchange rate of Pak Rupees per U.S. Dollar"
"Bank Floating Average Exchange Rates  (PKR per National Currency)","29-Feb-1980","TS_GP_ER_FAERPKR_M.E00220","22 Average Exchange rate of Pak Rupees per U.S. Dollar","9.9078","PKR","Normal","","220","Average Exchange rate of Pak Rupees per U.S. Dollar"
"Bank Floating Average Exchange Rates  (PKR per National Currency)","31-Jan-1980","TS_GP_ER_FAERPKR_M.E00220","22 Average Exchange rate of Pak Rupees per U.S. Dollar","9.9078","PKR","Normal","","220","Average Exchange rate of Pak Rupees per U.S. Dollar"
"Bank Floating Average Exchange Rates  (PKR per National Currency)","31-Dec-1979","TS_GP_ER_FAERPKR_M.E00220","22 Average Exchange rate of Pak Rupees per U.S. Dollar","9.9078","PKR","Normal","","220","Average Exchange rate of Pak Rupees per U.S. Dollar"
"Bank Floating Average Exchange Rates  (PKR per National Currency)","30-Nov-1979","TS_GP_ER_FAERPKR_M.E00220","22 Average Exchange rate of Pak Rupees per U.S. Dollar","9.9078","PKR","Normal","","220","Average Exchange rate of Pak Rupees per U.S. Dollar"
"Bank Floating Average Exchange Rates  (PKR per National Currency)","31-Oct-1979","TS_GP_ER_FAERPKR_M.E00220","22 Average Exchange rate of Pak Rupees per U.S. Dollar","9.9078","PKR","Normal","","220","Average Exchange rate of Pak Rupees per U.S. Dollar"
"Bank Floating Average Exchange Rates  (PKR per National Currency)","30-Sep-1979","TS_GP_ER_FAERPKR_M.E00220","22 Average Exchange rate of Pak Rupees per U.S. Dollar","9.9078","PKR","Normal","","220","Average Exchange rate of Pak Rupees per U.S. Dollar"
"Bank Floating Average Exchange Rates  (PKR per National Currency)","31-Aug-1979","TS_GP_ER_FAERPKR_M.E00220","22 Average Exchange rate of Pak Rupees per U.S. Dollar","9.9078","PKR","Normal","","220","Average Exchange rate of Pak Rupees per U.S. Dollar"
"Bank Floating Average Exchange Rates  (PKR per National Currency)","31-Jul-1979","TS_GP_ER_FAERPKR_M.E00220","22 Average Exchange rate of Pak Rupees per U.S. Dollar","9.9078","PKR","Normal","","220","Average Exchange rate of Pak Rupees per U.S. Dollar"
"Bank Floating Average Exchange Rates  (PKR per National Currency)","30-Jun-1979","TS_GP_ER_FAERPKR_M.E00220","22 Average Exchange rate of Pak Rupees per U.S. Dollar","9.9078","PKR","Normal","","220","Average Exchange rate of Pak Rupees per U.S. Dollar"
"Bank Floating Average Exchange Rates  (PKR per National Currency)","31-May-1979","TS_GP_ER_FAERPKR_M.E00220","22 Average Exchange rate of Pak Rupees per U.S. Dollar","9.9078","PKR","Normal","","220","Average Exchange rate of Pak Rupees per U.S. Dollar"
"Bank Floating Average Exchange Rates  (PKR per National Currency)","30-Apr-1979","TS_GP_ER_FAERPKR_M.E00220","22 Average Exchange rate of Pak Rupees per U.S. Dollar","9.9078","PKR","Normal","","220","Average Exchange rate of Pak Rupees per U.S. Dollar"
"Bank Floating Average Exchange Rates  (PKR per National Currency)","31-Mar-1979","TS_GP_ER_FAERPKR_M.E00220","22 Average Exchange rate of Pak Rupees per U.S. Dollar","9.9078","PKR","Normal","","220","Average Exchange rate of Pak Rupees per U.S. Dollar"
"Bank Floating Average Exchange Rates  (PKR per National Currency)","28-Feb-1979","TS_GP_ER_FAERPKR_M.E00220","22 Average Exchange rate of Pak Rupees per U.S. Dollar","9.9078","PKR","Normal","","220","Average Exchange rate of Pak Rupees per U.S. Dollar"
"Bank Floating Average Exchange Rates  (PKR per National Currency)","31-Jan-1979","TS_GP_ER_FAERPKR_M.E00220","22 Average Exchange rate of Pak Rupees per U.S. Dollar","9.9078","PKR","Normal","","220","Average Exchange rate of Pak Rupees per U.S. Dollar"
"Bank Floating Average Exchange Rates  (PKR per National Currency)","31-Dec-1978","TS_GP_ER_FAERPKR_M.E00220","22 Average Exchange rate of Pak Rupees per U.S. Dollar","9.9078","PKR","Normal","","220","Average Exchange rate of Pak Rupees per U.S. Dollar"
"Bank Floating Average Exchange Rates  (PKR per National Currency)","30-Nov-1978","TS_GP_ER_FAERPKR_M.E00220","22 Average Exchange rate of Pak Rupees per U.S. Dollar","9.9078","PKR","Normal","","220","Average Exchange rate of Pak Rupees per U.S. Dollar"
"Bank Floating Average Exchange Rates  (PKR per National Currency)","31-Oct-1978","TS_GP_ER_FAERPKR_M.E00220","22 Average Exchange rate of Pak Rupees per U.S. Dollar","9.9078","PKR","Normal","","220","Average Exchange rate of Pak Rupees per U.S. Dollar"
"Bank Floating Average Exchange Rates  (PKR per National Currency)","30-Sep-1978","TS_GP_ER_FAERPKR_M.E00220","22 Average Exchange rate of Pak Rupees per U.S. Dollar","9.9078","PKR","Normal","","220","Average Exchange rate of Pak Rupees per U.S. Dollar"
"Bank Floating Average Exchange Rates  (PKR per National Currency)","31-Aug-1978","TS_GP_ER_FAERPKR_M.E00220","22 Average Exchange rate of Pak Rupees per U.S. Dollar","9.9078","PKR","Normal","","220","Average Exchange rate of Pak Rupees per U.S. Dollar"
"Bank Floating Average Exchange Rates  (PKR per National Currency)","31-Jul-1978","TS_GP_ER_FAERPKR_M.E00220","22 Average Exchange rate of Pak Rupees per U.S. Dollar","9.9078","PKR","Normal","","220","Average Exchange rate of Pak Rupees per U.S. Dollar"
"Bank Floating Average Exchange Rates  (PKR per National Currency)","30-Jun-1978","TS_GP_ER_FAERPKR_M.E00220","22 Average Exchange rate of Pak Rupees per U.S. Dollar","9.9078","PKR","Normal","","220","Average Exchange rate of Pak Rupees per U.S. Dollar"
"Bank Floating Average Exchange Rates  (PKR per National Currency)","31-May-1978","TS_GP_ER_FAERPKR_M.E00220","22 Average Exchange rate of Pak Rupees per U.S. Dollar","9.9078","PKR","Normal","","220","Average Exchange rate of Pak Rupees per U.S. Dollar"
"Bank Floating Average Exchange Rates  (PKR per National Currency)","30-Apr-1978","TS_GP_ER_FAERPKR_M.E00220","22 Average Exchange rate of Pak Rupees per U.S. Dollar","9.9078","PKR","Normal","","220","Average Exchange rate of Pak Rupees per U.S. Dollar"
"Bank Floating Average Exchange Rates  (PKR per National Currency)","31-Mar-1978","TS_GP_ER_FAERPKR_M.E00220","22 Average Exchange rate of Pak Rupees per U.S. Dollar","9.9078","PKR","Normal","","220","Average Exchange rate of Pak Rupees per U.S. Dollar"
"Bank Floating Average Exchange Rates  (PKR per National Currency)","28-Feb-1978","TS_GP_ER_FAERPKR_M.E00220","22 Average Exchange rate of Pak Rupees per U.S. Dollar","9.9078","PKR","Normal","","220","Average Exchange rate of Pak Rupees per U.S. Dollar"
"Bank Floating Average Exchange Rates  (PKR per National Currency)","31-Jan-1978","TS_GP_ER_FAERPKR_M.E00220","22 Average Exchange rate of Pak Rupees per U.S. Dollar","9.9078","PKR","Normal","","220","Average Exchange rate of Pak Rupees per U.S. Dollar"
"Bank Floating Average Exchange Rates  (PKR per National Currency)","31-Dec-1977","TS_GP_ER_FAERPKR_M.E00220","22 Average Exchange rate of Pak Rupees per U.S. Dollar","9.9078","PKR","Normal","","220","Average Exchange rate of Pak Rupees per U.S. Dollar"
"Bank Floating Average Exchange Rates  (PKR per National Currency)","30-Nov-1977","TS_GP_ER_FAERPKR_M.E00220","22 Average Exchange rate of Pak Rupees per U.S. Dollar","9.9078","PKR","Normal","","220","Average Exchange rate of Pak Rupees per U.S. Dollar"
"Bank Floating Average Exchange Rates  (PKR per National Currency)","31-Oct-1977","TS_GP_ER_FAERPKR_M.E00220","22 Average Exchange rate of Pak Rupees per U.S. Dollar","9.9078","PKR","Normal","","220","Average Exchange rate of Pak Rupees per U.S. Dollar"
"Bank Floating Average Exchange Rates  (PKR per National Currency)","30-Sep-1977","TS_GP_ER_FAERPKR_M.E00220","22 Average Exchange rate of Pak Rupees per U.S. Dollar","9.9078","PKR","Normal","","220","Average Exchange rate of Pak Rupees per U.S. Dollar"
"Bank Floating Average Exchange Rates  (PKR per National Currency)","31-Aug-1977","TS_GP_ER_FAERPKR_M.E00220","22 Average Exchange rate of Pak Rupees per U.S. Dollar","9.9078","PKR","Normal","","220","Average Exchange rate of Pak Rupees per U.S. Dollar"
"Bank Floating Average Exchange Rates  (PKR per National Currency)","31-Jul-1977","TS_GP_ER_FAERPKR_M.E00220","22 Average Exchange rate of Pak Rupees per U.S. Dollar","9.9078","PKR","Normal","","220","Average Exchange rate of Pak Rupees per U.S. Dollar"
"Bank Floating Average Exchange Rates  (PKR per National Currency)","30-Jun-1977","TS_GP_ER_FAERPKR_M.E00220","22 Average Exchange rate of Pak Rupees per U.S. Dollar","9.9078","PKR","Normal","","220","Average Exchange rate of Pak Rupees per U.S. Dollar"
"Bank Floating Average Exchange Rates  (PKR per National Currency)","31-May-1977","TS_GP_ER_FAERPKR_M.E00220","22 Average Exchange rate of Pak Rupees per U.S. Dollar","9.9078","PKR","Normal","","220","Average Exchange rate of Pak Rupees per U.S. Dollar"
"Bank Floating Average Exchange Rates  (PKR per National Currency)","30-Apr-1977","TS_GP_ER_FAERPKR_M.E00220","22 Average Exchange rate of Pak Rupees per U.S. Dollar","9.9078","PKR","Normal","","220","Average Exchange rate of Pak Rupees per U.S. Dollar"
"Bank Floating Average Exchange Rates  (PKR per National Currency)","31-Mar-1977","TS_GP_ER_FAERPKR_M.E00220","22 Average Exchange rate of Pak Rupees per U.S. Dollar","9.9078","PKR","Normal","","220","Average Exchange rate of Pak Rupees per U.S. Dollar"
"Bank Floating Average Exchange Rates  (PKR per National Currency)","28-Feb-1977","TS_GP_ER_FAERPKR_M.E00220","22 Average Exchange rate of Pak Rupees per U.S. Dollar","9.9078","PKR","Normal","","220","Average Exchange rate of Pak Rupees per U.S. Dollar"
"Bank Floating Average Exchange Rates  (PKR per National Currency)","31-Jan-1977","TS_GP_ER_FAERPKR_M.E00220","22 Average Exchange rate of Pak Rupees per U.S. Dollar","9.9078","PKR","Normal","","220","Average Exchange rate of Pak Rupees per U.S. Dollar"
"Bank Floating Average Exchange Rates  (PKR per National Currency)","31-Dec-1976","TS_GP_ER_FAERPKR_M.E00220","22 Average Exchange rate of Pak Rupees per U.S. Dollar","9.9078","PKR","Normal","","220","Average Exchange rate of Pak Rupees per U.S. Dollar"
"Bank Floating Average Exchange Rates  (PKR per National Currency)","30-Nov-1976","TS_GP_ER_FAERPKR_M.E00220","22 Average Exchange rate of Pak Rupees per U.S. Dollar","9.9078","PKR","Normal","","220","Average Exchange rate of Pak Rupees per U.S. Dollar"
"Bank Floating Average Exchange Rates  (PKR per National Currency)","31-Oct-1976","TS_GP_ER_FAERPKR_M.E00220","22 Average Exchange rate of Pak Rupees per U.S. Dollar","9.9078","PKR","Normal","","220","Average Exchange rate of Pak Rupees per U.S. Dollar"
"Bank Floating Average Exchange Rates  (PKR per National Currency)","30-Sep-1976","TS_GP_ER_FAERPKR_M.E00220","22 Average Exchange rate of Pak Rupees per U.S. Dollar","9.9078","PKR","Normal","","220","Average Exchange rate of Pak Rupees per U.S. Dollar"
"Bank Floating Average Exchange Rates  (PKR per National Currency)","31-Aug-1976","TS_GP_ER_FAERPKR_M.E00220","22 Average Exchange rate of Pak Rupees per U.S. Dollar","9.9078","PKR","Normal","","220","Average Exchange rate of Pak Rupees per U.S. Dollar"
"Bank Floating Average Exchange Rates  (PKR per National Currency)","31-Jul-1976","TS_GP_ER_FAERPKR_M.E00220","22 Average Exchange rate of Pak Rupees per U.S. Dollar","9.9078","PKR","Normal","","220","Average Exchange rate of Pak Rupees per U.S. Dollar"
"Bank Floating Average Exchange Rates  (PKR per National Currency)","30-Jun-1976","TS_GP_ER_FAERPKR_M.E00220","22 Average Exchange rate of Pak Rupees per U.S. Dollar","9.9078","PKR","Normal","","220","Average Exchange rate of Pak Rupees per U.S. Dollar"
"Bank Floating Average Exchange Rates  (PKR per National Currency)","31-May-1976","TS_GP_ER_FAERPKR_M.E00220","22 Average Exchange rate of Pak Rupees per U.S. Dollar","9.9078","PKR","Normal","","220","Average Exchange rate of Pak Rupees per U.S. Dollar"
"Bank Floating Average Exchange Rates  (PKR per National Currency)","30-Apr-1976","TS_GP_ER_FAERPKR_M.E00220","22 Average Exchange rate of Pak Rupees per U.S. Dollar","9.9078","PKR","Normal","","220","Average Exchange rate of Pak Rupees per U.S. Dollar"
"Bank Floating Average Exchange Rates  (PKR per National Currency)","31-Mar-1976","TS_GP_ER_FAERPKR_M.E00220","22 Average Exchange rate of Pak Rupees per U.S. Dollar","9.9078","PKR","Normal","","220","Average Exchange rate of Pak Rupees per U.S. Dollar"
"Bank Floating Average Exchange Rates  (PKR per National Currency)","29-Feb-1976","TS_GP_ER_FAERPKR_M.E00220","22 Average Exchange rate of Pak Rupees per U.S. Dollar","9.9078","PKR","Normal","","220","Average Exchange rate of Pak Rupees per U.S. Dollar"
"Bank Floating Average Exchange Rates  (PKR per National Currency)","31-Jan-1976","TS_GP_ER_FAERPKR_M.E00220","22 Average Exchange rate of Pak Rupees per U.S. Dollar","9.9078","PKR","Normal","","220","Average Exchange rate of Pak Rupees per U.S. Dollar"
"Bank Floating Average Exchange Rates  (PKR per National Currency)","31-Dec-1975","TS_GP_ER_FAERPKR_M.E00220","22 Average Exchange rate of Pak Rupees per U.S. Dollar","9.9078","PKR","Normal","","220","Average Exchange rate of Pak Rupees per U.S. Dollar"
"Bank Floating Average Exchange Rates  (PKR per National Currency)","30-Nov-1975","TS_GP_ER_FAERPKR_M.E00220","22 Average Exchange rate of Pak Rupees per U.S. Dollar","9.9078","PKR","Normal","","220","Average Exchange rate of Pak Rupees per U.S. Dollar"
"Bank Floating Average Exchange Rates  (PKR per National Currency)","31-Oct-1975","TS_GP_ER_FAERPKR_M.E00220","22 Average Exchange rate of Pak Rupees per U.S. Dollar","9.9078","PKR","Normal","","220","Average Exchange rate of Pak Rupees per U.S. Dollar"
"Bank Floating Average Exchange Rates  (PKR per National Currency)","30-Sep-1975","TS_GP_ER_FAERPKR_M.E00220","22 Average Exchange rate of Pak Rupees per U.S. Dollar","9.9078","PKR","Normal","","220","Average Exchange rate of Pak Rupees per U.S. Dollar"
"Bank Floating Average Exchange Rates  (PKR per National Currency)","31-Aug-1975","TS_GP_ER_FAERPKR_M.E00220","22 Average Exchange rate of Pak Rupees per U.S. Dollar","9.9078","PKR","Normal","","220","Average Exchange rate of Pak Rupees per U.S. Dollar"
"Bank Floating Average Exchange Rates  (PKR per National Currency)","31-Jul-1975","TS_GP_ER_FAERPKR_M.E00220","22 Average Exchange rate of Pak Rupees per U.S. Dollar","9.9078","PKR","Normal","","220","Average Exchange rate of Pak Rupees per U.S. Dollar"
"Bank Floating Average Exchange Rates  (PKR per National Currency)","30-Jun-1975","TS_GP_ER_FAERPKR_M.E00220","22 Average Exchange rate of Pak Rupees per U.S. Dollar","9.9078","PKR","Normal","","220","Average Exchange rate of Pak Rupees per U.S. Dollar"
"Bank Floating Average Exchange Rates  (PKR per National Currency)","31-May-1975","TS_GP_ER_FAERPKR_M.E00220","22 Average Exchange rate of Pak Rupees per U.S. Dollar","9.9078","PKR","Normal","","220","Average Exchange rate of Pak Rupees per U.S. Dollar"
"Bank Floating Average Exchange Rates  (PKR per National Currency)","30-Apr-1975","TS_GP_ER_FAERPKR_M.E00220","22 Average Exchange rate of Pak Rupees per U.S. Dollar","9.9078","PKR","Normal","","220","Average Exchange rate of Pak Rupees per U.S. Dollar"
"Bank Floating Average Exchange Rates  (PKR per National Currency)","31-Mar-1975","TS_GP_ER_FAERPKR_M.E00220","22 Average Exchange rate of Pak Rupees per U.S. Dollar","9.9078","PKR","Normal","","220","Average Exchange rate of Pak Rupees per U.S. Dollar"
"Bank Floating Average Exchange Rates  (PKR per National Currency)","28-Feb-1975","TS_GP_ER_FAERPKR_M.E00220","22 Average Exchange rate of Pak Rupees per U.S. Dollar","9.9078","PKR","Normal","","220","Average Exchange rate of Pak Rupees per U.S. Dollar"
"Bank Floating Average Exchange Rates  (PKR per National Currency)","31-Jan-1975","TS_GP_ER_FAERPKR_M.E00220","22 Average Exchange rate of Pak Rupees per U.S. Dollar","9.9078","PKR","Normal","","220","Average Exchange rate of Pak Rupees per U.S. Dollar"
"Bank Floating Average Exchange Rates  (PKR per National Currency)","31-Dec-1974","TS_GP_ER_FAERPKR_M.E00220","22 Average Exchange rate of Pak Rupees per U.S. Dollar","9.9078","PKR","Normal","","220","Average Exchange rate of Pak Rupees per U.S. Dollar"
"Bank Floating Average Exchange Rates  (PKR per National Currency)","30-Nov-1974","TS_GP_ER_FAERPKR_M.E00220","22 Average Exchange rate of Pak Rupees per U.S. Dollar","9.9078","PKR","Normal","","220","Average Exchange rate of Pak Rupees per U.S. Dollar"
"Bank Floating Average Exchange Rates  (PKR per National Currency)","31-Oct-1974","TS_GP_ER_FAERPKR_M.E00220","22 Average Exchange rate of Pak Rupees per U.S. Dollar","9.9078","PKR","Normal","","220","Average Exchange rate of Pak Rupees per U.S. Dollar"
"Bank Floating Average Exchange Rates  (PKR per National Currency)","30-Sep-1974","TS_GP_ER_FAERPKR_M.E00220","22 Average Exchange rate of Pak Rupees per U.S. Dollar","9.9078","PKR","Normal","","220","Average Exchange rate of Pak Rupees per U.S. Dollar"
"Bank Floating Average Exchange Rates  (PKR per National Currency)","31-Aug-1974","TS_GP_ER_FAERPKR_M.E00220","22 Average Exchange rate of Pak Rupees per U.S. Dollar","9.9078","PKR","Normal","","220","Average Exchange rate of Pak Rupees per U.S. Dollar"
"Bank Floating Average Exchange Rates  (PKR per National Currency)","31-Jul-1974","TS_GP_ER_FAERPKR_M.E00220","22 Average Exchange rate of Pak Rupees per U.S. Dollar","9.9078","PKR","Normal","","220","Average Exchange rate of Pak Rupees per U.S. Dollar"
"Bank Floating Average Exchange Rates  (PKR per National Currency)","30-Jun-1974","TS_GP_ER_FAERPKR_M.E00220","22 Average Exchange rate of Pak Rupees per U.S. Dollar","9.9078","PKR","Normal","","220","Average Exchange rate of Pak Rupees per U.S. Dollar"
"Bank Floating Average Exchange Rates  (PKR per National Currency)","31-May-1974","TS_GP_ER_FAERPKR_M.E00220","22 Average Exchange rate of Pak Rupees per U.S. Dollar","9.9078","PKR","Normal","","220","Average Exchange rate of Pak Rupees per U.S. Dollar"
"Bank Floating Average Exchange Rates  (PKR per National Currency)","30-Apr-1974","TS_GP_ER_FAERPKR_M.E00220","22 Average Exchange rate of Pak Rupees per U.S. Dollar","9.9078","PKR","Normal","","220","Average Exchange rate of Pak Rupees per U.S. Dollar"
"Bank Floating Average Exchange Rates  (PKR per National Currency)","31-Mar-1974","TS_GP_ER_FAERPKR_M.E00220","22 Average Exchange rate of Pak Rupees per U.S. Dollar","9.9078","PKR","Normal","","220","Average Exchange rate of Pak Rupees per U.S. Dollar"
"Bank Floating Average Exchange Rates  (PKR per National Currency)","28-Feb-1974","TS_GP_ER_FAERPKR_M.E00220","22 Average Exchange rate of Pak Rupees per U.S. Dollar","9.9078","PKR","Normal","","220","Average Exchange rate of Pak Rupees per U.S. Dollar"
"Bank Floating Average Exchange Rates  (PKR per National Currency)","31-Jan-1974","TS_GP_ER_FAERPKR_M.E00220","22 Average Exchange rate of Pak Rupees per U.S. Dollar","9.9078","PKR","Normal","","220","Average Exchange rate of Pak Rupees per U.S. Dollar"
"Bank Floating Average Exchange Rates  (PKR per National Currency)","31-Dec-1973","TS_GP_ER_FAERPKR_M.E00220","22 Average Exchange rate of Pak Rupees per U.S. Dollar","9.9078","PKR","Normal","","220","Average Exchange rate of Pak Rupees per U.S. Dollar"
"Bank Floating Average Exchange Rates  (PKR per National Currency)","30-Nov-1973","TS_GP_ER_FAERPKR_M.E00220","22 Average Exchange rate of Pak Rupees per U.S. Dollar","9.9078","PKR","Normal","","220","Average Exchange rate of Pak Rupees per U.S. Dollar"
"Bank Floating Average Exchange Rates  (PKR per National Currency)","31-Oct-1973","TS_GP_ER_FAERPKR_M.E00220","22 Average Exchange rate of Pak Rupees per U.S. Dollar","9.9078","PKR","Normal","","220","Average Exchange rate of Pak Rupees per U.S. Dollar"
"Bank Floating Average Exchange Rates  (PKR per National Currency)","30-Sep-1973","TS_GP_ER_FAERPKR_M.E00220","22 Average Exchange rate of Pak Rupees per U.S. Dollar","9.9078","PKR","Normal","","220","Average Exchange rate of Pak Rupees per U.S. Dollar"
"Bank Floating Average Exchange Rates  (PKR per National Currency)","31-Aug-1973","TS_GP_ER_FAERPKR_M.E00220","22 Average Exchange rate of Pak Rupees per U.S. Dollar","9.9078","PKR","Normal","","220","Average Exchange rate of Pak Rupees per U.S. Dollar"
"Bank Floating Average Exchange Rates  (PKR per National Currency)","31-Jul-1973","TS_GP_ER_FAERPKR_M.E00220","22 Average Exchange rate of Pak Rupees per U.S. Dollar","9.9078","PKR","Normal","","220","Average Exchange rate of Pak Rupees per U.S. Dollar"
"Bank Floating Average Exchange Rates  (PKR per National Currency)","30-Jun-1973","TS_GP_ER_FAERPKR_M.E00220","22 Average Exchange rate of Pak Rupees per U.S. Dollar","9.9078","PKR","Normal","","220","Average Exchange rate of Pak Rupees per U.S. Dollar"
"Bank Floating Average Exchange Rates  (PKR per National Currency)","31-May-1973","TS_GP_ER_FAERPKR_M.E00220","22 Average Exchange rate of Pak Rupees per U.S. Dollar","9.9078","PKR","Normal","","220","Average Exchange rate of Pak Rupees per U.S. Dollar"
"Bank Floating Average Exchange Rates  (PKR per National Currency)","30-Apr-1973","TS_GP_ER_FAERPKR_M.E00220","22 Average Exchange rate of Pak Rupees per U.S. Dollar","9.9078","PKR","Normal","","220","Average Exchange rate of Pak Rupees per U.S. Dollar"
"Bank Floating Average Exchange Rates  (PKR per National Currency)","31-Mar-1973","TS_GP_ER_FAERPKR_M.E00220","22 Average Exchange rate of Pak Rupees per U.S. Dollar","9.9078","PKR","Normal","","220","Average Exchange rate of Pak Rupees per U.S. Dollar"
"Bank Floating Average Exchange Rates  (PKR per National Currency)","28-Feb-1973","TS_GP_ER_FAERPKR_M.E00220","22 Average Exchange rate of Pak Rupees per U.S. Dollar","9.9078","PKR","Normal","","220","Average Exchange rate of Pak Rupees per U.S. Dollar"
"Bank Floating Average Exchange Rates  (PKR per National Currency)","31-Jan-1973","TS_GP_ER_FAERPKR_M.E00220","22 Average Exchange rate of Pak Rupees per U.S. Dollar","11.0078","PKR","Normal","","220","Average Exchange rate of Pak Rupees per U.S. Dollar"
"Bank Floating Average Exchange Rates  (PKR per National Currency)","31-Dec-1972","TS_GP_ER_FAERPKR_M.E00220","22 Average Exchange rate of Pak Rupees per U.S. Dollar","11.0078","PKR","Normal","","220","Average Exchange rate of Pak Rupees per U.S. Dollar"
"Bank Floating Average Exchange Rates  (PKR per National Currency)","30-Nov-1972","TS_GP_ER_FAERPKR_M.E00220","22 Average Exchange rate of Pak Rupees per U.S. Dollar","11.0078","PKR","Normal","","220","Average Exchange rate of Pak Rupees per U.S. Dollar"
"Bank Floating Average Exchange Rates  (PKR per National Currency)","31-Oct-1972","TS_GP_ER_FAERPKR_M.E00220","22 Average Exchange rate of Pak Rupees per U.S. Dollar","11.0078","PKR","Normal","","220","Average Exchange rate of Pak Rupees per U.S. Dollar"
"Bank Floating Average Exchange Rates  (PKR per National Currency)","30-Sep-1972","TS_GP_ER_FAERPKR_M.E00220","22 Average Exchange rate of Pak Rupees per U.S. Dollar","11.0078","PKR","Normal","","220","Average Exchange rate of Pak Rupees per U.S. Dollar"
"Bank Floating Average Exchange Rates  (PKR per National Currency)","31-Aug-1972","TS_GP_ER_FAERPKR_M.E00220","22 Average Exchange rate of Pak Rupees per U.S. Dollar","11.0078","PKR","Normal","","220","Average Exchange rate of Pak Rupees per U.S. Dollar"
"Bank Floating Average Exchange Rates  (PKR per National Currency)","31-Jul-1972","TS_GP_ER_FAERPKR_M.E00220","22 Average Exchange rate of Pak Rupees per U.S. Dollar","11.0078","PKR","Normal","","220","Average Exchange rate of Pak Rupees per U.S. Dollar"
"Bank Floating Average Exchange Rates  (PKR per National Currency)","30-Jun-1972","TS_GP_ER_FAERPKR_M.E00220","22 Average Exchange rate of Pak Rupees per U.S. Dollar","11.0078","PKR","Normal","","220","Average Exchange rate of Pak Rupees per U.S. Dollar"
"Bank Floating Average Exchange Rates  (PKR per National Currency)","31-May-1972","TS_GP_ER_FAERPKR_M.E00220","22 Average Exchange rate of Pak Rupees per U.S. Dollar","11.0078","PKR","Normal","","220","Average Exchange rate of Pak Rupees per U.S. Dollar"
"Bank Floating Average Exchange Rates  (PKR per National Currency)","30-Apr-1972","TS_GP_ER_FAERPKR_M.E00220","22 Average Exchange rate of Pak Rupees per U.S. Dollar","4.7697","PKR","Normal","","220","Average Exchange rate of Pak Rupees per U.S. Dollar"
"Bank Floating Average Exchange Rates  (PKR per National Currency)","31-Mar-1972","TS_GP_ER_FAERPKR_M.E00220","22 Average Exchange rate of Pak Rupees per U.S. Dollar","4.7697","PKR","Normal","","220","Average Exchange rate of Pak Rupees per U.S. Dollar"
"Bank Floating Average Exchange Rates  (PKR per National Currency)","29-Feb-1972","TS_GP_ER_FAERPKR_M.E00220","22 Average Exchange rate of Pak Rupees per U.S. Dollar","4.7697","PKR","Normal","","220","Average Exchange rate of Pak Rupees per U.S. Dollar"
"Bank Floating Average Exchange Rates  (PKR per National Currency)","31-Jan-1972","TS_GP_ER_FAERPKR_M.E00220","22 Average Exchange rate of Pak Rupees per U.S. Dollar","4.7697","PKR","Normal","","220","Average Exchange rate of Pak Rupees per U.S. Dollar"
"Bank Floating Average Exchange Rates  (PKR per National Currency)","31-Dec-1971","TS_GP_ER_FAERPKR_M.E00220","22 Average Exchange rate of Pak Rupees per U.S. Dollar","4.7697","PKR","Normal","","220","Average Exchange rate of Pak Rupees per U.S. Dollar"
"Bank Floating Average Exchange Rates  (PKR per National Currency)","30-Nov-1971","TS_GP_ER_FAERPKR_M.E00220","22 Average Exchange rate of Pak Rupees per U.S. Dollar","4.7697","PKR","Normal","","220","Average Exchange rate of Pak Rupees per U.S. Dollar"
"Bank Floating Average Exchange Rates  (PKR per National Currency)","31-Oct-1971","TS_GP_ER_FAERPKR_M.E00220","22 Average Exchange rate of Pak Rupees per U.S. Dollar","4.7697","PKR","Normal","","220","Average Exchange rate of Pak Rupees per U.S. Dollar"
"Bank Floating Average Exchange Rates  (PKR per National Currency)","30-Sep-1971","TS_GP_ER_FAERPKR_M.E00220","22 Average Exchange rate of Pak Rupees per U.S. Dollar","4.7697","PKR","Normal","","220","Average Exchange rate of Pak Rupees per U.S. Dollar"
"Bank Floating Average Exchange Rates  (PKR per National Currency)","31-Aug-1971","TS_GP_ER_FAERPKR_M.E00220","22 Average Exchange rate of Pak Rupees per U.S. Dollar","4.7697","PKR","Normal","","220","Average Exchange rate of Pak Rupees per U.S. Dollar"
"Bank Floating Average Exchange Rates  (PKR per National Currency)","31-Jul-1971","TS_GP_ER_FAERPKR_M.E00220","22 Average Exchange rate of Pak Rupees per U.S. Dollar","4.7697","PKR","Normal","","220","Average Exchange rate of Pak Rupees per U.S. Dollar"
"Bank Floating Average Exchange Rates  (PKR per National Currency)","30-Jun-1971","TS_GP_ER_FAERPKR_M.E00220","22 Average Exchange rate of Pak Rupees per U.S. Dollar","4.7697","PKR","Normal","","220","Average Exchange rate of Pak Rupees per U.S. Dollar"
"Bank Floating Average Exchange Rates  (PKR per National Currency)","31-May-1971","TS_GP_ER_FAERPKR_M.E00220","22 Average Exchange rate of Pak Rupees per U.S. Dollar","4.7697","PKR","Normal","","220","Average Exchange rate of Pak Rupees per U.S. Dollar"
"Bank Floating Average Exchange Rates  (PKR per National Currency)","30-Apr-1971","TS_GP_ER_FAERPKR_M.E00220","22 Average Exchange rate of Pak Rupees per U.S. Dollar","4.7697","PKR","Normal","","220","Average Exchange rate of Pak Rupees per U.S. Dollar"
"Bank Floating Average Exchange Rates  (PKR per National Currency)","31-Mar-1971","TS_GP_ER_FAERPKR_M.E00220","22 Average Exchange rate of Pak Rupees per U.S. Dollar","4.7697","PKR","Normal","","220","Average Exchange rate of Pak Rupees per U.S. Dollar"
"Bank Floating Average Exchange Rates  (PKR per National Currency)","28-Feb-1971","TS_GP_ER_FAERPKR_M.E00220","22 Average Exchange rate of Pak Rupees per U.S. Dollar","4.7697","PKR","Normal","","220","Average Exchange rate of Pak Rupees per U.S. Dollar"
"Bank Floating Average Exchange Rates  (PKR per National Currency)","31-Jan-1971","TS_GP_ER_FAERPKR_M.E00220","22 Average Exchange rate of Pak Rupees per U.S. Dollar","4.7697","PKR","Normal","","220","Average Exchange rate of Pak Rupees per U.S. Dollar"
"Bank Floating Average Exchange Rates  (PKR per National Currency)","31-Dec-1970","TS_GP_ER_FAERPKR_M.E00220","22 Average Exchange rate of Pak Rupees per U.S. Dollar","4.7697","PKR","Normal","","220","Average Exchange rate of Pak Rupees per U.S. Dollar"
"Bank Floating Average Exchange Rates  (PKR per National Currency)","30-Nov-1970","TS_GP_ER_FAERPKR_M.E00220","22 Average Exchange rate of Pak Rupees per U.S. Dollar","4.7697","PKR","Normal","","220","Average Exchange rate of Pak Rupees per U.S. Dollar"
"Bank Floating Average Exchange Rates  (PKR per National Currency)","31-Oct-1970","TS_GP_ER_FAERPKR_M.E00220","22 Average Exchange rate of Pak Rupees per U.S. Dollar","4.7697","PKR","Normal","","220","Average Exchange rate of Pak Rupees per U.S. Dollar"
"Bank Floating Average Exchange Rates  (PKR per National Currency)","30-Sep-1970","TS_GP_ER_FAERPKR_M.E00220","22 Average Exchange rate of Pak Rupees per U.S. Dollar","4.7697","PKR","Normal","","220","Average Exchange rate of Pak Rupees per U.S. Dollar"
"Bank Floating Average Exchange Rates  (PKR per National Currency)","31-Aug-1970","TS_GP_ER_FAERPKR_M.E00220","22 Average Exchange rate of Pak Rupees per U.S. Dollar","4.7697","PKR","Normal","","220","Average Exchange rate of Pak Rupees per U.S. Dollar"
"Bank Floating Average Exchange Rates  (PKR per National Currency)","31-Jul-1970","TS_GP_ER_FAERPKR_M.E00220","22 Average Exchange rate of Pak Rupees per U.S. Dollar","4.7697","PKR","Normal","","220","Average Exchange rate of Pak Rupees per U.S. Dollar"
"Bank Floating Average Exchange Rates  (PKR per National Currency)","30-Jun-1970","TS_GP_ER_FAERPKR_M.E00220","22 Average Exchange rate of Pak Rupees per U.S. Dollar","4.7697","PKR","Normal","","220","Average Exchange rate of Pak Rupees per U.S. Dollar"
"Bank Floating Average Exchange Rates  (PKR per National Currency)","31-May-1970","TS_GP_ER_FAERPKR_M.E00220","22 Average Exchange rate of Pak Rupees per U.S. Dollar","4.7697","PKR","Normal","","220","Average Exchange rate of Pak Rupees per U.S. Dollar"
"Bank Floating Average Exchange Rates  (PKR per National Currency)","30-Apr-1970","TS_GP_ER_FAERPKR_M.E00220","22 Average Exchange rate of Pak Rupees per U.S. Dollar","4.7697","PKR","Normal","","220","Average Exchange rate of Pak Rupees per U.S. Dollar"
"Bank Floating Average Exchange Rates  (PKR per National Currency)","31-Mar-1970","TS_GP_ER_FAERPKR_M.E00220","22 Average Exchange rate of Pak Rupees per U.S. Dollar","4.7697","PKR","Normal","","220","Average Exchange rate of Pak Rupees per U.S. Dollar"
"Bank Floating Average Exchange Rates  (PKR per National Currency)","28-Feb-1970","TS_GP_ER_FAERPKR_M.E00220","22 Average Exchange rate of Pak Rupees per U.S. Dollar","4.7697","PKR","Normal","","220","Average Exchange rate of Pak Rupees per U.S. Dollar"
"Bank Floating Average Exchange Rates  (PKR per National Currency)","31-Jan-1970","TS_GP_ER_FAERPKR_M.E00220","22 Average Exchange rate of Pak Rupees per U.S. Dollar","4.7697","PKR","Normal","","220","Average Exchange rate of Pak Rupees per U.S. Dollar"
"Bank Floating Average Exchange Rates  (PKR per National Currency)","31-Dec-1969","TS_GP_ER_FAERPKR_M.E00220","22 Average Exchange rate of Pak Rupees per U.S. Dollar","4.7697","PKR","Normal","","220","Average Exchange rate of Pak Rupees per U.S. Dollar"
"Bank Floating Average Exchange Rates  (PKR per National Currency)","30-Nov-1969","TS_GP_ER_FAERPKR_M.E00220","22 Average Exchange rate of Pak Rupees per U.S. Dollar","4.7697","PKR","Normal","","220","Average Exchange rate of Pak Rupees per U.S. Dollar"
"Bank Floating Average Exchange Rates  (PKR per National Currency)","31-Oct-1969","TS_GP_ER_FAERPKR_M.E00220","22 Average Exchange rate of Pak Rupees per U.S. Dollar","4.7697","PKR","Normal","","220","Average Exchange rate of Pak Rupees per U.S. Dollar"
"Bank Floating Average Exchange Rates  (PKR per National Currency)","30-Sep-1969","TS_GP_ER_FAERPKR_M.E00220","22 Average Exchange rate of Pak Rupees per U.S. Dollar","4.7697","PKR","Normal","","220","Average Exchange rate of Pak Rupees per U.S. Dollar"
"Bank Floating Average Exchange Rates  (PKR per National Currency)","31-Aug-1969","TS_GP_ER_FAERPKR_M.E00220","22 Average Exchange rate of Pak Rupees per U.S. Dollar","4.7697","PKR","Normal","","220","Average Exchange rate of Pak Rupees per U.S. Dollar"
"Bank Floating Average Exchange Rates  (PKR per National Currency)","31-Jul-1969","TS_GP_ER_FAERPKR_M.E00220","22 Average Exchange rate of Pak Rupees per U.S. Dollar","4.7697","PKR","Normal","","220","Average Exchange rate of Pak Rupees per U.S. Dollar"
"Bank Floating Average Exchange Rates  (PKR per National Currency)","30-Jun-1969","TS_GP_ER_FAERPKR_M.E00220","22 Average Exchange rate of Pak Rupees per U.S. Dollar","4.7697","PKR","Normal","","220","Average Exchange rate of Pak Rupees per U.S. Dollar"
"Bank Floating Average Exchange Rates  (PKR per National Currency)","31-May-1969","TS_GP_ER_FAERPKR_M.E00220","22 Average Exchange rate of Pak Rupees per U.S. Dollar","4.7697","PKR","Normal","","220","Average Exchange rate of Pak Rupees per U.S. Dollar"
"Bank Floating Average Exchange Rates  (PKR per National Currency)","30-Apr-1969","TS_GP_ER_FAERPKR_M.E00220","22 Average Exchange rate of Pak Rupees per U.S. Dollar","4.7697","PKR","Normal","","220","Average Exchange rate of Pak Rupees per U.S. Dollar"
"Bank Floating Average Exchange Rates  (PKR per National Currency)","31-Mar-1969","TS_GP_ER_FAERPKR_M.E00220","22 Average Exchange rate of Pak Rupees per U.S. Dollar","4.7697","PKR","Normal","","220","Average Exchange rate of Pak Rupees per U.S. Dollar"
"Bank Floating Average Exchange Rates  (PKR per National Currency)","28-Feb-1969","TS_GP_ER_FAERPKR_M.E00220","22 Average Exchange rate of Pak Rupees per U.S. Dollar","4.7697","PKR","Normal","","220","Average Exchange rate of Pak Rupees per U.S. Dollar"
"Bank Floating Average Exchange Rates  (PKR per National Currency)","31-Jan-1969","TS_GP_ER_FAERPKR_M.E00220","22 Average Exchange rate of Pak Rupees per U.S. Dollar","4.7697","PKR","Normal","","220","Average Exchange rate of Pak Rupees per U.S. Dollar"
"Bank Floating Average Exchange Rates  (PKR per National Currency)","31-Dec-1968","TS_GP_ER_FAERPKR_M.E00220","22 Average Exchange rate of Pak Rupees per U.S. Dollar","4.7697","PKR","Normal","","220","Average Exchange rate of Pak Rupees per U.S. Dollar"
"Bank Floating Average Exchange Rates  (PKR per National Currency)","30-Nov-1968","TS_GP_ER_FAERPKR_M.E00220","22 Average Exchange rate of Pak Rupees per U.S. Dollar","4.7697","PKR","Normal","","220","Average Exchange rate of Pak Rupees per U.S. Dollar"
"Bank Floating Average Exchange Rates  (PKR per National Currency)","31-Oct-1968","TS_GP_ER_FAERPKR_M.E00220","22 Average Exchange rate of Pak Rupees per U.S. Dollar","4.7697","PKR","Normal","","220","Average Exchange rate of Pak Rupees per U.S. Dollar"
"Bank Floating Average Exchange Rates  (PKR per National Currency)","30-Sep-1968","TS_GP_ER_FAERPKR_M.E00220","22 Average Exchange rate of Pak Rupees per U.S. Dollar","4.7697","PKR","Normal","","220","Average Exchange rate of Pak Rupees per U.S. Dollar"
"Bank Floating Average Exchange Rates  (PKR per National Currency)","31-Aug-1968","TS_GP_ER_FAERPKR_M.E00220","22 Average Exchange rate of Pak Rupees per U.S. Dollar","4.7697","PKR","Normal","","220","Average Exchange rate of Pak Rupees per U.S. Dollar"
"Bank Floating Average Exchange Rates  (PKR per National Currency)","31-Jul-1968","TS_GP_ER_FAERPKR_M.E00220","22 Average Exchange rate of Pak Rupees per U.S. Dollar","4.7697","PKR","Normal","","220","Average Exchange rate of Pak Rupees per U.S. Dollar"
"Bank Floating Average Exchange Rates  (PKR per National Currency)","30-Jun-1968","TS_GP_ER_FAERPKR_M.E00220","22 Average Exchange rate of Pak Rupees per U.S. Dollar","4.7697","PKR","Normal","","220","Average Exchange rate of Pak Rupees per U.S. Dollar"
"Bank Floating Average Exchange Rates  (PKR per National Currency)","31-May-1968","TS_GP_ER_FAERPKR_M.E00220","22 Average Exchange rate of Pak Rupees per U.S. Dollar","4.7697","PKR","Normal","","220","Average Exchange rate of Pak Rupees per U.S. Dollar"
"Bank Floating Average Exchange Rates  (PKR per National Currency)","30-Apr-1968","TS_GP_ER_FAERPKR_M.E00220","22 Average Exchange rate of Pak Rupees per U.S. Dollar","4.7697","PKR","Normal","","220","Average Exchange rate of Pak Rupees per U.S. Dollar"
"Bank Floating Average Exchange Rates  (PKR per National Currency)","31-Mar-1968","TS_GP_ER_FAERPKR_M.E00220","22 Average Exchange rate of Pak Rupees per U.S. Dollar","4.7697","PKR","Normal","","220","Average Exchange rate of Pak Rupees per U.S. Dollar"
"Bank Floating Average Exchange Rates  (PKR per National Currency)","29-Feb-1968","TS_GP_ER_FAERPKR_M.E00220","22 Average Exchange rate of Pak Rupees per U.S. Dollar","4.7697","PKR","Normal","","220","Average Exchange rate of Pak Rupees per U.S. Dollar"
"Bank Floating Average Exchange Rates  (PKR per National Currency)","31-Jan-1968","TS_GP_ER_FAERPKR_M.E00220","22 Average Exchange rate of Pak Rupees per U.S. Dollar","4.7697","PKR","Normal","","220","Average Exchange rate of Pak Rupees per U.S. Dollar"
"Bank Floating Average Exchange Rates  (PKR per National Currency)","31-Dec-1967","TS_GP_ER_FAERPKR_M.E00220","22 Average Exchange rate of Pak Rupees per U.S. Dollar","4.7697","PKR","Normal","","220","Average Exchange rate of Pak Rupees per U.S. Dollar"
"Bank Floating Average Exchange Rates  (PKR per National Currency)","30-Nov-1967","TS_GP_ER_FAERPKR_M.E00220","22 Average Exchange rate of Pak Rupees per U.S. Dollar","4.7697","PKR","Normal","","220","Average Exchange rate of Pak Rupees per U.S. Dollar"
"Bank Floating Average Exchange Rates  (PKR per National Currency)","31-Oct-1967","TS_GP_ER_FAERPKR_M.E00220","22 Average Exchange rate of Pak Rupees per U.S. Dollar","4.7697","PKR","Normal","","220","Average Exchange rate of Pak Rupees per U.S. Dollar"
"Bank Floating Average Exchange Rates  (PKR per National Currency)","30-Sep-1967","TS_GP_ER_FAERPKR_M.E00220","22 Average Exchange rate of Pak Rupees per U.S. Dollar","4.7697","PKR","Normal","","220","Average Exchange rate of Pak Rupees per U.S. Dollar"
"Bank Floating Average Exchange Rates  (PKR per National Currency)","31-Aug-1967","TS_GP_ER_FAERPKR_M.E00220","22 Average Exchange rate of Pak Rupees per U.S. Dollar","4.7697","PKR","Normal","","220","Average Exchange rate of Pak Rupees per U.S. Dollar"
"Bank Floating Average Exchange Rates  (PKR per National Currency)","31-Jul-1967","TS_GP_ER_FAERPKR_M.E00220","22 Average Exchange rate of Pak Rupees per U.S. Dollar","4.7697","PKR","Normal","","220","Average Exchange rate of Pak Rupees per U.S. Dollar"
"Bank Floating Average Exchange Rates  (PKR per National Currency)","30-Jun-1967","TS_GP_ER_FAERPKR_M.E00220","22 Average Exchange rate of Pak Rupees per U.S. Dollar","4.7697","PKR","Normal","","220","Average Exchange rate of Pak Rupees per U.S. Dollar"
"Bank Floating Average Exchange Rates  (PKR per National Currency)","31-May-1967","TS_GP_ER_FAERPKR_M.E00220","22 Average Exchange rate of Pak Rupees per U.S. Dollar","4.7697","PKR","Normal","","220","Average Exchange rate of Pak Rupees per U.S. Dollar"
"Bank Floating Average Exchange Rates  (PKR per National Currency)","30-Apr-1967","TS_GP_ER_FAERPKR_M.E00220","22 Average Exchange rate of Pak Rupees per U.S. Dollar","4.7697","PKR","Normal","","220","Average Exchange rate of Pak Rupees per U.S. Dollar"
"Bank Floating Average Exchange Rates  (PKR per National Currency)","31-Mar-1967","TS_GP_ER_FAERPKR_M.E00220","22 Average Exchange rate of Pak Rupees per U.S. Dollar","4.7697","PKR","Normal","","220","Average Exchange rate of Pak Rupees per U.S. Dollar"
"Bank Floating Average Exchange Rates  (PKR per National Currency)","28-Feb-1967","TS_GP_ER_FAERPKR_M.E00220","22 Average Exchange rate of Pak Rupees per U.S. Dollar","4.7697","PKR","Normal","","220","Average Exchange rate of Pak Rupees per U.S. Dollar"
"Bank Floating Average Exchange Rates  (PKR per National Currency)","31-Jan-1967","TS_GP_ER_FAERPKR_M.E00220","22 Average Exchange rate of Pak Rupees per U.S. Dollar","4.7697","PKR","Normal","","220","Average Exchange rate of Pak Rupees per U.S. Dollar"
"Bank Floating Average Exchange Rates  (PKR per National Currency)","31-Dec-1966","TS_GP_ER_FAERPKR_M.E00220","22 Average Exchange rate of Pak Rupees per U.S. Dollar","4.7697","PKR","Normal","","220","Average Exchange rate of Pak Rupees per U.S. Dollar"
"Bank Floating Average Exchange Rates  (PKR per National Currency)","30-Nov-1966","TS_GP_ER_FAERPKR_M.E00220","22 Average Exchange rate of Pak Rupees per U.S. Dollar","4.7697","PKR","Normal","","220","Average Exchange rate of Pak Rupees per U.S. Dollar"
"Bank Floating Average Exchange Rates  (PKR per National Currency)","31-Oct-1966","TS_GP_ER_FAERPKR_M.E00220","22 Average Exchange rate of Pak Rupees per U.S. Dollar","4.7697","PKR","Normal","","220","Average Exchange rate of Pak Rupees per U.S. Dollar"
"Bank Floating Average Exchange Rates  (PKR per National Currency)","30-Sep-1966","TS_GP_ER_FAERPKR_M.E00220","22 Average Exchange rate of Pak Rupees per U.S. Dollar","4.7697","PKR","Normal","","220","Average Exchange rate of Pak Rupees per U.S. Dollar"
"Bank Floating Average Exchange Rates  (PKR per National Currency)","31-Aug-1966","TS_GP_ER_FAERPKR_M.E00220","22 Average Exchange rate of Pak Rupees per U.S. Dollar","4.7697","PKR","Normal","","220","Average Exchange rate of Pak Rupees per U.S. Dollar"
"Bank Floating Average Exchange Rates  (PKR per National Currency)","31-Jul-1966","TS_GP_ER_FAERPKR_M.E00220","22 Average Exchange rate of Pak Rupees per U.S. Dollar","4.7697","PKR","Normal","","220","Average Exchange rate of Pak Rupees per U.S. Dollar"
"Bank Floating Average Exchange Rates  (PKR per National Currency)","30-Jun-1966","TS_GP_ER_FAERPKR_M.E00220","22 Average Exchange rate of Pak Rupees per U.S. Dollar","4.7697","PKR","Normal","","220","Average Exchange rate of Pak Rupees per U.S. Dollar"
"Bank Floating Average Exchange Rates  (PKR per National Currency)","31-May-1966","TS_GP_ER_FAERPKR_M.E00220","22 Average Exchange rate of Pak Rupees per U.S. Dollar","4.7697","PKR","Normal","","220","Average Exchange rate of Pak Rupees per U.S. Dollar"
"Bank Floating Average Exchange Rates  (PKR per National Currency)","30-Apr-1966","TS_GP_ER_FAERPKR_M.E00220","22 Average Exchange rate of Pak Rupees per U.S. Dollar","4.7697","PKR","Normal","","220","Average Exchange rate of Pak Rupees per U.S. Dollar"
"Bank Floating Average Exchange Rates  (PKR per National Currency)","31-Mar-1966","TS_GP_ER_FAERPKR_M.E00220","22 Average Exchange rate of Pak Rupees per U.S. Dollar","4.7697","PKR","Normal","","220","Average Exchange rate of Pak Rupees per U.S. Dollar"
"Bank Floating Average Exchange Rates  (PKR per National Currency)","28-Feb-1966","TS_GP_ER_FAERPKR_M.E00220","22 Average Exchange rate of Pak Rupees per U.S. Dollar","4.7697","PKR","Normal","","220","Average Exchange rate of Pak Rupees per U.S. Dollar"
"Bank Floating Average Exchange Rates  (PKR per National Currency)","31-Jan-1966","TS_GP_ER_FAERPKR_M.E00220","22 Average Exchange rate of Pak Rupees per U.S. Dollar","4.7697","PKR","Normal","","220","Average Exchange rate of Pak Rupees per U.S. Dollar"
"Bank Floating Average Exchange Rates  (PKR per National Currency)","31-Dec-1965","TS_GP_ER_FAERPKR_M.E00220","22 Average Exchange rate of Pak Rupees per U.S. Dollar","4.7697","PKR","Normal","","220","Average Exchange rate of Pak Rupees per U.S. Dollar"
"Bank Floating Average Exchange Rates  (PKR per National Currency)","30-Nov-1965","TS_GP_ER_FAERPKR_M.E00220","22 Average Exchange rate of Pak Rupees per U.S. Dollar","4.7697","PKR","Normal","","220","Average Exchange rate of Pak Rupees per U.S. Dollar"
"Bank Floating Average Exchange Rates  (PKR per National Currency)","31-Oct-1965","TS_GP_ER_FAERPKR_M.E00220","22 Average Exchange rate of Pak Rupees per U.S. Dollar","4.7697","PKR","Normal","","220","Average Exchange rate of Pak Rupees per U.S. Dollar"
"Bank Floating Average Exchange Rates  (PKR per National Currency)","30-Sep-1965","TS_GP_ER_FAERPKR_M.E00220","22 Average Exchange rate of Pak Rupees per U.S. Dollar","4.7697","PKR","Normal","","220","Average Exchange rate of Pak Rupees per U.S. Dollar"
"Bank Floating Average Exchange Rates  (PKR per National Currency)","31-Aug-1965","TS_GP_ER_FAERPKR_M.E00220","22 Average Exchange rate of Pak Rupees per U.S. Dollar","4.7697","PKR","Normal","","220","Average Exchange rate of Pak Rupees per U.S. Dollar"
"Bank Floating Average Exchange Rates  (PKR per National Currency)","31-Jul-1965","TS_GP_ER_FAERPKR_M.E00220","22 Average Exchange rate of Pak Rupees per U.S. Dollar","4.7697","PKR","Normal","","220","Average Exchange rate of Pak Rupees per U.S. Dollar"
"Bank Floating Average Exchange Rates  (PKR per National Currency)","30-Jun-1965","TS_GP_ER_FAERPKR_M.E00220","22 Average Exchange rate of Pak Rupees per U.S. Dollar","4.7697","PKR","Normal","","220","Average Exchange rate of Pak Rupees per U.S. Dollar"
"Bank Floating Average Exchange Rates  (PKR per National Currency)","31-May-1965","TS_GP_ER_FAERPKR_M.E00220","22 Average Exchange rate of Pak Rupees per U.S. Dollar","4.7697","PKR","Normal","","220","Average Exchange rate of Pak Rupees per U.S. Dollar"
"Bank Floating Average Exchange Rates  (PKR per National Currency)","30-Apr-1965","TS_GP_ER_FAERPKR_M.E00220","22 Average Exchange rate of Pak Rupees per U.S. Dollar","4.7697","PKR","Normal","","220","Average Exchange rate of Pak Rupees per U.S. Dollar"
"Bank Floating Average Exchange Rates  (PKR per National Currency)","31-Mar-1965","TS_GP_ER_FAERPKR_M.E00220","22 Average Exchange rate of Pak Rupees per U.S. Dollar","4.7697","PKR","Normal","","220","Average Exchange rate of Pak Rupees per U.S. Dollar"
"Bank Floating Average Exchange Rates  (PKR per National Currency)","28-Feb-1965","TS_GP_ER_FAERPKR_M.E00220","22 Average Exchange rate of Pak Rupees per U.S. Dollar","4.7697","PKR","Normal","","220","Average Exchange rate of Pak Rupees per U.S. Dollar"
"Bank Floating Average Exchange Rates  (PKR per National Currency)","31-Jan-1965","TS_GP_ER_FAERPKR_M.E00220","22 Average Exchange rate of Pak Rupees per U.S. Dollar","4.7697","PKR","Normal","","220","Average Exchange rate of Pak Rupees per U.S. Dollar"
"Bank Floating Average Exchange Rates  (PKR per National Currency)","31-Dec-1964","TS_GP_ER_FAERPKR_M.E00220","22 Average Exchange rate of Pak Rupees per U.S. Dollar","4.7697","PKR","Normal","","220","Average Exchange rate of Pak Rupees per U.S. Dollar"
"Bank Floating Average Exchange Rates  (PKR per National Currency)","30-Nov-1964","TS_GP_ER_FAERPKR_M.E00220","22 Average Exchange rate of Pak Rupees per U.S. Dollar","4.7697","PKR","Normal","","220","Average Exchange rate of Pak Rupees per U.S. Dollar"
"Bank Floating Average Exchange Rates  (PKR per National Currency)","31-Oct-1964","TS_GP_ER_FAERPKR_M.E00220","22 Average Exchange rate of Pak Rupees per U.S. Dollar","4.7697","PKR","Normal","","220","Average Exchange rate of Pak Rupees per U.S. Dollar"
"Bank Floating Average Exchange Rates  (PKR per National Currency)","30-Sep-1964","TS_GP_ER_FAERPKR_M.E00220","22 Average Exchange rate of Pak Rupees per U.S. Dollar","4.7697","PKR","Normal","","220","Average Exchange rate of Pak Rupees per U.S. Dollar"
"Bank Floating Average Exchange Rates  (PKR per National Currency)","31-Aug-1964","TS_GP_ER_FAERPKR_M.E00220","22 Average Exchange rate of Pak Rupees per U.S. Dollar","4.7697","PKR","Normal","","220","Average Exchange rate of Pak Rupees per U.S. Dollar"
"Bank Floating Average Exchange Rates  (PKR per National Currency)","31-Jul-1964","TS_GP_ER_FAERPKR_M.E00220","22 Average Exchange rate of Pak Rupees per U.S. Dollar","4.7697","PKR","Normal","","220","Average Exchange rate of Pak Rupees per U.S. Dollar"
"Bank Floating Average Exchange Rates  (PKR per National Currency)","30-Jun-1964","TS_GP_ER_FAERPKR_M.E00220","22 Average Exchange rate of Pak Rupees per U.S. Dollar","4.7697","PKR","Normal","","220","Average Exchange rate of Pak Rupees per U.S. Dollar"
"Bank Floating Average Exchange Rates  (PKR per National Currency)","31-May-1964","TS_GP_ER_FAERPKR_M.E00220","22 Average Exchange rate of Pak Rupees per U.S. Dollar","4.7697","PKR","Normal","","220","Average Exchange rate of Pak Rupees per U.S. Dollar"
"Bank Floating Average Exchange Rates  (PKR per National Currency)","30-Apr-1964","TS_GP_ER_FAERPKR_M.E00220","22 Average Exchange rate of Pak Rupees per U.S. Dollar","4.7697","PKR","Normal","","220","Average Exchange rate of Pak Rupees per U.S. Dollar"
"Bank Floating Average Exchange Rates  (PKR per National Currency)","31-Mar-1964","TS_GP_ER_FAERPKR_M.E00220","22 Average Exchange rate of Pak Rupees per U.S. Dollar","4.7697","PKR","Normal","","220","Average Exchange rate of Pak Rupees per U.S. Dollar"
"Bank Floating Average Exchange Rates  (PKR per National Currency)","29-Feb-1964","TS_GP_ER_FAERPKR_M.E00220","22 Average Exchange rate of Pak Rupees per U.S. Dollar","4.7697","PKR","Normal","","220","Average Exchange rate of Pak Rupees per U.S. Dollar"
"Bank Floating Average Exchange Rates  (PKR per National Currency)","31-Jan-1964","TS_GP_ER_FAERPKR_M.E00220","22 Average Exchange rate of Pak Rupees per U.S. Dollar","4.7697","PKR","Normal","","220","Average Exchange rate of Pak Rupees per U.S. Dollar"
"Bank Floating Average Exchange Rates  (PKR per National Currency)","31-Dec-1963","TS_GP_ER_FAERPKR_M.E00220","22 Average Exchange rate of Pak Rupees per U.S. Dollar","4.7697","PKR","Normal","","220","Average Exchange rate of Pak Rupees per U.S. Dollar"
"Bank Floating Average Exchange Rates  (PKR per National Currency)","30-Nov-1963","TS_GP_ER_FAERPKR_M.E00220","22 Average Exchange rate of Pak Rupees per U.S. Dollar","4.7697","PKR","Normal","","220","Average Exchange rate of Pak Rupees per U.S. Dollar"
"Bank Floating Average Exchange Rates  (PKR per National Currency)","31-Oct-1963","TS_GP_ER_FAERPKR_M.E00220","22 Average Exchange rate of Pak Rupees per U.S. Dollar","4.7697","PKR","Normal","","220","Average Exchange rate of Pak Rupees per U.S. Dollar"
"Bank Floating Average Exchange Rates  (PKR per National Currency)","30-Sep-1963","TS_GP_ER_FAERPKR_M.E00220","22 Average Exchange rate of Pak Rupees per U.S. Dollar","4.7697","PKR","Normal","","220","Average Exchange rate of Pak Rupees per U.S. Dollar"
"Bank Floating Average Exchange Rates  (PKR per National Currency)","31-Aug-1963","TS_GP_ER_FAERPKR_M.E00220","22 Average Exchange rate of Pak Rupees per U.S. Dollar","4.7697","PKR","Normal","","220","Average Exchange rate of Pak Rupees per U.S. Dollar"
"Bank Floating Average Exchange Rates  (PKR per National Currency)","31-Jul-1963","TS_GP_ER_FAERPKR_M.E00220","22 Average Exchange rate of Pak Rupees per U.S. Dollar","4.7697","PKR","Normal","","220","Average Exchange rate of Pak Rupees per U.S. Dollar"
"Bank Floating Average Exchange Rates  (PKR per National Currency)","30-Jun-1963","TS_GP_ER_FAERPKR_M.E00220","22 Average Exchange rate of Pak Rupees per U.S. Dollar","4.7697","PKR","Normal","","220","Average Exchange rate of Pak Rupees per U.S. Dollar"
"Bank Floating Average Exchange Rates  (PKR per National Currency)","31-May-1963","TS_GP_ER_FAERPKR_M.E00220","22 Average Exchange rate of Pak Rupees per U.S. Dollar","4.7697","PKR","Normal","","220","Average Exchange rate of Pak Rupees per U.S. Dollar"
"Bank Floating Average Exchange Rates  (PKR per National Currency)","30-Apr-1963","TS_GP_ER_FAERPKR_M.E00220","22 Average Exchange rate of Pak Rupees per U.S. Dollar","4.7697","PKR","Normal","","220","Average Exchange rate of Pak Rupees per U.S. Dollar"
"Bank Floating Average Exchange Rates  (PKR per National Currency)","31-Mar-1963","TS_GP_ER_FAERPKR_M.E00220","22 Average Exchange rate of Pak Rupees per U.S. Dollar","4.7697","PKR","Normal","","220","Average Exchange rate of Pak Rupees per U.S. Dollar"
"Bank Floating Average Exchange Rates  (PKR per National Currency)","28-Feb-1963","TS_GP_ER_FAERPKR_M.E00220","22 Average Exchange rate of Pak Rupees per U.S. Dollar","4.7697","PKR","Normal","","220","Average Exchange rate of Pak Rupees per U.S. Dollar"
"Bank Floating Average Exchange Rates  (PKR per National Currency)","31-Jan-1963","TS_GP_ER_FAERPKR_M.E00220","22 Average Exchange rate of Pak Rupees per U.S. Dollar","4.7697","PKR","Normal","","220","Average Exchange rate of Pak Rupees per U.S. Dollar"
"Bank Floating Average Exchange Rates  (PKR per National Currency)","31-Dec-1962","TS_GP_ER_FAERPKR_M.E00220","22 Average Exchange rate of Pak Rupees per U.S. Dollar","4.7697","PKR","Normal","","220","Average Exchange rate of Pak Rupees per U.S. Dollar"
"Bank Floating Average Exchange Rates  (PKR per National Currency)","30-Nov-1962","TS_GP_ER_FAERPKR_M.E00220","22 Average Exchange rate of Pak Rupees per U.S. Dollar","4.7697","PKR","Normal","","220","Average Exchange rate of Pak Rupees per U.S. Dollar"
"Bank Floating Average Exchange Rates  (PKR per National Currency)","31-Oct-1962","TS_GP_ER_FAERPKR_M.E00220","22 Average Exchange rate of Pak Rupees per U.S. Dollar","4.7697","PKR","Normal","","220","Average Exchange rate of Pak Rupees per U.S. Dollar"
"Bank Floating Average Exchange Rates  (PKR per National Currency)","30-Sep-1962","TS_GP_ER_FAERPKR_M.E00220","22 Average Exchange rate of Pak Rupees per U.S. Dollar","4.7697","PKR","Normal","","220","Average Exchange rate of Pak Rupees per U.S. Dollar"
"Bank Floating Average Exchange Rates  (PKR per National Currency)","31-Aug-1962","TS_GP_ER_FAERPKR_M.E00220","22 Average Exchange rate of Pak Rupees per U.S. Dollar","4.7697","PKR","Normal","","220","Average Exchange rate of Pak Rupees per U.S. Dollar"
"Bank Floating Average Exchange Rates  (PKR per National Currency)","31-Jul-1962","TS_GP_ER_FAERPKR_M.E00220","22 Average Exchange rate of Pak Rupees per U.S. Dollar","4.7697","PKR","Normal","","220","Average Exchange rate of Pak Rupees per U.S. Dollar"
"Bank Floating Average Exchange Rates  (PKR per National Currency)","30-Jun-1962","TS_GP_ER_FAERPKR_M.E00220","22 Average Exchange rate of Pak Rupees per U.S. Dollar","4.7697","PKR","Normal","","220","Average Exchange rate of Pak Rupees per U.S. Dollar"
"Bank Floating Average Exchange Rates  (PKR per National Currency)","31-May-1962","TS_GP_ER_FAERPKR_M.E00220","22 Average Exchange rate of Pak Rupees per U.S. Dollar","4.7697","PKR","Normal","","220","Average Exchange rate of Pak Rupees per U.S. Dollar"
"Bank Floating Average Exchange Rates  (PKR per National Currency)","30-Apr-1962","TS_GP_ER_FAERPKR_M.E00220","22 Average Exchange rate of Pak Rupees per U.S. Dollar","4.7697","PKR","Normal","","220","Average Exchange rate of Pak Rupees per U.S. Dollar"
"Bank Floating Average Exchange Rates  (PKR per National Currency)","31-Mar-1962","TS_GP_ER_FAERPKR_M.E00220","22 Average Exchange rate of Pak Rupees per U.S. Dollar","4.7697","PKR","Normal","","220","Average Exchange rate of Pak Rupees per U.S. Dollar"
"Bank Floating Average Exchange Rates  (PKR per National Currency)","28-Feb-1962","TS_GP_ER_FAERPKR_M.E00220","22 Average Exchange rate of Pak Rupees per U.S. Dollar","4.7697","PKR","Normal","","220","Average Exchange rate of Pak Rupees per U.S. Dollar"
"Bank Floating Average Exchange Rates  (PKR per National Currency)","31-Jan-1962","TS_GP_ER_FAERPKR_M.E00220","22 Average Exchange rate of Pak Rupees per U.S. Dollar","4.7697","PKR","Normal","","220","Average Exchange rate of Pak Rupees per U.S. Dollar"
"Bank Floating Average Exchange Rates  (PKR per National Currency)","31-Dec-1961","TS_GP_ER_FAERPKR_M.E00220","22 Average Exchange rate of Pak Rupees per U.S. Dollar","4.7697","PKR","Normal","","220","Average Exchange rate of Pak Rupees per U.S. Dollar"
"Bank Floating Average Exchange Rates  (PKR per National Currency)","30-Nov-1961","TS_GP_ER_FAERPKR_M.E00220","22 Average Exchange rate of Pak Rupees per U.S. Dollar","4.7697","PKR","Normal","","220","Average Exchange rate of Pak Rupees per U.S. Dollar"
"Bank Floating Average Exchange Rates  (PKR per National Currency)","31-Oct-1961","TS_GP_ER_FAERPKR_M.E00220","22 Average Exchange rate of Pak Rupees per U.S. Dollar","4.7697","PKR","Normal","","220","Average Exchange rate of Pak Rupees per U.S. Dollar"
"Bank Floating Average Exchange Rates  (PKR per National Currency)","30-Sep-1961","TS_GP_ER_FAERPKR_M.E00220","22 Average Exchange rate of Pak Rupees per U.S. Dollar","4.7697","PKR","Normal","","220","Average Exchange rate of Pak Rupees per U.S. Dollar"
"Bank Floating Average Exchange Rates  (PKR per National Currency)","31-Aug-1961","TS_GP_ER_FAERPKR_M.E00220","22 Average Exchange rate of Pak Rupees per U.S. Dollar","4.7697","PKR","Normal","","220","Average Exchange rate of Pak Rupees per U.S. Dollar"
"Bank Floating Average Exchange Rates  (PKR per National Currency)","31-Jul-1961","TS_GP_ER_FAERPKR_M.E00220","22 Average Exchange rate of Pak Rupees per U.S. Dollar","4.7697","PKR","Normal","","220","Average Exchange rate of Pak Rupees per U.S. Dollar"
"Bank Floating Average Exchange Rates  (PKR per National Currency)","30-Jun-1961","TS_GP_ER_FAERPKR_M.E00220","22 Average Exchange rate of Pak Rupees per U.S. Dollar","4.7697","PKR","Normal","","220","Average Exchange rate of Pak Rupees per U.S. Dollar"
"Bank Floating Average Exchange Rates  (PKR per National Currency)","31-May-1961","TS_GP_ER_FAERPKR_M.E00220","22 Average Exchange rate of Pak Rupees per U.S. Dollar","4.7697","PKR","Normal","","220","Average Exchange rate of Pak Rupees per U.S. Dollar"
"Bank Floating Average Exchange Rates  (PKR per National Currency)","30-Apr-1961","TS_GP_ER_FAERPKR_M.E00220","22 Average Exchange rate of Pak Rupees per U.S. Dollar","4.7697","PKR","Normal","","220","Average Exchange rate of Pak Rupees per U.S. Dollar"
"Bank Floating Average Exchange Rates  (PKR per National Currency)","31-Mar-1961","TS_GP_ER_FAERPKR_M.E00220","22 Average Exchange rate of Pak Rupees per U.S. Dollar","4.7697","PKR","Normal","","220","Average Exchange rate of Pak Rupees per U.S. Dollar"
"Bank Floating Average Exchange Rates  (PKR per National Currency)","28-Feb-1961","TS_GP_ER_FAERPKR_M.E00220","22 Average Exchange rate of Pak Rupees per U.S. Dollar","4.7697","PKR","Normal","","220","Average Exchange rate of Pak Rupees per U.S. Dollar"
"Bank Floating Average Exchange Rates  (PKR per National Currency)","31-Jan-1961","TS_GP_ER_FAERPKR_M.E00220","22 Average Exchange rate of Pak Rupees per U.S. Dollar","4.7697","PKR","Normal","","220","Average Exchange rate of Pak Rupees per U.S. Dollar"
"Bank Floating Average Exchange Rates  (PKR per National Currency)","31-Dec-1960","TS_GP_ER_FAERPKR_M.E00220","22 Average Exchange rate of Pak Rupees per U.S. Dollar","4.7697","PKR","Normal","","220","Average Exchange rate of Pak Rupees per U.S. Dollar"
"Bank Floating Average Exchange Rates  (PKR per National Currency)","30-Nov-1960","TS_GP_ER_FAERPKR_M.E00220","22 Average Exchange rate of Pak Rupees per U.S. Dollar","4.7697","PKR","Normal","","220","Average Exchange rate of Pak Rupees per U.S. Dollar"
"Bank Floating Average Exchange Rates  (PKR per National Currency)","31-Oct-1960","TS_GP_ER_FAERPKR_M.E00220","22 Average Exchange rate of Pak Rupees per U.S. Dollar","4.7697","PKR","Normal","","220","Average Exchange rate of Pak Rupees per U.S. Dollar"
"Bank Floating Average Exchange Rates  (PKR per National Currency)","30-Sep-1960","TS_GP_ER_FAERPKR_M.E00220","22 Average Exchange rate of Pak Rupees per U.S. Dollar","4.7697","PKR","Normal","","220","Average Exchange rate of Pak Rupees per U.S. Dollar"
"Bank Floating Average Exchange Rates  (PKR per National Currency)","31-Aug-1960","TS_GP_ER_FAERPKR_M.E00220","22 Average Exchange rate of Pak Rupees per U.S. Dollar","4.7697","PKR","Normal","","220","Average Exchange rate of Pak Rupees per U.S. Dollar"
"Bank Floating Average Exchange Rates  (PKR per National Currency)","31-Jul-1960","TS_GP_ER_FAERPKR_M.E00220","22 Average Exchange rate of Pak Rupees per U.S. Dollar","4.7697","PKR","Normal","","220","Average Exchange rate of Pak Rupees per U.S. Dollar"
"Bank Floating Average Exchange Rates  (PKR per National Currency)","30-Jun-1960","TS_GP_ER_FAERPKR_M.E00220","22 Average Exchange rate of Pak Rupees per U.S. Dollar","4.7697","PKR","Normal","","220","Average Exchange rate of Pak Rupees per U.S. Dollar"
"Bank Floating Average Exchange Rates  (PKR per National Currency)","31-May-1960","TS_GP_ER_FAERPKR_M.E00220","22 Average Exchange rate of Pak Rupees per U.S. Dollar","4.7697","PKR","Normal","","220","Average Exchange rate of Pak Rupees per U.S. Dollar"
"Bank Floating Average Exchange Rates  (PKR per National Currency)","30-Apr-1960","TS_GP_ER_FAERPKR_M.E00220","22 Average Exchange rate of Pak Rupees per U.S. Dollar","4.7697","PKR","Normal","","220","Average Exchange rate of Pak Rupees per U.S. Dollar"
"Bank Floating Average Exchange Rates  (PKR per National Currency)","31-Mar-1960","TS_GP_ER_FAERPKR_M.E00220","22 Average Exchange rate of Pak Rupees per U.S. Dollar","4.7697","PKR","Normal","","220","Average Exchange rate of Pak Rupees per U.S. Dollar"
"Bank Floating Average Exchange Rates  (PKR per National Currency)","29-Feb-1960","TS_GP_ER_FAERPKR_M.E00220","22 Average Exchange rate of Pak Rupees per U.S. Dollar","4.7697","PKR","Normal","","220","Average Exchange rate of Pak Rupees per U.S. Dollar"
"Bank Floating Average Exchange Rates  (PKR per National Currency)","31-Jan-1960","TS_GP_ER_FAERPKR_M.E00220","22 Average Exchange rate of Pak Rupees per U.S. Dollar","4.7697","PKR","Normal","","220","Average Exchange rate of Pak Rupees per U.S. Dollar"
"Bank Floating Average Exchange Rates  (PKR per National Currency)","31-Dec-1959","TS_GP_ER_FAERPKR_M.E00220","22 Average Exchange rate of Pak Rupees per U.S. Dollar","4.7697","PKR","Normal","","220","Average Exchange rate of Pak Rupees per U.S. Dollar"
"Bank Floating Average Exchange Rates  (PKR per National Currency)","30-Nov-1959","TS_GP_ER_FAERPKR_M.E00220","22 Average Exchange rate of Pak Rupees per U.S. Dollar","4.7697","PKR","Normal","","220","Average Exchange rate of Pak Rupees per U.S. Dollar"
"Bank Floating Average Exchange Rates  (PKR per National Currency)","31-Oct-1959","TS_GP_ER_FAERPKR_M.E00220","22 Average Exchange rate of Pak Rupees per U.S. Dollar","4.7697","PKR","Normal","","220","Average Exchange rate of Pak Rupees per U.S. Dollar"
"Bank Floating Average Exchange Rates  (PKR per National Currency)","30-Sep-1959","TS_GP_ER_FAERPKR_M.E00220","22 Average Exchange rate of Pak Rupees per U.S. Dollar","4.7697","PKR","Normal","","220","Average Exchange rate of Pak Rupees per U.S. Dollar"
"Bank Floating Average Exchange Rates  (PKR per National Currency)","31-Aug-1959","TS_GP_ER_FAERPKR_M.E00220","22 Average Exchange rate of Pak Rupees per U.S. Dollar","4.7697","PKR","Normal","","220","Average Exchange rate of Pak Rupees per U.S. Dollar"
"Bank Floating Average Exchange Rates  (PKR per National Currency)","31-Jul-1959","TS_GP_ER_FAERPKR_M.E00220","22 Average Exchange rate of Pak Rupees per U.S. Dollar","4.7697","PKR","Normal","","220","Average Exchange rate of Pak Rupees per U.S. Dollar"
"Bank Floating Average Exchange Rates  (PKR per National Currency)","30-Jun-1959","TS_GP_ER_FAERPKR_M.E00220","22 Average Exchange rate of Pak Rupees per U.S. Dollar","4.7697","PKR","Normal","","220","Average Exchange rate of Pak Rupees per U.S. Dollar"
"Bank Floating Average Exchange Rates  (PKR per National Currency)","31-May-1959","TS_GP_ER_FAERPKR_M.E00220","22 Average Exchange rate of Pak Rupees per U.S. Dollar","4.7697","PKR","Normal","","220","Average Exchange rate of Pak Rupees per U.S. Dollar"
"Bank Floating Average Exchange Rates  (PKR per National Currency)","30-Apr-1959","TS_GP_ER_FAERPKR_M.E00220","22 Average Exchange rate of Pak Rupees per U.S. Dollar","4.7697","PKR","Normal","","220","Average Exchange rate of Pak Rupees per U.S. Dollar"
"Bank Floating Average Exchange Rates  (PKR per National Currency)","31-Mar-1959","TS_GP_ER_FAERPKR_M.E00220","22 Average Exchange rate of Pak Rupees per U.S. Dollar","4.7697","PKR","Normal","","220","Average Exchange rate of Pak Rupees per U.S. Dollar"
"Bank Floating Average Exchange Rates  (PKR per National Currency)","28-Feb-1959","TS_GP_ER_FAERPKR_M.E00220","22 Average Exchange rate of Pak Rupees per U.S. Dollar","4.7697","PKR","Normal","","220","Average Exchange rate of Pak Rupees per U.S. Dollar"
"Bank Floating Average Exchange Rates  (PKR per National Currency)","31-Jan-1959","TS_GP_ER_FAERPKR_M.E00220","22 Average Exchange rate of Pak Rupees per U.S. Dollar","4.7697","PKR","Normal","","220","Average Exchange rate of Pak Rupees per U.S. Dollar"
"Bank Floating Average Exchange Rates  (PKR per National Currency)","31-Dec-1958","TS_GP_ER_FAERPKR_M.E00220","22 Average Exchange rate of Pak Rupees per U.S. Dollar","4.7697","PKR","Normal","","220","Average Exchange rate of Pak Rupees per U.S. Dollar"
"Bank Floating Average Exchange Rates  (PKR per National Currency)","30-Nov-1958","TS_GP_ER_FAERPKR_M.E00220","22 Average Exchange rate of Pak Rupees per U.S. Dollar","4.7697","PKR","Normal","","220","Average Exchange rate of Pak Rupees per U.S. Dollar"
"Bank Floating Average Exchange Rates  (PKR per National Currency)","31-Oct-1958","TS_GP_ER_FAERPKR_M.E00220","22 Average Exchange rate of Pak Rupees per U.S. Dollar","4.7697","PKR","Normal","","220","Average Exchange rate of Pak Rupees per U.S. Dollar"
"Bank Floating Average Exchange Rates  (PKR per National Currency)","30-Sep-1958","TS_GP_ER_FAERPKR_M.E00220","22 Average Exchange rate of Pak Rupees per U.S. Dollar","4.7697","PKR","Normal","","220","Average Exchange rate of Pak Rupees per U.S. Dollar"
"Bank Floating Average Exchange Rates  (PKR per National Currency)","31-Aug-1958","TS_GP_ER_FAERPKR_M.E00220","22 Average Exchange rate of Pak Rupees per U.S. Dollar","4.7697","PKR","Normal","","220","Average Exchange rate of Pak Rupees per U.S. Dollar"
"Bank Floating Average Exchange Rates  (PKR per National Currency)","31-Jul-1958","TS_GP_ER_FAERPKR_M.E00220","22 Average Exchange rate of Pak Rupees per U.S. Dollar","4.7697","PKR","Normal","","220","Average Exchange rate of Pak Rupees per U.S. Dollar"
"Bank Floating Average Exchange Rates  (PKR per National Currency)","30-Jun-1958","TS_GP_ER_FAERPKR_M.E00220","22 Average Exchange rate of Pak Rupees per U.S. Dollar","4.7697","PKR","Normal","","220","Average Exchange rate of Pak Rupees per U.S. Dollar"
"Bank Floating Average Exchange Rates  (PKR per National Currency)","31-May-1958","TS_GP_ER_FAERPKR_M.E00220","22 Average Exchange rate of Pak Rupees per U.S. Dollar","4.7697","PKR","Normal","","220","Average Exchange rate of Pak Rupees per U.S. Dollar"
"Bank Floating Average Exchange Rates  (PKR per National Currency)","30-Apr-1958","TS_GP_ER_FAERPKR_M.E00220","22 Average Exchange rate of Pak Rupees per U.S. Dollar","4.7697","PKR","Normal","","220","Average Exchange rate of Pak Rupees per U.S. Dollar"
"Bank Floating Average Exchange Rates  (PKR per National Currency)","31-Mar-1958","TS_GP_ER_FAERPKR_M.E00220","22 Average Exchange rate of Pak Rupees per U.S. Dollar","4.7697","PKR","Normal","","220","Average Exchange rate of Pak Rupees per U.S. Dollar"
"Bank Floating Average Exchange Rates  (PKR per National Currency)","28-Feb-1958","TS_GP_ER_FAERPKR_M.E00220","22 Average Exchange rate of Pak Rupees per U.S. Dollar","4.7697","PKR","Normal","","220","Average Exchange rate of Pak Rupees per U.S. Dollar"
"Bank Floating Average Exchange Rates  (PKR per National Currency)","31-Jan-1958","TS_GP_ER_FAERPKR_M.E00220","22 Average Exchange rate of Pak Rupees per U.S. Dollar","4.7697","PKR","Normal","","220","Average Exchange rate of Pak Rupees per U.S. Dollar"
"Bank Floating Average Exchange Rates  (PKR per National Currency)","31-Dec-1957","TS_GP_ER_FAERPKR_M.E00220","22 Average Exchange rate of Pak Rupees per U.S. Dollar","4.7697","PKR","Normal","","220","Average Exchange rate of Pak Rupees per U.S. Dollar"
"Bank Floating Average Exchange Rates  (PKR per National Currency)","30-Nov-1957","TS_GP_ER_FAERPKR_M.E00220","22 Average Exchange rate of Pak Rupees per U.S. Dollar","4.7697","PKR","Normal","","220","Average Exchange rate of Pak Rupees per U.S. Dollar"
"Bank Floating Average Exchange Rates  (PKR per National Currency)","31-Oct-1957","TS_GP_ER_FAERPKR_M.E00220","22 Average Exchange rate of Pak Rupees per U.S. Dollar","4.7697","PKR","Normal","","220","Average Exchange rate of Pak Rupees per U.S. Dollar"
"Bank Floating Average Exchange Rates  (PKR per National Currency)","30-Sep-1957","TS_GP_ER_FAERPKR_M.E00220","22 Average Exchange rate of Pak Rupees per U.S. Dollar","4.7697","PKR","Normal","","220","Average Exchange rate of Pak Rupees per U.S. Dollar"
"Bank Floating Average Exchange Rates  (PKR per National Currency)","31-Aug-1957","TS_GP_ER_FAERPKR_M.E00220","22 Average Exchange rate of Pak Rupees per U.S. Dollar","4.7697","PKR","Normal","","220","Average Exchange rate of Pak Rupees per U.S. Dollar"
"Bank Floating Average Exchange Rates  (PKR per National Currency)","31-Jul-1957","TS_GP_ER_FAERPKR_M.E00220","22 Average Exchange rate of Pak Rupees per U.S. Dollar","4.7697","PKR","Normal","","220","Average Exchange rate of Pak Rupees per U.S. Dollar"
"Bank Floating Average Exchange Rates  (PKR per National Currency)","30-Jun-1957","TS_GP_ER_FAERPKR_M.E00220","22 Average Exchange rate of Pak Rupees per U.S. Dollar","4.7697","PKR","Normal","","220","Average Exchange rate of Pak Rupees per U.S. Dollar"
"Bank Floating Average Exchange Rates  (PKR per National Currency)","31-May-1957","TS_GP_ER_FAERPKR_M.E00220","22 Average Exchange rate of Pak Rupees per U.S. Dollar","4.7697","PKR","Normal","","220","Average Exchange rate of Pak Rupees per U.S. Dollar"
"Bank Floating Average Exchange Rates  (PKR per National Currency)","30-Apr-1957","TS_GP_ER_FAERPKR_M.E00220","22 Average Exchange rate of Pak Rupees per U.S. Dollar","4.7697","PKR","Normal","","220","Average Exchange rate of Pak Rupees per U.S. Dollar"
"Bank Floating Average Exchange Rates  (PKR per National Currency)","31-Mar-1957","TS_GP_ER_FAERPKR_M.E00220","22 Average Exchange rate of Pak Rupees per U.S. Dollar","4.7697","PKR","Normal","","220","Average Exchange rate of Pak Rupees per U.S. Dollar"
"Bank Floating Average Exchange Rates  (PKR per National Currency)","28-Feb-1957","TS_GP_ER_FAERPKR_M.E00220","22 Average Exchange rate of Pak Rupees per U.S. Dollar","4.7697","PKR","Normal","","220","Average Exchange rate of Pak Rupees per U.S. Dollar"
"Bank Floating Average Exchange Rates  (PKR per National Currency)","31-Jan-1957","TS_GP_ER_FAERPKR_M.E00220","22 Average Exchange rate of Pak Rupees per U.S. Dollar","4.7697","PKR","Normal","","220","Average Exchange rate of Pak Rupees per U.S. Dollar"
"Bank Floating Average Exchange Rates  (PKR per National Currency)","31-Dec-1956","TS_GP_ER_FAERPKR_M.E00220","22 Average Exchange rate of Pak Rupees per U.S. Dollar","4.7697","PKR","Normal","","220","Average Exchange rate of Pak Rupees per U.S. Dollar"
"Bank Floating Average Exchange Rates  (PKR per National Currency)","30-Nov-1956","TS_GP_ER_FAERPKR_M.E00220","22 Average Exchange rate of Pak Rupees per U.S. Dollar","4.7697","PKR","Normal","","220","Average Exchange rate of Pak Rupees per U.S. Dollar"
"Bank Floating Average Exchange Rates  (PKR per National Currency)","31-Oct-1956","TS_GP_ER_FAERPKR_M.E00220","22 Average Exchange rate of Pak Rupees per U.S. Dollar","4.7697","PKR","Normal","","220","Average Exchange rate of Pak Rupees per U.S. Dollar"
"Bank Floating Average Exchange Rates  (PKR per National Currency)","30-Sep-1956","TS_GP_ER_FAERPKR_M.E00220","22 Average Exchange rate of Pak Rupees per U.S. Dollar","4.7697","PKR","Normal","","220","Average Exchange rate of Pak Rupees per U.S. Dollar"
"Bank Floating Average Exchange Rates  (PKR per National Currency)","31-Aug-1956","TS_GP_ER_FAERPKR_M.E00220","22 Average Exchange rate of Pak Rupees per U.S. Dollar","4.7697","PKR","Normal","","220","Average Exchange rate of Pak Rupees per U.S. Dollar"
"Bank Floating Average Exchange Rates  (PKR per National Currency)","31-Jul-1956","TS_GP_ER_FAERPKR_M.E00220","22 Average Exchange rate of Pak Rupees per U.S. Dollar","4.7697","PKR","Normal","","220","Average Exchange rate of Pak Rupees per U.S. Dollar"
"Bank Floating Average Exchange Rates  (PKR per National Currency)","30-Jun-1956","TS_GP_ER_FAERPKR_M.E00220","22 Average Exchange rate of Pak Rupees per U.S. Dollar","4.7697","PKR","Normal","","220","Average Exchange rate of Pak Rupees per U.S. Dollar"
"Bank Floating Average Exchange Rates  (PKR per National Currency)","31-May-1956","TS_GP_ER_FAERPKR_M.E00220","22 Average Exchange rate of Pak Rupees per U.S. Dollar","4.7697","PKR","Normal","","220","Average Exchange rate of Pak Rupees per U.S. Dollar"
"Bank Floating Average Exchange Rates  (PKR per National Currency)","30-Apr-1956","TS_GP_ER_FAERPKR_M.E00220","22 Average Exchange rate of Pak Rupees per U.S. Dollar","4.7697","PKR","Normal","","220","Average Exchange rate of Pak Rupees per U.S. Dollar"
"Bank Floating Average Exchange Rates  (PKR per National Currency)","31-Mar-1956","TS_GP_ER_FAERPKR_M.E00220","22 Average Exchange rate of Pak Rupees per U.S. Dollar","4.7697","PKR","Normal","","220","Average Exchange rate of Pak Rupees per U.S. Dollar"
"Bank Floating Average Exchange Rates  (PKR per National Currency)","29-Feb-1956","TS_GP_ER_FAERPKR_M.E00220","22 Average Exchange rate of Pak Rupees per U.S. Dollar","4.7697","PKR","Normal","","220","Average Exchange rate of Pak Rupees per U.S. Dollar"
"Bank Floating Average Exchange Rates  (PKR per National Currency)","31-Jan-1956","TS_GP_ER_FAERPKR_M.E00220","22 Average Exchange rate of Pak Rupees per U.S. Dollar","4.7697","PKR","Normal","","220","Average Exchange rate of Pak Rupees per U.S. Dollar"
"Bank Floating Average Exchange Rates  (PKR per National Currency)","31-Dec-1955","TS_GP_ER_FAERPKR_M.E00220","22 Average Exchange rate of Pak Rupees per U.S. Dollar","4.7697","PKR","Normal","","220","Average Exchange rate of Pak Rupees per U.S. Dollar"
"Bank Floating Average Exchange Rates  (PKR per National Currency)","30-Nov-1955","TS_GP_ER_FAERPKR_M.E00220","22 Average Exchange rate of Pak Rupees per U.S. Dollar","4.7697","PKR","Normal","","220","Average Exchange rate of Pak Rupees per U.S. Dollar"
"Bank Floating Average Exchange Rates  (PKR per National Currency)","31-Oct-1955","TS_GP_ER_FAERPKR_M.E00220","22 Average Exchange rate of Pak Rupees per U.S. Dollar","4.7697","PKR","Normal","","220","Average Exchange rate of Pak Rupees per U.S. Dollar"
"Bank Floating Average Exchange Rates  (PKR per National Currency)","30-Sep-1955","TS_GP_ER_FAERPKR_M.E00220","22 Average Exchange rate of Pak Rupees per U.S. Dollar","4.7697","PKR","Normal","","220","Average Exchange rate of Pak Rupees per U.S. Dollar"
"Bank Floating Average Exchange Rates  (PKR per National Currency)","31-Aug-1955","TS_GP_ER_FAERPKR_M.E00220","22 Average Exchange rate of Pak Rupees per U.S. Dollar","4.7697","PKR","Normal","","220","Average Exchange rate of Pak Rupees per U.S. Dollar"
"Bank Floating Average Exchange Rates  (PKR per National Currency)","31-Jul-1955","TS_GP_ER_FAERPKR_M.E00220","22 Average Exchange rate of Pak Rupees per U.S. Dollar","3.30852","PKR","Normal","","220","Average Exchange rate of Pak Rupees per U.S. Dollar"
"Bank Floating Average Exchange Rates  (PKR per National Currency)","30-Jun-1955","TS_GP_ER_FAERPKR_M.E00220","22 Average Exchange rate of Pak Rupees per U.S. Dollar","3.30852","PKR","Normal","","220","Average Exchange rate of Pak Rupees per U.S. Dollar"
"Bank Floating Average Exchange Rates  (PKR per National Currency)","31-May-1955","TS_GP_ER_FAERPKR_M.E00220","22 Average Exchange rate of Pak Rupees per U.S. Dollar","3.30852","PKR","Normal","","220","Average Exchange rate of Pak Rupees per U.S. Dollar"
"Bank Floating Average Exchange Rates  (PKR per National Currency)","30-Apr-1955","TS_GP_ER_FAERPKR_M.E00220","22 Average Exchange rate of Pak Rupees per U.S. Dollar","3.30852","PKR","Normal","","220","Average Exchange rate of Pak Rupees per U.S. Dollar"
"Bank Floating Average Exchange Rates  (PKR per National Currency)","31-Mar-1955","TS_GP_ER_FAERPKR_M.E00220","22 Average Exchange rate of Pak Rupees per U.S. Dollar","3.30852","PKR","Normal","","220","Average Exchange rate of Pak Rupees per U.S. Dollar"
"Bank Floating Average Exchange Rates  (PKR per National Currency)","28-Feb-1955","TS_GP_ER_FAERPKR_M.E00220","22 Average Exchange rate of Pak Rupees per U.S. Dollar","3.30852","PKR","Normal","","220","Average Exchange rate of Pak Rupees per U.S. Dollar"
"Bank Floating Average Exchange Rates  (PKR per National Currency)","31-Jan-1955","TS_GP_ER_FAERPKR_M.E00220","22 Average Exchange rate of Pak Rupees per U.S. Dollar","3.30852","PKR","Normal","","220","Average Exchange rate of Pak Rupees per U.S. Dollar"
"Bank Floating Average Exchange Rates  (PKR per National Currency)","31-Dec-1954","TS_GP_ER_FAERPKR_M.E00220","22 Average Exchange rate of Pak Rupees per U.S. Dollar","3.30852","PKR","Normal","","220","Average Exchange rate of Pak Rupees per U.S. Dollar"
"Bank Floating Average Exchange Rates  (PKR per National Currency)","30-Nov-1954","TS_GP_ER_FAERPKR_M.E00220","22 Average Exchange rate of Pak Rupees per U.S. Dollar","3.30852","PKR","Normal","","220","Average Exchange rate of Pak Rupees per U.S. Dollar"
"Bank Floating Average Exchange Rates  (PKR per National Currency)","31-Oct-1954","TS_GP_ER_FAERPKR_M.E00220","22 Average Exchange rate of Pak Rupees per U.S. Dollar","3.30852","PKR","Normal","","220","Average Exchange rate of Pak Rupees per U.S. Dollar"
"Bank Floating Average Exchange Rates  (PKR per National Currency)","30-Sep-1954","TS_GP_ER_FAERPKR_M.E00220","22 Average Exchange rate of Pak Rupees per U.S. Dollar","3.30852","PKR","Normal","","220","Average Exchange rate of Pak Rupees per U.S. Dollar"
"Bank Floating Average Exchange Rates  (PKR per National Currency)","31-Aug-1954","TS_GP_ER_FAERPKR_M.E00220","22 Average Exchange rate of Pak Rupees per U.S. Dollar","3.30852","PKR","Normal","","220","Average Exchange rate of Pak Rupees per U.S. Dollar"
"Bank Floating Average Exchange Rates  (PKR per National Currency)","31-Jul-1954","TS_GP_ER_FAERPKR_M.E00220","22 Average Exchange rate of Pak Rupees per U.S. Dollar","3.30852","PKR","Normal","","220","Average Exchange rate of Pak Rupees per U.S. Dollar"
"Bank Floating Average Exchange Rates  (PKR per National Currency)","30-Jun-1954","TS_GP_ER_FAERPKR_M.E00220","22 Average Exchange rate of Pak Rupees per U.S. Dollar","3.30852","PKR","Normal","","220","Average Exchange rate of Pak Rupees per U.S. Dollar"
"Bank Floating Average Exchange Rates  (PKR per National Currency)","31-May-1954","TS_GP_ER_FAERPKR_M.E00220","22 Average Exchange rate of Pak Rupees per U.S. Dollar","3.30852","PKR","Normal","","220","Average Exchange rate of Pak Rupees per U.S. Dollar"
"Bank Floating Average Exchange Rates  (PKR per National Currency)","30-Apr-1954","TS_GP_ER_FAERPKR_M.E00220","22 Average Exchange rate of Pak Rupees per U.S. Dollar","3.30852","PKR","Normal","","220","Average Exchange rate of Pak Rupees per U.S. Dollar"
"Bank Floating Average Exchange Rates  (PKR per National Currency)","31-Mar-1954","TS_GP_ER_FAERPKR_M.E00220","22 Average Exchange rate of Pak Rupees per U.S. Dollar","3.30852","PKR","Normal","","220","Average Exchange rate of Pak Rupees per U.S. Dollar"
"Bank Floating Average Exchange Rates  (PKR per National Currency)","28-Feb-1954","TS_GP_ER_FAERPKR_M.E00220","22 Average Exchange rate of Pak Rupees per U.S. Dollar","3.30852","PKR","Normal","","220","Average Exchange rate of Pak Rupees per U.S. Dollar"
"Bank Floating Average Exchange Rates  (PKR per National Currency)","31-Jan-1954","TS_GP_ER_FAERPKR_M.E00220","22 Average Exchange rate of Pak Rupees per U.S. Dollar","3.30852","PKR","Normal","","220","Average Exchange rate of Pak Rupees per U.S. Dollar"
"Bank Floating Average Exchange Rates  (PKR per National Currency)","31-Dec-1953","TS_GP_ER_FAERPKR_M.E00220","22 Average Exchange rate of Pak Rupees per U.S. Dollar","3.30852","PKR","Normal","","220","Average Exchange rate of Pak Rupees per U.S. Dollar"
"Bank Floating Average Exchange Rates  (PKR per National Currency)","30-Nov-1953","TS_GP_ER_FAERPKR_M.E00220","22 Average Exchange rate of Pak Rupees per U.S. Dollar","3.30852","PKR","Normal","","220","Average Exchange rate of Pak Rupees per U.S. Dollar"
"Bank Floating Average Exchange Rates  (PKR per National Currency)","31-Oct-1953","TS_GP_ER_FAERPKR_M.E00220","22 Average Exchange rate of Pak Rupees per U.S. Dollar","3.30852","PKR","Normal","","220","Average Exchange rate of Pak Rupees per U.S. Dollar"
"Bank Floating Average Exchange Rates  (PKR per National Currency)","30-Sep-1953","TS_GP_ER_FAERPKR_M.E00220","22 Average Exchange rate of Pak Rupees per U.S. Dollar","3.30852","PKR","Normal","","220","Average Exchange rate of Pak Rupees per U.S. Dollar"
"Bank Floating Average Exchange Rates  (PKR per National Currency)","31-Aug-1953","TS_GP_ER_FAERPKR_M.E00220","22 Average Exchange rate of Pak Rupees per U.S. Dollar","3.30852","PKR","Normal","","220","Average Exchange rate of Pak Rupees per U.S. Dollar"
"Bank Floating Average Exchange Rates  (PKR per National Currency)","31-Jul-1953","TS_GP_ER_FAERPKR_M.E00220","22 Average Exchange rate of Pak Rupees per U.S. Dollar","3.30852","PKR","Normal","","220","Average Exchange rate of Pak Rupees per U.S. Dollar"
"Bank Floating Average Exchange Rates  (PKR per National Currency)","30-Jun-1953","TS_GP_ER_FAERPKR_M.E00220","22 Average Exchange rate of Pak Rupees per U.S. Dollar","3.30852","PKR","Normal","","220","Average Exchange rate of Pak Rupees per U.S. Dollar"
"Bank Floating Average Exchange Rates  (PKR per National Currency)","31-May-1953","TS_GP_ER_FAERPKR_M.E00220","22 Average Exchange rate of Pak Rupees per U.S. Dollar","3.30852","PKR","Normal","","220","Average Exchange rate of Pak Rupees per U.S. Dollar"
"Bank Floating Average Exchange Rates  (PKR per National Currency)","30-Apr-1953","TS_GP_ER_FAERPKR_M.E00220","22 Average Exchange rate of Pak Rupees per U.S. Dollar","3.30852","PKR","Normal","","220","Average Exchange rate of Pak Rupees per U.S. Dollar"
"Bank Floating Average Exchange Rates  (PKR per National Currency)","31-Mar-1953","TS_GP_ER_FAERPKR_M.E00220","22 Average Exchange rate of Pak Rupees per U.S. Dollar","3.30852","PKR","Normal","","220","Average Exchange rate of Pak Rupees per U.S. Dollar"
"Bank Floating Average Exchange Rates  (PKR per National Currency)","28-Feb-1953","TS_GP_ER_FAERPKR_M.E00220","22 Average Exchange rate of Pak Rupees per U.S. Dollar","3.30852","PKR","Normal","","220","Average Exchange rate of Pak Rupees per U.S. Dollar"
"Bank Floating Average Exchange Rates  (PKR per National Currency)","31-Jan-1953","TS_GP_ER_FAERPKR_M.E00220","22 Average Exchange rate of Pak Rupees per U.S. Dollar","3.30852","PKR","Normal","","220","Average Exchange rate of Pak Rupees per U.S. Dollar"
"Bank Floating Average Exchange Rates  (PKR per National Currency)","31-Dec-1952","TS_GP_ER_FAERPKR_M.E00220","22 Average Exchange rate of Pak Rupees per U.S. Dollar","3.30852","PKR","Normal","","220","Average Exchange rate of Pak Rupees per U.S. Dollar"
"Bank Floating Average Exchange Rates  (PKR per National Currency)","30-Nov-1952","TS_GP_ER_FAERPKR_M.E00220","22 Average Exchange rate of Pak Rupees per U.S. Dollar","3.30852","PKR","Normal","","220","Average Exchange rate of Pak Rupees per U.S. Dollar"
"Bank Floating Average Exchange Rates  (PKR per National Currency)","31-Oct-1952","TS_GP_ER_FAERPKR_M.E00220","22 Average Exchange rate of Pak Rupees per U.S. Dollar","3.30852","PKR","Normal","","220","Average Exchange rate of Pak Rupees per U.S. Dollar"
"Bank Floating Average Exchange Rates  (PKR per National Currency)","30-Sep-1952","TS_GP_ER_FAERPKR_M.E00220","22 Average Exchange rate of Pak Rupees per U.S. Dollar","3.30852","PKR","Normal","","220","Average Exchange rate of Pak Rupees per U.S. Dollar"
"Bank Floating Average Exchange Rates  (PKR per National Currency)","31-Aug-1952","TS_GP_ER_FAERPKR_M.E00220","22 Average Exchange rate of Pak Rupees per U.S. Dollar","3.30852","PKR","Normal","","220","Average Exchange rate of Pak Rupees per U.S. Dollar"
"Bank Floating Average Exchange Rates  (PKR per National Currency)","31-Jul-1952","TS_GP_ER_FAERPKR_M.E00220","22 Average Exchange rate of Pak Rupees per U.S. Dollar","3.30852","PKR","Normal","","220","Average Exchange rate of Pak Rupees per U.S. Dollar"
"Bank Floating Average Exchange Rates  (PKR per National Currency)","30-Jun-1952","TS_GP_ER_FAERPKR_M.E00220","22 Average Exchange rate of Pak Rupees per U.S. Dollar","3.30852","PKR","Normal","","220","Average Exchange rate of Pak Rupees per U.S. Dollar"
"Bank Floating Average Exchange Rates  (PKR per National Currency)","31-May-1952","TS_GP_ER_FAERPKR_M.E00220","22 Average Exchange rate of Pak Rupees per U.S. Dollar","3.30852","PKR","Normal","","220","Average Exchange rate of Pak Rupees per U.S. Dollar"
"Bank Floating Average Exchange Rates  (PKR per National Currency)","30-Apr-1952","TS_GP_ER_FAERPKR_M.E00220","22 Average Exchange rate of Pak Rupees per U.S. Dollar","3.30852","PKR","Normal","","220","Average Exchange rate of Pak Rupees per U.S. Dollar"
"Bank Floating Average Exchange Rates  (PKR per National Currency)","31-Mar-1952","TS_GP_ER_FAERPKR_M.E00220","22 Average Exchange rate of Pak Rupees per U.S. Dollar","3.30852","PKR","Normal","","220","Average Exchange rate of Pak Rupees per U.S. Dollar"
"Bank Floating Average Exchange Rates  (PKR per National Currency)","29-Feb-1952","TS_GP_ER_FAERPKR_M.E00220","22 Average Exchange rate of Pak Rupees per U.S. Dollar","3.30852","PKR","Normal","","220","Average Exchange rate of Pak Rupees per U.S. Dollar"
"Bank Floating Average Exchange Rates  (PKR per National Currency)","31-Jan-1952","TS_GP_ER_FAERPKR_M.E00220","22 Average Exchange rate of Pak Rupees per U.S. Dollar","3.30852","PKR","Normal","","220","Average Exchange rate of Pak Rupees per U.S. Dollar"
"Bank Floating Average Exchange Rates  (PKR per National Currency)","31-Dec-1951","TS_GP_ER_FAERPKR_M.E00220","22 Average Exchange rate of Pak Rupees per U.S. Dollar","3.30852","PKR","Normal","","220","Average Exchange rate of Pak Rupees per U.S. Dollar"
"Bank Floating Average Exchange Rates  (PKR per National Currency)","30-Nov-1951","TS_GP_ER_FAERPKR_M.E00220","22 Average Exchange rate of Pak Rupees per U.S. Dollar","3.30852","PKR","Normal","","220","Average Exchange rate of Pak Rupees per U.S. Dollar"
"Bank Floating Average Exchange Rates  (PKR per National Currency)","31-Oct-1951","TS_GP_ER_FAERPKR_M.E00220","22 Average Exchange rate of Pak Rupees per U.S. Dollar","3.30852","PKR","Normal","","220","Average Exchange rate of Pak Rupees per U.S. Dollar"
"Bank Floating Average Exchange Rates  (PKR per National Currency)","30-Sep-1951","TS_GP_ER_FAERPKR_M.E00220","22 Average Exchange rate of Pak Rupees per U.S. Dollar","3.30852","PKR","Normal","","220","Average Exchange rate of Pak Rupees per U.S. Dollar"
"Bank Floating Average Exchange Rates  (PKR per National Currency)","31-Aug-1951","TS_GP_ER_FAERPKR_M.E00220","22 Average Exchange rate of Pak Rupees per U.S. Dollar","3.30852","PKR","Normal","","220","Average Exchange rate of Pak Rupees per U.S. Dollar"
"Bank Floating Average Exchange Rates  (PKR per National Currency)","31-Jul-1951","TS_GP_ER_FAERPKR_M.E00220","22 Average Exchange rate of Pak Rupees per U.S. Dollar","3.30852","PKR","Normal","","220","Average Exchange rate of Pak Rupees per U.S. Dollar"
"Bank Floating Average Exchange Rates  (PKR per National Currency)","30-Jun-1951","TS_GP_ER_FAERPKR_M.E00220","22 Average Exchange rate of Pak Rupees per U.S. Dollar","3.30852","PKR","Normal","","220","Average Exchange rate of Pak Rupees per U.S. Dollar"
"Bank Floating Average Exchange Rates  (PKR per National Currency)","31-May-1951","TS_GP_ER_FAERPKR_M.E00220","22 Average Exchange rate of Pak Rupees per U.S. Dollar","3.30852","PKR","Normal","","220","Average Exchange rate of Pak Rupees per U.S. Dollar"
"Bank Floating Average Exchange Rates  (PKR per National Currency)","30-Apr-1951","TS_GP_ER_FAERPKR_M.E00220","22 Average Exchange rate of Pak Rupees per U.S. Dollar","3.30852","PKR","Normal","","220","Average Exchange rate of Pak Rupees per U.S. Dollar"
"Bank Floating Average Exchange Rates  (PKR per National Currency)","31-Mar-1951","TS_GP_ER_FAERPKR_M.E00220","22 Average Exchange rate of Pak Rupees per U.S. Dollar","3.30852","PKR","Normal","","220","Average Exchange rate of Pak Rupees per U.S. Dollar"
"Bank Floating Average Exchange Rates  (PKR per National Currency)","28-Feb-1951","TS_GP_ER_FAERPKR_M.E00220","22 Average Exchange rate of Pak Rupees per U.S. Dollar","3.30852","PKR","Normal","","220","Average Exchange rate of Pak Rupees per U.S. Dollar"
"Bank Floating Average Exchange Rates  (PKR per National Currency)","31-Jan-1951","TS_GP_ER_FAERPKR_M.E00220","22 Average Exchange rate of Pak Rupees per U.S. Dollar","3.30852","PKR","Normal","","220","Average Exchange rate of Pak Rupees per U.S. Dollar"
"Bank Floating Average Exchange Rates  (PKR per National Currency)","31-Dec-1950","TS_GP_ER_FAERPKR_M.E00220","22 Average Exchange rate of Pak Rupees per U.S. Dollar","3.30852","PKR","Normal","","220","Average Exchange rate of Pak Rupees per U.S. Dollar"
"Bank Floating Average Exchange Rates  (PKR per National Currency)","30-Nov-1950","TS_GP_ER_FAERPKR_M.E00220","22 Average Exchange rate of Pak Rupees per U.S. Dollar","3.30852","PKR","Normal","","220","Average Exchange rate of Pak Rupees per U.S. Dollar"
"Bank Floating Average Exchange Rates  (PKR per National Currency)","31-Oct-1950","TS_GP_ER_FAERPKR_M.E00220","22 Average Exchange rate of Pak Rupees per U.S. Dollar","3.30852","PKR","Normal","","220","Average Exchange rate of Pak Rupees per U.S. Dollar"
"Bank Floating Average Exchange Rates  (PKR per National Currency)","30-Sep-1950","TS_GP_ER_FAERPKR_M.E00220","22 Average Exchange rate of Pak Rupees per U.S. Dollar","3.30852","PKR","Normal","","220","Average Exchange rate of Pak Rupees per U.S. Dollar"
"Bank Floating Average Exchange Rates  (PKR per National Currency)","31-Aug-1950","TS_GP_ER_FAERPKR_M.E00220","22 Average Exchange rate of Pak Rupees per U.S. Dollar","3.30852","PKR","Normal","","220","Average Exchange rate of Pak Rupees per U.S. Dollar"
"Bank Floating Average Exchange Rates  (PKR per National Currency)","31-Jul-1950","TS_GP_ER_FAERPKR_M.E00220","22 Average Exchange rate of Pak Rupees per U.S. Dollar","3.30852","PKR","Normal","","220","Average Exchange rate of Pak Rupees per U.S. Dollar"
"Bank Floating Average Exchange Rates  (PKR per National Currency)","30-Jun-1950","TS_GP_ER_FAERPKR_M.E00220","22 Average Exchange rate of Pak Rupees per U.S. Dollar","3.30852","PKR","Normal","","220","Average Exchange rate of Pak Rupees per U.S. Dollar"
"Bank Floating Average Exchange Rates  (PKR per National Currency)","31-May-1950","TS_GP_ER_FAERPKR_M.E00220","22 Average Exchange rate of Pak Rupees per U.S. Dollar","3.30852","PKR","Normal","","220","Average Exchange rate of Pak Rupees per U.S. Dollar"
"Bank Floating Average Exchange Rates  (PKR per National Currency)","30-Apr-1950","TS_GP_ER_FAERPKR_M.E00220","22 Average Exchange rate of Pak Rupees per U.S. Dollar","3.30852","PKR","Normal","","220","Average Exchange rate of Pak Rupees per U.S. Dollar"
"Bank Floating Average Exchange Rates  (PKR per National Currency)","31-Mar-1950","TS_GP_ER_FAERPKR_M.E00220","22 Average Exchange rate of Pak Rupees per U.S. Dollar","3.30852","PKR","Normal","","220","Average Exchange rate of Pak Rupees per U.S. Dollar"
"Bank Floating Average Exchange Rates  (PKR per National Currency)","28-Feb-1950","TS_GP_ER_FAERPKR_M.E00220","22 Average Exchange rate of Pak Rupees per U.S. Dollar","3.30852","PKR","Normal","","220","Average Exchange rate of Pak Rupees per U.S. Dollar"
"Bank Floating Average Exchange Rates  (PKR per National Currency)","31-Jan-1950","TS_GP_ER_FAERPKR_M.E00220","22 Average Exchange rate of Pak Rupees per U.S. Dollar","3.30852","PKR","Normal","","220","Average Exchange rate of Pak Rupees per U.S. Dollar"
"Bank Floating Average Exchange Rates  (PKR per National Currency)","31-Dec-1949","TS_GP_ER_FAERPKR_M.E00220","22 Average Exchange rate of Pak Rupees per U.S. Dollar","3.30852","PKR","Normal","","220","Average Exchange rate of Pak Rupees per U.S. Dollar"
"Bank Floating Average Exchange Rates  (PKR per National Currency)","30-Nov-1949","TS_GP_ER_FAERPKR_M.E00220","22 Average Exchange rate of Pak Rupees per U.S. Dollar","3.30852","PKR","Normal","","220","Average Exchange rate of Pak Rupees per U.S. Dollar"
"Bank Floating Average Exchange Rates  (PKR per National Currency)","31-Oct-1949","TS_GP_ER_FAERPKR_M.E00220","22 Average Exchange rate of Pak Rupees per U.S. Dollar","3.30852","PKR","Normal","","220","Average Exchange rate of Pak Rupees per U.S. Dollar"
"Bank Floating Average Exchange Rates  (PKR per National Currency)","30-Sep-1949","TS_GP_ER_FAERPKR_M.E00220","22 Average Exchange rate of Pak Rupees per U.S. Dollar","3.30852","PKR","Normal","","220","Average Exchange rate of Pak Rupees per U.S. Dollar"
"Bank Floating Average Exchange Rates  (PKR per National Currency)","31-Aug-1949","TS_GP_ER_FAERPKR_M.E00220","22 Average Exchange rate of Pak Rupees per U.S. Dollar","3.30852","PKR","Normal","","220","Average Exchange rate of Pak Rupees per U.S. Dollar"
"Bank Floating Average Exchange Rates  (PKR per National Currency)","31-Jul-1949","TS_GP_ER_FAERPKR_M.E00220","22 Average Exchange rate of Pak Rupees per U.S. Dollar","3.30852","PKR","Normal","","220","Average Exchange rate of Pak Rupees per U.S. Dollar"
"Bank Floating Average Exchange Rates  (PKR per National Currency)","30-Jun-1949","TS_GP_ER_FAERPKR_M.E00220","22 Average Exchange rate of Pak Rupees per U.S. Dollar","3.30852","PKR","Normal","","220","Average Exchange rate of Pak Rupees per U.S. Dollar"
"Bank Floating Average Exchange Rates  (PKR per National Currency)","31-May-1949","TS_GP_ER_FAERPKR_M.E00220","22 Average Exchange rate of Pak Rupees per U.S. Dollar","3.30852","PKR","Normal","","220","Average Exchange rate of Pak Rupees per U.S. Dollar"
"Bank Floating Average Exchange Rates  (PKR per National Currency)","30-Apr-1949","TS_GP_ER_FAERPKR_M.E00220","22 Average Exchange rate of Pak Rupees per U.S. Dollar","3.30852","PKR","Normal","","220","Average Exchange rate of Pak Rupees per U.S. Dollar"
"Bank Floating Average Exchange Rates  (PKR per National Currency)","31-Mar-1949","TS_GP_ER_FAERPKR_M.E00220","22 Average Exchange rate of Pak Rupees per U.S. Dollar","3.30852","PKR","Normal","","220","Average Exchange rate of Pak Rupees per U.S. Dollar"
"Bank Floating Average Exchange Rates  (PKR per National Currency)","28-Feb-1949","TS_GP_ER_FAERPKR_M.E00220","22 Average Exchange rate of Pak Rupees per U.S. Dollar","3.30852","PKR","Normal","","220","Average Exchange rate of Pak Rupees per U.S. Dollar"
"Bank Floating Average Exchange Rates  (PKR per National Currency)","31-Jan-1949","TS_GP_ER_FAERPKR_M.E00220","22 Average Exchange rate of Pak Rupees per U.S. Dollar","3.30852","PKR","Normal","","220","Average Exchange rate of Pak Rupees per U.S. Dollar"
"Bank Floating Average Exchange Rates  (PKR per National Currency)","31-Dec-1948","TS_GP_ER_FAERPKR_M.E00220","22 Average Exchange rate of Pak Rupees per U.S. Dollar","3.30852","PKR","Normal","","220","Average Exchange rate of Pak Rupees per U.S. Dollar"
"Bank Floating Average Exchange Rates  (PKR per National Currency)","30-Nov-1948","TS_GP_ER_FAERPKR_M.E00220","22 Average Exchange rate of Pak Rupees per U.S. Dollar","3.30852","PKR","Normal","","220","Average Exchange rate of Pak Rupees per U.S. Dollar"
"Bank Floating Average Exchange Rates  (PKR per National Currency)","31-Oct-1948","TS_GP_ER_FAERPKR_M.E00220","22 Average Exchange rate of Pak Rupees per U.S. Dollar","3.30852","PKR","Normal","","220","Average Exchange rate of Pak Rupees per U.S. Dollar"
"Bank Floating Average Exchange Rates  (PKR per National Currency)","30-Sep-1948","TS_GP_ER_FAERPKR_M.E00220","22 Average Exchange rate of Pak Rupees per U.S. Dollar","3.30852","PKR","Normal","","220","Average Exchange rate of Pak Rupees per U.S. Dollar"
"Bank Floating Average Exchange Rates  (PKR per National Currency)","31-Aug-1948","TS_GP_ER_FAERPKR_M.E00220","22 Average Exchange rate of Pak Rupees per U.S. Dollar","3.30852","PKR","Normal","","220","Average Exchange rate of Pak Rupees per U.S. Dollar"
"Bank Floating Average Exchange Rates  (PKR per National Currency)","31-Jul-1948","TS_GP_ER_FAERPKR_M.E00220","22 Average Exchange rate of Pak Rupees per U.S. Dollar","3.30852","PKR","Normal","","220","Average Exchange rate of Pak Rupees per U.S. Dollar"
"Bank Floating Average Exchange Rates  (PKR per National Currency)","30-Jun-1948","TS_GP_ER_FAERPKR_M.E00220","22 Average Exchange rate of Pak Rupees per U.S. Dollar","3.30852","PKR","Normal","","220","Average Exchange rate of Pak Rupees per U.S. Dollar"
"Bank Floating Average Exchange Rates  (PKR per National Currency)","31-May-1948","TS_GP_ER_FAERPKR_M.E00220","22 Average Exchange rate of Pak Rupees per U.S. Dollar","3.30852","PKR","Normal","","220","Average Exchange rate of Pak Rupees per U.S. Dollar"
"Bank Floating Average Exchange Rates  (PKR per National Currency)","30-Apr-1948","TS_GP_ER_FAERPKR_M.E00220","22 Average Exchange rate of Pak Rupees per U.S. Dollar","3.30852","PKR","Normal","","220","Average Exchange rate of Pak Rupees per U.S. Dollar"
"Bank Floating Average Exchange Rates  (PKR per National Currency)","31-Mar-1948","TS_GP_ER_FAERPKR_M.E00220","22 Average Exchange rate of Pak Rupees per U.S. Dollar","3.30852","PKR","Normal","","220","Average Exchange rate of Pak Rupees per U.S. Dollar"
"Bank Floating Average Exchange Rates  (PKR per National Currency)","29-Feb-1948","TS_GP_ER_FAERPKR_M.E00220","22 Average Exchange rate of Pak Rupees per U.S. Dollar","3.30852","PKR","Normal","","220","Average Exchange rate of Pak Rupees per U.S. Dollar"
"Bank Floating Average Exchange Rates  (PKR per National Currency)","31-Jan-1948","TS_GP_ER_FAERPKR_M.E00220","22 Average Exchange rate of Pak Rupees per U.S. Dollar","3.30852","PKR","Normal","","220","Average Exchange rate of Pak Rupees per U.S. Dollar"
"Bank Floating Average Exchange Rates  (PKR per National Currency)","31-Dec-1947","TS_GP_ER_FAERPKR_M.E00220","22 Average Exchange rate of Pak Rupees per U.S. Dollar","3.30852","PKR","Normal","","220","Average Exchange rate of Pak Rupees per U.S. Dollar"
"Bank Floating Average Exchange Rates  (PKR per National Currency)","30-Nov-1947","TS_GP_ER_FAERPKR_M.E00220","22 Average Exchange rate of Pak Rupees per U.S. Dollar","3.30852","PKR","Normal","","220","Average Exchange rate of Pak Rupees per U.S. Dollar"
"Bank Floating Average Exchange Rates  (PKR per National Currency)","31-Oct-1947","TS_GP_ER_FAERPKR_M.E00220","22 Average Exchange rate of Pak Rupees per U.S. Dollar","3.30852","PKR","Normal","","220","Average Exchange rate of Pak Rupees per U.S. Dollar"
"Bank Floating Average Exchange Rates  (PKR per National Currency)","30-Sep-1947","TS_GP_ER_FAERPKR_M.E00220","22 Average Exchange rate of Pak Rupees per U.S. Dollar","3.30852","PKR","Normal","","220","Average Exchange rate of Pak Rupees per U.S. Dollar"
"Bank Floating Average Exchange Rates  (PKR per National Currency)","31-Aug-1947","TS_GP_ER_FAERPKR_M.E00220","22 Average Exchange rate of Pak Rupees per U.S. Dollar","3.30852","PKR","Normal","","220","Average Exchange rate of Pak Rupees per U.S. Dollar"
