"Dataset Name","Observation Date","Series Key","Series Display Name","Observation Value","Unit","Observation Status","Observation Status Comment","Sequence No.","Series name"
"Country-wise Workers' Remittances","31-Jul-2026","TS_GP_BOP_WR_M.WR0340",". Total (I+II)","3631.044564","Million USD","Normal","","340","Total inflow of Workers' Remittances in Pakistan."
"Country-wise Workers' Remittances","30-Jun-2026","TS_GP_BOP_WR_M.WR0340",". Total (I+II)","3474.556764","Million USD","Normal","","340","Total inflow of Workers' Remittances in Pakistan."
"Country-wise Workers' Remittances","31-May-2026","TS_GP_BOP_WR_M.WR0340",". Total (I+II)","4252.157161","Million USD","Normal","","340","Total inflow of Workers' Remittances in Pakistan."
"Country-wise Workers' Remittances","30-Apr-2026","TS_GP_BOP_WR_M.WR0340",". Total (I+II)","3537.025479","Million USD","Normal","","340","Total inflow of Workers' Remittances in Pakistan."
"Country-wise Workers' Remittances","31-Mar-2026","TS_GP_BOP_WR_M.WR0340",". Total (I+II)","3831.405102","Million USD","Normal","","340","Total inflow of Workers' Remittances in Pakistan."
"Country-wise Workers' Remittances","28-Feb-2026","TS_GP_BOP_WR_M.WR0340",". Total (I+II)","3287.872847","Million USD","Normal","","340","Total inflow of Workers' Remittances in Pakistan."
"Country-wise Workers' Remittances","31-Jan-2026","TS_GP_BOP_WR_M.WR0340",". Total (I+II)","3464.468094","Million USD","Normal","","340","Total inflow of Workers' Remittances in Pakistan."
"Country-wise Workers' Remittances","31-Dec-2025","TS_GP_BOP_WR_M.WR0340",". Total (I+II)","3592.442722","Million USD","Normal","","340","Total inflow of Workers' Remittances in Pakistan."
"Country-wise Workers' Remittances","30-Nov-2025","TS_GP_BOP_WR_M.WR0340",". Total (I+II)","3188.337716","Million USD","Normal","","340","Total inflow of Workers' Remittances in Pakistan."
"Country-wise Workers' Remittances","31-Oct-2025","TS_GP_BOP_WR_M.WR0340",". Total (I+II)","3419.61361","Million USD","Normal","","340","Total inflow of Workers' Remittances in Pakistan."
"Country-wise Workers' Remittances","30-Sep-2025","TS_GP_BOP_WR_M.WR0340",". Total (I+II)","3184.123961","Million USD","Normal","","340","Total inflow of Workers' Remittances in Pakistan."
"Country-wise Workers' Remittances","31-Aug-2025","TS_GP_BOP_WR_M.WR0340",". Total (I+II)","3138.174787","Million USD","Normal","","340","Total inflow of Workers' Remittances in Pakistan."
"Country-wise Workers' Remittances","31-Jul-2025","TS_GP_BOP_WR_M.WR0340",". Total (I+II)","3214.514462","Million USD","Normal","","340","Total inflow of Workers' Remittances in Pakistan."
"Country-wise Workers' Remittances","30-Jun-2025","TS_GP_BOP_WR_M.WR0340",". Total (I+II)","3406.389361","Million USD","Normal","","340","Total inflow of Workers' Remittances in Pakistan."
"Country-wise Workers' Remittances","31-May-2025","TS_GP_BOP_WR_M.WR0340",". Total (I+II)","3685.588476","Million USD","Normal","","340","Total inflow of Workers' Remittances in Pakistan."
"Country-wise Workers' Remittances","30-Apr-2025","TS_GP_BOP_WR_M.WR0340",". Total (I+II)","3176.93","Million USD","Normal","","340","Total inflow of Workers' Remittances in Pakistan."
"Country-wise Workers' Remittances","31-Mar-2025","TS_GP_BOP_WR_M.WR0340",". Total (I+II)","4053.579523","Million USD","Normal","","340","Total inflow of Workers' Remittances in Pakistan."
"Country-wise Workers' Remittances","28-Feb-2025","TS_GP_BOP_WR_M.WR0340",". Total (I+II)","3126.670931","Million USD","Normal","","340","Total inflow of Workers' Remittances in Pakistan."
"Country-wise Workers' Remittances","31-Jan-2025","TS_GP_BOP_WR_M.WR0340",". Total (I+II)","3003.375873","Million USD","Normal","","340","Total inflow of Workers' Remittances in Pakistan."
"Country-wise Workers' Remittances","31-Dec-2024","TS_GP_BOP_WR_M.WR0340",". Total (I+II)","3080.397524","Million USD","Normal","","340","Total inflow of Workers' Remittances in Pakistan."
"Country-wise Workers' Remittances","30-Nov-2024","TS_GP_BOP_WR_M.WR0340",". Total (I+II)","2915.348668","Million USD","Normal","","340","Total inflow of Workers' Remittances in Pakistan."
"Country-wise Workers' Remittances","31-Oct-2024","TS_GP_BOP_WR_M.WR0340",". Total (I+II)","3054.550962","Million USD","Normal","","340","Total inflow of Workers' Remittances in Pakistan."
"Country-wise Workers' Remittances","30-Sep-2024","TS_GP_BOP_WR_M.WR0340",". Total (I+II)","2859.516117","Million USD","Normal","","340","Total inflow of Workers' Remittances in Pakistan."
"Country-wise Workers' Remittances","31-Aug-2024","TS_GP_BOP_WR_M.WR0340",". Total (I+II)","2942.812184","Million USD","Normal","","340","Total inflow of Workers' Remittances in Pakistan."
"Country-wise Workers' Remittances","31-Jul-2024","TS_GP_BOP_WR_M.WR0340",". Total (I+II)","2993.99974","Million USD","Normal","","340","Total inflow of Workers' Remittances in Pakistan."
"Country-wise Workers' Remittances","30-Jun-2024","TS_GP_BOP_WR_M.WR0340",". Total (I+II)","3158.138862","Million USD","Normal","","340","Total inflow of Workers' Remittances in Pakistan."
"Country-wise Workers' Remittances","31-May-2024","TS_GP_BOP_WR_M.WR0340",". Total (I+II)","3242.226877","Million USD","Normal","","340","Total inflow of Workers' Remittances in Pakistan."
"Country-wise Workers' Remittances","30-Apr-2024","TS_GP_BOP_WR_M.WR0340",". Total (I+II)","2813.267052","Million USD","Normal","","340","Total inflow of Workers' Remittances in Pakistan."
"Country-wise Workers' Remittances","31-Mar-2024","TS_GP_BOP_WR_M.WR0340",". Total (I+II)","2953.980816","Million USD","Normal","","340","Total inflow of Workers' Remittances in Pakistan."
"Country-wise Workers' Remittances","29-Feb-2024","TS_GP_BOP_WR_M.WR0340",". Total (I+II)","2250.147228","Million USD","Normal","","340","Total inflow of Workers' Remittances in Pakistan."
"Country-wise Workers' Remittances","31-Jan-2024","TS_GP_BOP_WR_M.WR0340",". Total (I+II)","2397.870065","Million USD","Normal","","340","Total inflow of Workers' Remittances in Pakistan."
"Country-wise Workers' Remittances","31-Dec-2023","TS_GP_BOP_WR_M.WR0340",". Total (I+II)","2381.853131","Million USD","Normal","","340","Total inflow of Workers' Remittances in Pakistan."
"Country-wise Workers' Remittances","30-Nov-2023","TS_GP_BOP_WR_M.WR0340",". Total (I+II)","2258.544029","Million USD","Normal","","340","Total inflow of Workers' Remittances in Pakistan."
"Country-wise Workers' Remittances","31-Oct-2023","TS_GP_BOP_WR_M.WR0340",". Total (I+II)","2463.117162","Million USD","Normal","","340","Total inflow of Workers' Remittances in Pakistan."
"Country-wise Workers' Remittances","30-Sep-2023","TS_GP_BOP_WR_M.WR0340",". Total (I+II)","2208.130749","Million USD","Normal","","340","Total inflow of Workers' Remittances in Pakistan."
"Country-wise Workers' Remittances","31-Aug-2023","TS_GP_BOP_WR_M.WR0340",". Total (I+II)","2094.507","Million USD","Normal","","340","Total inflow of Workers' Remittances in Pakistan."
"Country-wise Workers' Remittances","31-Jul-2023","TS_GP_BOP_WR_M.WR0340",". Total (I+II)","2029.041389","Million USD","Normal","","340","Total inflow of Workers' Remittances in Pakistan."
"Country-wise Workers' Remittances","30-Jun-2023","TS_GP_BOP_WR_M.WR0340",". Total (I+II)","2187.080838","Million USD","Normal","","340","Total inflow of Workers' Remittances in Pakistan."
"Country-wise Workers' Remittances","31-May-2023","TS_GP_BOP_WR_M.WR0340",". Total (I+II)","2102.666259","Million USD","Normal","","340","Total inflow of Workers' Remittances in Pakistan."
"Country-wise Workers' Remittances","30-Apr-2023","TS_GP_BOP_WR_M.WR0340",". Total (I+II)","2198.302053","Million USD","Normal","","340","Total inflow of Workers' Remittances in Pakistan."
"Country-wise Workers' Remittances","31-Mar-2023","TS_GP_BOP_WR_M.WR0340",". Total (I+II)","2536.682781","Million USD","Normal","","340","Total inflow of Workers' Remittances in Pakistan."
"Country-wise Workers' Remittances","28-Feb-2023","TS_GP_BOP_WR_M.WR0340",". Total (I+II)","1990.345686","Million USD","Normal","","340","Total inflow of Workers' Remittances in Pakistan."
"Country-wise Workers' Remittances","31-Jan-2023","TS_GP_BOP_WR_M.WR0340",". Total (I+II)","1900.087935","Million USD","Normal","","340","Total inflow of Workers' Remittances in Pakistan."
"Country-wise Workers' Remittances","31-Dec-2022","TS_GP_BOP_WR_M.WR0340",". Total (I+II)","2099.787498","Million USD","Normal","","340","Total inflow of Workers' Remittances in Pakistan."
"Country-wise Workers' Remittances","30-Nov-2022","TS_GP_BOP_WR_M.WR0340",". Total (I+II)","2173.036496","Million USD","Normal","","340","Total inflow of Workers' Remittances in Pakistan."
"Country-wise Workers' Remittances","31-Oct-2022","TS_GP_BOP_WR_M.WR0340",". Total (I+II)","2247.62424","Million USD","Normal","","340","Total inflow of Workers' Remittances in Pakistan."
"Country-wise Workers' Remittances","30-Sep-2022","TS_GP_BOP_WR_M.WR0340",". Total (I+II)","2487.225612","Million USD","Normal","","340","Total inflow of Workers' Remittances in Pakistan."
"Country-wise Workers' Remittances","31-Aug-2022","TS_GP_BOP_WR_M.WR0340",". Total (I+II)","2815.673902","Million USD","Normal","","340","Total inflow of Workers' Remittances in Pakistan."
"Country-wise Workers' Remittances","31-Jul-2022","TS_GP_BOP_WR_M.WR0340",". Total (I+II)","2594.295739","Million USD","Normal","","340","Total inflow of Workers' Remittances in Pakistan."
"Country-wise Workers' Remittances","30-Jun-2022","TS_GP_BOP_WR_M.WR0340",". Total (I+II)","2789.577806","Million USD","Normal","","340","Total inflow of Workers' Remittances in Pakistan."
"Country-wise Workers' Remittances","31-May-2022","TS_GP_BOP_WR_M.WR0340",". Total (I+II)","2346.240221","Million USD","Normal","","340","Total inflow of Workers' Remittances in Pakistan."
"Country-wise Workers' Remittances","30-Apr-2022","TS_GP_BOP_WR_M.WR0340",". Total (I+II)","3124.369515","Million USD","Normal","","340","Total inflow of Workers' Remittances in Pakistan."
"Country-wise Workers' Remittances","31-Mar-2022","TS_GP_BOP_WR_M.WR0340",". Total (I+II)","2834.767043","Million USD","Normal","","340","Total inflow of Workers' Remittances in Pakistan."
"Country-wise Workers' Remittances","28-Feb-2022","TS_GP_BOP_WR_M.WR0340",". Total (I+II)","2196.168428","Million USD","Normal","","340","Total inflow of Workers' Remittances in Pakistan."
"Country-wise Workers' Remittances","31-Jan-2022","TS_GP_BOP_WR_M.WR0340",". Total (I+II)","2180.433945","Million USD","Normal","","340","Total inflow of Workers' Remittances in Pakistan."
"Country-wise Workers' Remittances","31-Dec-2021","TS_GP_BOP_WR_M.WR0340",". Total (I+II)","2520.352433","Million USD","Normal","","340","Total inflow of Workers' Remittances in Pakistan."
"Country-wise Workers' Remittances","30-Nov-2021","TS_GP_BOP_WR_M.WR0340",". Total (I+II)","2459.709253","Million USD","Normal","","340","Total inflow of Workers' Remittances in Pakistan."
"Country-wise Workers' Remittances","31-Oct-2021","TS_GP_BOP_WR_M.WR0340",". Total (I+II)","2628.586368","Million USD","Normal","","340","Total inflow of Workers' Remittances in Pakistan."
"Country-wise Workers' Remittances","30-Sep-2021","TS_GP_BOP_WR_M.WR0340",". Total (I+II)","2779.892769","Million USD","Normal","","340","Total inflow of Workers' Remittances in Pakistan."
"Country-wise Workers' Remittances","31-Aug-2021","TS_GP_BOP_WR_M.WR0340",". Total (I+II)","2682.62743","Million USD","Normal","","340","Total inflow of Workers' Remittances in Pakistan."
"Country-wise Workers' Remittances","31-Jul-2021","TS_GP_BOP_WR_M.WR0340",". Total (I+II)","2736.077681","Million USD","Normal","","340","Total inflow of Workers' Remittances in Pakistan."
"Country-wise Workers' Remittances","30-Jun-2021","TS_GP_BOP_WR_M.WR0340",". Total (I+II)","2714.234446","Million USD","Normal","","340","Total inflow of Workers' Remittances in Pakistan."
"Country-wise Workers' Remittances","31-May-2021","TS_GP_BOP_WR_M.WR0340",". Total (I+II)","2506.658351","Million USD","Normal","","340","Total inflow of Workers' Remittances in Pakistan."
"Country-wise Workers' Remittances","30-Apr-2021","TS_GP_BOP_WR_M.WR0340",". Total (I+II)","2792.557929","Million USD","Normal","","340","Total inflow of Workers' Remittances in Pakistan."
"Country-wise Workers' Remittances","31-Mar-2021","TS_GP_BOP_WR_M.WR0340",". Total (I+II)","2723.218474","Million USD","Normal","","340","Total inflow of Workers' Remittances in Pakistan."
"Country-wise Workers' Remittances","28-Feb-2021","TS_GP_BOP_WR_M.WR0340",". Total (I+II)","2260.322735","Million USD","Normal","","340","Total inflow of Workers' Remittances in Pakistan."
"Country-wise Workers' Remittances","31-Jan-2021","TS_GP_BOP_WR_M.WR0340",". Total (I+II)","2268.742601","Million USD","Normal","","340","Total inflow of Workers' Remittances in Pakistan."
"Country-wise Workers' Remittances","31-Dec-2020","TS_GP_BOP_WR_M.WR0340",". Total (I+II)","2421.721535","Million USD","Normal","","340","Total inflow of Workers' Remittances in Pakistan."
"Country-wise Workers' Remittances","30-Nov-2020","TS_GP_BOP_WR_M.WR0340",". Total (I+II)","2332.147257","Million USD","Normal","","340","Total inflow of Workers' Remittances in Pakistan."
"Country-wise Workers' Remittances","31-Oct-2020","TS_GP_BOP_WR_M.WR0340",". Total (I+II)","2284.10714","Million USD","Normal","","340","Total inflow of Workers' Remittances in Pakistan."
"Country-wise Workers' Remittances","30-Sep-2020","TS_GP_BOP_WR_M.WR0340",". Total (I+II)","2285.022573","Million USD","Normal","","340","Total inflow of Workers' Remittances in Pakistan."
"Country-wise Workers' Remittances","31-Aug-2020","TS_GP_BOP_WR_M.WR0340",". Total (I+II)","2096.213734","Million USD","Normal","","340","Total inflow of Workers' Remittances in Pakistan."
"Country-wise Workers' Remittances","31-Jul-2020","TS_GP_BOP_WR_M.WR0340",". Total (I+II)","2764.960828","Million USD","Normal","","340","Total inflow of Workers' Remittances in Pakistan."
"Country-wise Workers' Remittances","30-Jun-2020","TS_GP_BOP_WR_M.WR0340",". Total (I+II)","2473.27","Million USD","Normal","","340","Total inflow of Workers' Remittances in Pakistan."
"Country-wise Workers' Remittances","31-May-2020","TS_GP_BOP_WR_M.WR0340",". Total (I+II)","1865.23","Million USD","Normal","","340","Total inflow of Workers' Remittances in Pakistan."
"Country-wise Workers' Remittances","30-Apr-2020","TS_GP_BOP_WR_M.WR0340",". Total (I+II)","1785.1","Million USD","Normal","","340","Total inflow of Workers' Remittances in Pakistan."
"Country-wise Workers' Remittances","31-Mar-2020","TS_GP_BOP_WR_M.WR0340",". Total (I+II)","1904.68","Million USD","Normal","","340","Total inflow of Workers' Remittances in Pakistan."
"Country-wise Workers' Remittances","29-Feb-2020","TS_GP_BOP_WR_M.WR0340",". Total (I+II)","1824.83","Million USD","Normal","","340","Total inflow of Workers' Remittances in Pakistan."
"Country-wise Workers' Remittances","31-Jan-2020","TS_GP_BOP_WR_M.WR0340",". Total (I+II)","1906.98","Million USD","Normal","","340","Total inflow of Workers' Remittances in Pakistan."
"Country-wise Workers' Remittances","31-Dec-2019","TS_GP_BOP_WR_M.WR0340",". Total (I+II)","2097.07","Million USD","Normal","","340","Total inflow of Workers' Remittances in Pakistan."
"Country-wise Workers' Remittances","30-Nov-2019","TS_GP_BOP_WR_M.WR0340",". Total (I+II)","1821.45","Million USD","Normal","","340","Total inflow of Workers' Remittances in Pakistan."
"Country-wise Workers' Remittances","31-Oct-2019","TS_GP_BOP_WR_M.WR0340",". Total (I+II)","2001.22","Million USD","Normal","","340","Total inflow of Workers' Remittances in Pakistan."
"Country-wise Workers' Remittances","30-Sep-2019","TS_GP_BOP_WR_M.WR0340",". Total (I+II)","1740.25","Million USD","Normal","","340","Total inflow of Workers' Remittances in Pakistan."
"Country-wise Workers' Remittances","31-Aug-2019","TS_GP_BOP_WR_M.WR0340",". Total (I+II)","1683.95","Million USD","Normal","","340","Total inflow of Workers' Remittances in Pakistan."
"Country-wise Workers' Remittances","31-Jul-2019","TS_GP_BOP_WR_M.WR0340",". Total (I+II)","2028.28","Million USD","Normal","","340","Total inflow of Workers' Remittances in Pakistan."
"Country-wise Workers' Remittances","30-Jun-2019","TS_GP_BOP_WR_M.WR0340",". Total (I+II)","1636.37","Million USD","Normal","","340","Total inflow of Workers' Remittances in Pakistan."
"Country-wise Workers' Remittances","31-May-2019","TS_GP_BOP_WR_M.WR0340",". Total (I+II)","2302.02","Million USD","Normal","","340","Total inflow of Workers' Remittances in Pakistan."
"Country-wise Workers' Remittances","30-Apr-2019","TS_GP_BOP_WR_M.WR0340",". Total (I+II)","1770.17","Million USD","Normal","","340","Total inflow of Workers' Remittances in Pakistan."
"Country-wise Workers' Remittances","31-Mar-2019","TS_GP_BOP_WR_M.WR0340",". Total (I+II)","1733.5","Million USD","Normal","","340","Total inflow of Workers' Remittances in Pakistan."
"Country-wise Workers' Remittances","28-Feb-2019","TS_GP_BOP_WR_M.WR0340",". Total (I+II)","1573.68","Million USD","Normal","","340","Total inflow of Workers' Remittances in Pakistan."
"Country-wise Workers' Remittances","31-Jan-2019","TS_GP_BOP_WR_M.WR0340",". Total (I+II)","1735.85","Million USD","Normal","","340","Total inflow of Workers' Remittances in Pakistan."
"Country-wise Workers' Remittances","31-Dec-2018","TS_GP_BOP_WR_M.WR0340",". Total (I+II)","1740.54","Million USD","Normal","","340","Total inflow of Workers' Remittances in Pakistan."
"Country-wise Workers' Remittances","30-Nov-2018","TS_GP_BOP_WR_M.WR0340",". Total (I+II)","1657","Million USD","Normal","","340","Total inflow of Workers' Remittances in Pakistan."
"Country-wise Workers' Remittances","31-Oct-2018","TS_GP_BOP_WR_M.WR0340",". Total (I+II)","2052.55","Million USD","Normal","","340","Total inflow of Workers' Remittances in Pakistan."
"Country-wise Workers' Remittances","30-Sep-2018","TS_GP_BOP_WR_M.WR0340",". Total (I+II)","1480.3","Million USD","Normal","","340","Total inflow of Workers' Remittances in Pakistan."
"Country-wise Workers' Remittances","31-Aug-2018","TS_GP_BOP_WR_M.WR0340",". Total (I+II)","2083.08","Million USD","Normal","","340","Total inflow of Workers' Remittances in Pakistan."
"Country-wise Workers' Remittances","31-Jul-2018","TS_GP_BOP_WR_M.WR0340",". Total (I+II)","1974.35","Million USD","Normal","","340","Total inflow of Workers' Remittances in Pakistan."
"Country-wise Workers' Remittances","30-Jun-2018","TS_GP_BOP_WR_M.WR0340",". Total (I+II)","1627.7","Million USD","Normal","","340","Total inflow of Workers' Remittances in Pakistan."
"Country-wise Workers' Remittances","31-May-2018","TS_GP_BOP_WR_M.WR0340",". Total (I+II)","1804.1","Million USD","Normal","","340","Total inflow of Workers' Remittances in Pakistan."
"Country-wise Workers' Remittances","30-Apr-2018","TS_GP_BOP_WR_M.WR0340",". Total (I+II)","1678.9","Million USD","Normal","","340","Total inflow of Workers' Remittances in Pakistan."
"Country-wise Workers' Remittances","31-Mar-2018","TS_GP_BOP_WR_M.WR0340",". Total (I+II)","1803.6","Million USD","Normal","","340","Total inflow of Workers' Remittances in Pakistan."
"Country-wise Workers' Remittances","28-Feb-2018","TS_GP_BOP_WR_M.WR0340",". Total (I+II)","1473.1","Million USD","Normal","","340","Total inflow of Workers' Remittances in Pakistan."
"Country-wise Workers' Remittances","31-Jan-2018","TS_GP_BOP_WR_M.WR0340",". Total (I+II)","1662.3","Million USD","Normal","","340","Total inflow of Workers' Remittances in Pakistan."
"Country-wise Workers' Remittances","31-Dec-2017","TS_GP_BOP_WR_M.WR0340",". Total (I+II)","1745.8","Million USD","Normal","","340","Total inflow of Workers' Remittances in Pakistan."
"Country-wise Workers' Remittances","30-Nov-2017","TS_GP_BOP_WR_M.WR0340",". Total (I+II)","1596.5","Million USD","Normal","","340","Total inflow of Workers' Remittances in Pakistan."
"Country-wise Workers' Remittances","31-Oct-2017","TS_GP_BOP_WR_M.WR0340",". Total (I+II)","1677","Million USD","Normal","","340","Total inflow of Workers' Remittances in Pakistan."
"Country-wise Workers' Remittances","30-Sep-2017","TS_GP_BOP_WR_M.WR0340",". Total (I+II)","1314.1","Million USD","Normal","","340","Total inflow of Workers' Remittances in Pakistan."
"Country-wise Workers' Remittances","31-Aug-2017","TS_GP_BOP_WR_M.WR0340",". Total (I+II)","1975","Million USD","Normal","","340","Total inflow of Workers' Remittances in Pakistan."
"Country-wise Workers' Remittances","31-Jul-2017","TS_GP_BOP_WR_M.WR0340",". Total (I+II)","1555.7","Million USD","Normal","","340","Total inflow of Workers' Remittances in Pakistan."
"Country-wise Workers' Remittances","30-Jun-2017","TS_GP_BOP_WR_M.WR0340",". Total (I+II)","1840.3","Million USD","Normal","","340","Total inflow of Workers' Remittances in Pakistan."
"Country-wise Workers' Remittances","31-May-2017","TS_GP_BOP_WR_M.WR0340",". Total (I+II)","1867.2","Million USD","Normal","","340","Total inflow of Workers' Remittances in Pakistan."
"Country-wise Workers' Remittances","30-Apr-2017","TS_GP_BOP_WR_M.WR0340",". Total (I+II)","1538.9","Million USD","Normal","","340","Total inflow of Workers' Remittances in Pakistan."
"Country-wise Workers' Remittances","31-Mar-2017","TS_GP_BOP_WR_M.WR0340",". Total (I+II)","1694.5","Million USD","Normal","","340","Total inflow of Workers' Remittances in Pakistan."
"Country-wise Workers' Remittances","28-Feb-2017","TS_GP_BOP_WR_M.WR0340",". Total (I+II)","1417.1","Million USD","Normal","","340","Total inflow of Workers' Remittances in Pakistan."
"Country-wise Workers' Remittances","31-Jan-2017","TS_GP_BOP_WR_M.WR0340",". Total (I+II)","1488.4","Million USD","Normal","","340","Total inflow of Workers' Remittances in Pakistan."
"Country-wise Workers' Remittances","31-Dec-2016","TS_GP_BOP_WR_M.WR0340",". Total (I+II)","1585.4","Million USD","Normal","","340","Total inflow of Workers' Remittances in Pakistan."
"Country-wise Workers' Remittances","30-Nov-2016","TS_GP_BOP_WR_M.WR0340",". Total (I+II)","1618.4","Million USD","Normal","","340","Total inflow of Workers' Remittances in Pakistan."
"Country-wise Workers' Remittances","31-Oct-2016","TS_GP_BOP_WR_M.WR0340",". Total (I+II)","1561","Million USD","Normal","","340","Total inflow of Workers' Remittances in Pakistan."
"Country-wise Workers' Remittances","30-Sep-2016","TS_GP_BOP_WR_M.WR0340",". Total (I+II)","1612.4","Million USD","Normal","","340","Total inflow of Workers' Remittances in Pakistan."
"Country-wise Workers' Remittances","31-Aug-2016","TS_GP_BOP_WR_M.WR0340",". Total (I+II)","1767.7","Million USD","Normal","","340","Total inflow of Workers' Remittances in Pakistan."
"Country-wise Workers' Remittances","31-Jul-2016","TS_GP_BOP_WR_M.WR0340",". Total (I+II)","1360.3","Million USD","Normal","","340","Total inflow of Workers' Remittances in Pakistan."
"Country-wise Workers' Remittances","30-Jun-2016","TS_GP_BOP_WR_M.WR0340",". Total (I+II)","2073.1","Million USD","Normal","","340","Total inflow of Workers' Remittances in Pakistan."
"Country-wise Workers' Remittances","31-May-2016","TS_GP_BOP_WR_M.WR0340",". Total (I+II)","1799.4","Million USD","Normal","","340","Total inflow of Workers' Remittances in Pakistan."
"Country-wise Workers' Remittances","30-Apr-2016","TS_GP_BOP_WR_M.WR0340",". Total (I+II)","1656.5","Million USD","Normal","","340","Total inflow of Workers' Remittances in Pakistan."
"Country-wise Workers' Remittances","31-Mar-2016","TS_GP_BOP_WR_M.WR0340",". Total (I+II)","1711.2","Million USD","Normal","","340","Total inflow of Workers' Remittances in Pakistan."
"Country-wise Workers' Remittances","29-Feb-2016","TS_GP_BOP_WR_M.WR0340",". Total (I+II)","1521.9","Million USD","Normal","","340","Total inflow of Workers' Remittances in Pakistan."
"Country-wise Workers' Remittances","31-Jan-2016","TS_GP_BOP_WR_M.WR0340",". Total (I+II)","1466.4","Million USD","Normal","","340","Total inflow of Workers' Remittances in Pakistan."
"Country-wise Workers' Remittances","31-Dec-2015","TS_GP_BOP_WR_M.WR0340",". Total (I+II)","1616.1","Million USD","Normal","","340","Total inflow of Workers' Remittances in Pakistan."
"Country-wise Workers' Remittances","30-Nov-2015","TS_GP_BOP_WR_M.WR0340",". Total (I+II)","1565.2","Million USD","Normal","","340","Total inflow of Workers' Remittances in Pakistan."
"Country-wise Workers' Remittances","31-Oct-2015","TS_GP_BOP_WR_M.WR0340",". Total (I+II)","1541.2","Million USD","Normal","","340","Total inflow of Workers' Remittances in Pakistan."
"Country-wise Workers' Remittances","30-Sep-2015","TS_GP_BOP_WR_M.WR0340",". Total (I+II)","1775.2","Million USD","Normal","","340","Total inflow of Workers' Remittances in Pakistan."
"Country-wise Workers' Remittances","31-Aug-2015","TS_GP_BOP_WR_M.WR0340",". Total (I+II)","1527.2","Million USD","Normal","","340","Total inflow of Workers' Remittances in Pakistan."
"Country-wise Workers' Remittances","31-Jul-2015","TS_GP_BOP_WR_M.WR0340",". Total (I+II)","1663.5","Million USD","Normal","","340","Total inflow of Workers' Remittances in Pakistan."
"Country-wise Workers' Remittances","30-Jun-2015","TS_GP_BOP_WR_M.WR0340",". Total (I+II)","1821.7","Million USD","Normal","","340","Total inflow of Workers' Remittances in Pakistan."
"Country-wise Workers' Remittances","31-May-2015","TS_GP_BOP_WR_M.WR0340",". Total (I+II)","1663.3","Million USD","Normal","","340","Total inflow of Workers' Remittances in Pakistan."
"Country-wise Workers' Remittances","30-Apr-2015","TS_GP_BOP_WR_M.WR0340",". Total (I+II)","1640.1","Million USD","Normal","","340","Total inflow of Workers' Remittances in Pakistan."
"Country-wise Workers' Remittances","31-Mar-2015","TS_GP_BOP_WR_M.WR0340",". Total (I+II)","1608.5","Million USD","Normal","","340","Total inflow of Workers' Remittances in Pakistan."
"Country-wise Workers' Remittances","28-Feb-2015","TS_GP_BOP_WR_M.WR0340",". Total (I+II)","1420.5","Million USD","Normal","","340","Total inflow of Workers' Remittances in Pakistan."
"Country-wise Workers' Remittances","31-Jan-2015","TS_GP_BOP_WR_M.WR0340",". Total (I+II)","1403.7","Million USD","Normal","","340","Total inflow of Workers' Remittances in Pakistan."
"Country-wise Workers' Remittances","31-Dec-2014","TS_GP_BOP_WR_M.WR0340",". Total (I+II)","1634.1","Million USD","Normal","","340","Total inflow of Workers' Remittances in Pakistan."
"Country-wise Workers' Remittances","30-Nov-2014","TS_GP_BOP_WR_M.WR0340",". Total (I+II)","1343.8","Million USD","Normal","","340","Total inflow of Workers' Remittances in Pakistan."
"Country-wise Workers' Remittances","31-Oct-2014","TS_GP_BOP_WR_M.WR0340",". Total (I+II)","1409.2","Million USD","Normal","","340","Total inflow of Workers' Remittances in Pakistan."
"Country-wise Workers' Remittances","30-Sep-2014","TS_GP_BOP_WR_M.WR0340",". Total (I+II)","1748.5","Million USD","Normal","","340","Total inflow of Workers' Remittances in Pakistan."
"Country-wise Workers' Remittances","31-Aug-2014","TS_GP_BOP_WR_M.WR0340",". Total (I+II)","1350.9","Million USD","Normal","","340","Total inflow of Workers' Remittances in Pakistan."
"Country-wise Workers' Remittances","31-Jul-2014","TS_GP_BOP_WR_M.WR0340",". Total (I+II)","1675.8","Million USD","Normal","","340","Total inflow of Workers' Remittances in Pakistan."
"Country-wise Workers' Remittances","30-Jun-2014","TS_GP_BOP_WR_M.WR0340",". Total (I+II)","1499.3","Million USD","Normal","","340","Total inflow of Workers' Remittances in Pakistan."
"Country-wise Workers' Remittances","31-May-2014","TS_GP_BOP_WR_M.WR0340",". Total (I+II)","1440.5","Million USD","Normal","","340","Total inflow of Workers' Remittances in Pakistan."
"Country-wise Workers' Remittances","30-Apr-2014","TS_GP_BOP_WR_M.WR0340",". Total (I+II)","1311.9","Million USD","Normal","","340","Total inflow of Workers' Remittances in Pakistan."
"Country-wise Workers' Remittances","31-Mar-2014","TS_GP_BOP_WR_M.WR0340",". Total (I+II)","1337.9","Million USD","Normal","","340","Total inflow of Workers' Remittances in Pakistan."
"Country-wise Workers' Remittances","28-Feb-2014","TS_GP_BOP_WR_M.WR0340",". Total (I+II)","1209.8","Million USD","Normal","","340","Total inflow of Workers' Remittances in Pakistan."
"Country-wise Workers' Remittances","31-Jan-2014","TS_GP_BOP_WR_M.WR0340",". Total (I+II)","1246","Million USD","Normal","","340","Total inflow of Workers' Remittances in Pakistan."
"Country-wise Workers' Remittances","31-Dec-2013","TS_GP_BOP_WR_M.WR0340",". Total (I+II)","1384.9","Million USD","Normal","","340","Total inflow of Workers' Remittances in Pakistan."
"Country-wise Workers' Remittances","30-Nov-2013","TS_GP_BOP_WR_M.WR0340",". Total (I+II)","1130.4","Million USD","Normal","","340","Total inflow of Workers' Remittances in Pakistan."
"Country-wise Workers' Remittances","31-Oct-2013","TS_GP_BOP_WR_M.WR0340",". Total (I+II)","1348","Million USD","Normal","","340","Total inflow of Workers' Remittances in Pakistan."
"Country-wise Workers' Remittances","30-Sep-2013","TS_GP_BOP_WR_M.WR0340",". Total (I+II)","1284.2","Million USD","Normal","","340","Total inflow of Workers' Remittances in Pakistan."
"Country-wise Workers' Remittances","31-Aug-2013","TS_GP_BOP_WR_M.WR0340",". Total (I+II)","1240.1","Million USD","Normal","","340","Total inflow of Workers' Remittances in Pakistan."
"Country-wise Workers' Remittances","31-Jul-2013","TS_GP_BOP_WR_M.WR0340",". Total (I+II)","1404.7","Million USD","Normal","","340","Total inflow of Workers' Remittances in Pakistan."
"Country-wise Workers' Remittances","30-Jun-2013","TS_GP_BOP_WR_M.WR0340",". Total (I+II)","1166.2","Million USD","Normal","","340","Total inflow of Workers' Remittances in Pakistan."
"Country-wise Workers' Remittances","31-May-2013","TS_GP_BOP_WR_M.WR0340",". Total (I+II)","1185.7","Million USD","Normal","","340","Total inflow of Workers' Remittances in Pakistan."
"Country-wise Workers' Remittances","30-Apr-2013","TS_GP_BOP_WR_M.WR0340",". Total (I+II)","1215.9","Million USD","Normal","","340","Total inflow of Workers' Remittances in Pakistan."
"Country-wise Workers' Remittances","31-Mar-2013","TS_GP_BOP_WR_M.WR0340",". Total (I+II)","1119.2","Million USD","Normal","","340","Total inflow of Workers' Remittances in Pakistan."
"Country-wise Workers' Remittances","28-Feb-2013","TS_GP_BOP_WR_M.WR0340",". Total (I+II)","1028.4","Million USD","Normal","","340","Total inflow of Workers' Remittances in Pakistan."
"Country-wise Workers' Remittances","31-Jan-2013","TS_GP_BOP_WR_M.WR0340",". Total (I+II)","1089.6","Million USD","Normal","","340","Total inflow of Workers' Remittances in Pakistan."
"Country-wise Workers' Remittances","31-Dec-2012","TS_GP_BOP_WR_M.WR0340",". Total (I+II)","1134.7","Million USD","Normal","","340","Total inflow of Workers' Remittances in Pakistan."
"Country-wise Workers' Remittances","30-Nov-2012","TS_GP_BOP_WR_M.WR0340",". Total (I+II)","1017.8","Million USD","Normal","","340","Total inflow of Workers' Remittances in Pakistan."
"Country-wise Workers' Remittances","31-Oct-2012","TS_GP_BOP_WR_M.WR0340",". Total (I+II)","1365.1","Million USD","Normal","","340","Total inflow of Workers' Remittances in Pakistan."
"Country-wise Workers' Remittances","30-Sep-2012","TS_GP_BOP_WR_M.WR0340",". Total (I+II)","1135.4","Million USD","Normal","","340","Total inflow of Workers' Remittances in Pakistan."
"Country-wise Workers' Remittances","31-Aug-2012","TS_GP_BOP_WR_M.WR0340",". Total (I+II)","1259","Million USD","Normal","","340","Total inflow of Workers' Remittances in Pakistan."
"Country-wise Workers' Remittances","31-Jul-2012","TS_GP_BOP_WR_M.WR0340",". Total (I+II)","1204.7","Million USD","Normal","","340","Total inflow of Workers' Remittances in Pakistan."
"Country-wise Workers' Remittances","30-Jun-2012","TS_GP_BOP_WR_M.WR0340",". Total (I+II)","1117.5","Million USD","Normal","","340","Total inflow of Workers' Remittances in Pakistan."
"Country-wise Workers' Remittances","31-May-2012","TS_GP_BOP_WR_M.WR0340",". Total (I+II)","1192.1","Million USD","Normal","","340","Total inflow of Workers' Remittances in Pakistan."
"Country-wise Workers' Remittances","30-Apr-2012","TS_GP_BOP_WR_M.WR0340",". Total (I+II)","1141","Million USD","Normal","","340","Total inflow of Workers' Remittances in Pakistan."
"Country-wise Workers' Remittances","31-Mar-2012","TS_GP_BOP_WR_M.WR0340",". Total (I+II)","1143.2","Million USD","Normal","","340","Total inflow of Workers' Remittances in Pakistan."
"Country-wise Workers' Remittances","29-Feb-2012","TS_GP_BOP_WR_M.WR0340",". Total (I+II)","1156.8","Million USD","Normal","","340","Total inflow of Workers' Remittances in Pakistan."
"Country-wise Workers' Remittances","31-Jan-2012","TS_GP_BOP_WR_M.WR0340",". Total (I+II)","1110.6","Million USD","Normal","","340","Total inflow of Workers' Remittances in Pakistan."
"Country-wise Workers' Remittances","31-Dec-2011","TS_GP_BOP_WR_M.WR0340",". Total (I+II)","1085.4","Million USD","Normal","","340","Total inflow of Workers' Remittances in Pakistan."
"Country-wise Workers' Remittances","30-Nov-2011","TS_GP_BOP_WR_M.WR0340",". Total (I+II)","924.9","Million USD","Normal","","340","Total inflow of Workers' Remittances in Pakistan."
"Country-wise Workers' Remittances","31-Oct-2011","TS_GP_BOP_WR_M.WR0340",". Total (I+II)","1017.9","Million USD","Normal","","340","Total inflow of Workers' Remittances in Pakistan."
"Country-wise Workers' Remittances","30-Sep-2011","TS_GP_BOP_WR_M.WR0340",". Total (I+II)","890.4","Million USD","Normal","","340","Total inflow of Workers' Remittances in Pakistan."
"Country-wise Workers' Remittances","31-Aug-2011","TS_GP_BOP_WR_M.WR0340",". Total (I+II)","1310.5","Million USD","Normal","","340","Total inflow of Workers' Remittances in Pakistan."
"Country-wise Workers' Remittances","31-Jul-2011","TS_GP_BOP_WR_M.WR0340",". Total (I+II)","1096.3","Million USD","Normal","","340","Total inflow of Workers' Remittances in Pakistan."
"Country-wise Workers' Remittances","30-Jun-2011","TS_GP_BOP_WR_M.WR0340",". Total (I+II)","1104.6","Million USD","Normal","","340","Total inflow of Workers' Remittances in Pakistan."
"Country-wise Workers' Remittances","31-May-2011","TS_GP_BOP_WR_M.WR0340",". Total (I+II)","1049.8","Million USD","Normal","","340","Total inflow of Workers' Remittances in Pakistan."
"Country-wise Workers' Remittances","30-Apr-2011","TS_GP_BOP_WR_M.WR0340",". Total (I+II)","1030.4","Million USD","Normal","","340","Total inflow of Workers' Remittances in Pakistan."
"Country-wise Workers' Remittances","31-Mar-2011","TS_GP_BOP_WR_M.WR0340",". Total (I+II)","1052.9","Million USD","Normal","","340","Total inflow of Workers' Remittances in Pakistan."
"Country-wise Workers' Remittances","28-Feb-2011","TS_GP_BOP_WR_M.WR0340",". Total (I+II)","845.3","Million USD","Normal","","340","Total inflow of Workers' Remittances in Pakistan."
"Country-wise Workers' Remittances","31-Jan-2011","TS_GP_BOP_WR_M.WR0340",". Total (I+II)","826.6","Million USD","Normal","","340","Total inflow of Workers' Remittances in Pakistan."
"Country-wise Workers' Remittances","31-Dec-2010","TS_GP_BOP_WR_M.WR0340",". Total (I+II)","863.1","Million USD","Normal","","340","Total inflow of Workers' Remittances in Pakistan."
"Country-wise Workers' Remittances","30-Nov-2010","TS_GP_BOP_WR_M.WR0340",". Total (I+II)","926.9","Million USD","Normal","","340","Total inflow of Workers' Remittances in Pakistan."
"Country-wise Workers' Remittances","31-Oct-2010","TS_GP_BOP_WR_M.WR0340",". Total (I+II)","855.1","Million USD","Normal","","340","Total inflow of Workers' Remittances in Pakistan."
"Country-wise Workers' Remittances","30-Sep-2010","TS_GP_BOP_WR_M.WR0340",". Total (I+II)","922.1","Million USD","Normal","","340","Total inflow of Workers' Remittances in Pakistan."
"Country-wise Workers' Remittances","31-Aug-2010","TS_GP_BOP_WR_M.WR0340",". Total (I+II)","933.1","Million USD","Normal","","340","Total inflow of Workers' Remittances in Pakistan."
"Country-wise Workers' Remittances","31-Jul-2010","TS_GP_BOP_WR_M.WR0340",". Total (I+II)","791.2","Million USD","Normal","","340","Total inflow of Workers' Remittances in Pakistan."
"Country-wise Workers' Remittances","30-Jun-2010","TS_GP_BOP_WR_M.WR0340",". Total (I+II)","841.4","Million USD","Normal","","340","Total inflow of Workers' Remittances in Pakistan."
"Country-wise Workers' Remittances","31-May-2010","TS_GP_BOP_WR_M.WR0340",". Total (I+II)","757.9","Million USD","Normal","","340","Total inflow of Workers' Remittances in Pakistan."
"Country-wise Workers' Remittances","30-Apr-2010","TS_GP_BOP_WR_M.WR0340",". Total (I+II)","755.8","Million USD","Normal","","340","Total inflow of Workers' Remittances in Pakistan."
"Country-wise Workers' Remittances","31-Mar-2010","TS_GP_BOP_WR_M.WR0340",". Total (I+II)","763.7","Million USD","Normal","","340","Total inflow of Workers' Remittances in Pakistan."
"Country-wise Workers' Remittances","28-Feb-2010","TS_GP_BOP_WR_M.WR0340",". Total (I+II)","589","Million USD","Normal","","340","Total inflow of Workers' Remittances in Pakistan."
"Country-wise Workers' Remittances","31-Jan-2010","TS_GP_BOP_WR_M.WR0340",". Total (I+II)","667.9","Million USD","Normal","","340","Total inflow of Workers' Remittances in Pakistan."
"Country-wise Workers' Remittances","31-Dec-2009","TS_GP_BOP_WR_M.WR0340",". Total (I+II)","697.6","Million USD","Normal","","340","Total inflow of Workers' Remittances in Pakistan."
"Country-wise Workers' Remittances","30-Nov-2009","TS_GP_BOP_WR_M.WR0340",". Total (I+II)","742.8","Million USD","Normal","","340","Total inflow of Workers' Remittances in Pakistan."
"Country-wise Workers' Remittances","31-Oct-2009","TS_GP_BOP_WR_M.WR0340",". Total (I+II)","758.3","Million USD","Normal","","340","Total inflow of Workers' Remittances in Pakistan."
"Country-wise Workers' Remittances","30-Sep-2009","TS_GP_BOP_WR_M.WR0340",". Total (I+II)","806.1","Million USD","Normal","","340","Total inflow of Workers' Remittances in Pakistan."
"Country-wise Workers' Remittances","31-Aug-2009","TS_GP_BOP_WR_M.WR0340",". Total (I+II)","780.5","Million USD","Normal","","340","Total inflow of Workers' Remittances in Pakistan."
"Country-wise Workers' Remittances","31-Jul-2009","TS_GP_BOP_WR_M.WR0340",". Total (I+II)","744.9","Million USD","Normal","","340","Total inflow of Workers' Remittances in Pakistan."
"Country-wise Workers' Remittances","30-Jun-2009","TS_GP_BOP_WR_M.WR0340",". Total (I+II)","735.2","Million USD","Normal","","340","Total inflow of Workers' Remittances in Pakistan."
"Country-wise Workers' Remittances","31-May-2009","TS_GP_BOP_WR_M.WR0340",". Total (I+II)","720.7","Million USD","Normal","","340","Total inflow of Workers' Remittances in Pakistan."
"Country-wise Workers' Remittances","30-Apr-2009","TS_GP_BOP_WR_M.WR0340",". Total (I+II)","697.5","Million USD","Normal","","340","Total inflow of Workers' Remittances in Pakistan."
"Country-wise Workers' Remittances","31-Mar-2009","TS_GP_BOP_WR_M.WR0340",". Total (I+II)","739.4","Million USD","Normal","","340","Total inflow of Workers' Remittances in Pakistan."
"Country-wise Workers' Remittances","28-Feb-2009","TS_GP_BOP_WR_M.WR0340",". Total (I+II)","641.3","Million USD","Normal","","340","Total inflow of Workers' Remittances in Pakistan."
"Country-wise Workers' Remittances","31-Jan-2009","TS_GP_BOP_WR_M.WR0340",". Total (I+II)","637.3","Million USD","Normal","","340","Total inflow of Workers' Remittances in Pakistan."
"Country-wise Workers' Remittances","31-Dec-2008","TS_GP_BOP_WR_M.WR0340",". Total (I+II)","673.5","Million USD","Normal","","340","Total inflow of Workers' Remittances in Pakistan."
"Country-wise Workers' Remittances","30-Nov-2008","TS_GP_BOP_WR_M.WR0340",". Total (I+II)","620.5","Million USD","Normal","","340","Total inflow of Workers' Remittances in Pakistan."
"Country-wise Workers' Remittances","31-Oct-2008","TS_GP_BOP_WR_M.WR0340",". Total (I+II)","466.1","Million USD","Normal","","340","Total inflow of Workers' Remittances in Pakistan."
"Country-wise Workers' Remittances","30-Sep-2008","TS_GP_BOP_WR_M.WR0340",". Total (I+II)","660.4","Million USD","Normal","","340","Total inflow of Workers' Remittances in Pakistan."
"Country-wise Workers' Remittances","31-Aug-2008","TS_GP_BOP_WR_M.WR0340",". Total (I+II)","592.3","Million USD","Normal","","340","Total inflow of Workers' Remittances in Pakistan."
"Country-wise Workers' Remittances","31-Jul-2008","TS_GP_BOP_WR_M.WR0340",". Total (I+II)","627.2","Million USD","Normal","","340","Total inflow of Workers' Remittances in Pakistan."
"Country-wise Workers' Remittances","30-Jun-2008","TS_GP_BOP_WR_M.WR0340",". Total (I+II)","547.4","Million USD","Normal","","340","Total inflow of Workers' Remittances in Pakistan."
"Country-wise Workers' Remittances","31-May-2008","TS_GP_BOP_WR_M.WR0340",". Total (I+II)","584.8","Million USD","Normal","","340","Total inflow of Workers' Remittances in Pakistan."
"Country-wise Workers' Remittances","30-Apr-2008","TS_GP_BOP_WR_M.WR0340",". Total (I+II)","590.7","Million USD","Normal","","340","Total inflow of Workers' Remittances in Pakistan."
"Country-wise Workers' Remittances","31-Mar-2008","TS_GP_BOP_WR_M.WR0340",". Total (I+II)","602.2","Million USD","Normal","","340","Total inflow of Workers' Remittances in Pakistan."
"Country-wise Workers' Remittances","29-Feb-2008","TS_GP_BOP_WR_M.WR0340",". Total (I+II)","502.8","Million USD","Normal","","340","Total inflow of Workers' Remittances in Pakistan."
"Country-wise Workers' Remittances","31-Jan-2008","TS_GP_BOP_WR_M.WR0340",". Total (I+II)","557.1","Million USD","Normal","","340","Total inflow of Workers' Remittances in Pakistan."
"Country-wise Workers' Remittances","31-Dec-2007","TS_GP_BOP_WR_M.WR0340",". Total (I+II)","479.3","Million USD","Normal","","340","Total inflow of Workers' Remittances in Pakistan."
"Country-wise Workers' Remittances","30-Nov-2007","TS_GP_BOP_WR_M.WR0340",". Total (I+II)","505.6","Million USD","Normal","","340","Total inflow of Workers' Remittances in Pakistan."
"Country-wise Workers' Remittances","31-Oct-2007","TS_GP_BOP_WR_M.WR0340",". Total (I+II)","580.2","Million USD","Normal","","340","Total inflow of Workers' Remittances in Pakistan."
"Country-wise Workers' Remittances","30-Sep-2007","TS_GP_BOP_WR_M.WR0340",". Total (I+II)","516.1","Million USD","Normal","","340","Total inflow of Workers' Remittances in Pakistan."
"Country-wise Workers' Remittances","31-Aug-2007","TS_GP_BOP_WR_M.WR0340",". Total (I+II)","489.5","Million USD","Normal","","340","Total inflow of Workers' Remittances in Pakistan."
"Country-wise Workers' Remittances","31-Jul-2007","TS_GP_BOP_WR_M.WR0340",". Total (I+II)","495.7","Million USD","Normal","","340","Total inflow of Workers' Remittances in Pakistan."
"Country-wise Workers' Remittances","30-Jun-2007","TS_GP_BOP_WR_M.WR0340",". Total (I+II)","505.6","Million USD","Normal","","340","Total inflow of Workers' Remittances in Pakistan."
"Country-wise Workers' Remittances","31-May-2007","TS_GP_BOP_WR_M.WR0340",". Total (I+II)","538","Million USD","Normal","","340","Total inflow of Workers' Remittances in Pakistan."
"Country-wise Workers' Remittances","30-Apr-2007","TS_GP_BOP_WR_M.WR0340",". Total (I+II)","513.4","Million USD","Normal","","340","Total inflow of Workers' Remittances in Pakistan."
"Country-wise Workers' Remittances","31-Mar-2007","TS_GP_BOP_WR_M.WR0340",". Total (I+II)","520.2","Million USD","Normal","","340","Total inflow of Workers' Remittances in Pakistan."
"Country-wise Workers' Remittances","28-Feb-2007","TS_GP_BOP_WR_M.WR0340",". Total (I+II)","457.2","Million USD","Normal","","340","Total inflow of Workers' Remittances in Pakistan."
"Country-wise Workers' Remittances","31-Jan-2007","TS_GP_BOP_WR_M.WR0340",". Total (I+II)","391.3","Million USD","Normal","","340","Total inflow of Workers' Remittances in Pakistan."
"Country-wise Workers' Remittances","31-Dec-2006","TS_GP_BOP_WR_M.WR0340",". Total (I+II)","475.2","Million USD","Normal","","340","Total inflow of Workers' Remittances in Pakistan."
"Country-wise Workers' Remittances","30-Nov-2006","TS_GP_BOP_WR_M.WR0340",". Total (I+II)","448.6","Million USD","Normal","","340","Total inflow of Workers' Remittances in Pakistan."
"Country-wise Workers' Remittances","31-Oct-2006","TS_GP_BOP_WR_M.WR0340",". Total (I+II)","410.6","Million USD","Normal","","340","Total inflow of Workers' Remittances in Pakistan."
"Country-wise Workers' Remittances","30-Sep-2006","TS_GP_BOP_WR_M.WR0340",". Total (I+II)","421.7","Million USD","Normal","","340","Total inflow of Workers' Remittances in Pakistan."
"Country-wise Workers' Remittances","31-Aug-2006","TS_GP_BOP_WR_M.WR0340",". Total (I+II)","434.8","Million USD","Normal","","340","Total inflow of Workers' Remittances in Pakistan."
"Country-wise Workers' Remittances","31-Jul-2006","TS_GP_BOP_WR_M.WR0340",". Total (I+II)","377","Million USD","Normal","","340","Total inflow of Workers' Remittances in Pakistan."
"Country-wise Workers' Remittances","30-Jun-2006","TS_GP_BOP_WR_M.WR0340",". Total (I+II)","463.9","Million USD","Normal","","340","Total inflow of Workers' Remittances in Pakistan."
"Country-wise Workers' Remittances","31-May-2006","TS_GP_BOP_WR_M.WR0340",". Total (I+II)","506.6","Million USD","Normal","","340","Total inflow of Workers' Remittances in Pakistan."
"Country-wise Workers' Remittances","30-Apr-2006","TS_GP_BOP_WR_M.WR0340",". Total (I+II)","401.5","Million USD","Normal","","340","Total inflow of Workers' Remittances in Pakistan."
"Country-wise Workers' Remittances","31-Mar-2006","TS_GP_BOP_WR_M.WR0340",". Total (I+II)","423.6","Million USD","Normal","","340","Total inflow of Workers' Remittances in Pakistan."
"Country-wise Workers' Remittances","28-Feb-2006","TS_GP_BOP_WR_M.WR0340",". Total (I+II)","358.1","Million USD","Normal","","340","Total inflow of Workers' Remittances in Pakistan."
"Country-wise Workers' Remittances","31-Jan-2006","TS_GP_BOP_WR_M.WR0340",". Total (I+II)","391.3","Million USD","Normal","","340","Total inflow of Workers' Remittances in Pakistan."
"Country-wise Workers' Remittances","31-Dec-2005","TS_GP_BOP_WR_M.WR0340",". Total (I+II)","371.2","Million USD","Normal","","340","Total inflow of Workers' Remittances in Pakistan."
"Country-wise Workers' Remittances","30-Nov-2005","TS_GP_BOP_WR_M.WR0340",". Total (I+II)","308.8","Million USD","Normal","","340","Total inflow of Workers' Remittances in Pakistan."
"Country-wise Workers' Remittances","31-Oct-2005","TS_GP_BOP_WR_M.WR0340",". Total (I+II)","372.5","Million USD","Normal","","340","Total inflow of Workers' Remittances in Pakistan."
"Country-wise Workers' Remittances","30-Sep-2005","TS_GP_BOP_WR_M.WR0340",". Total (I+II)","341.1","Million USD","Normal","","340","Total inflow of Workers' Remittances in Pakistan."
"Country-wise Workers' Remittances","31-Aug-2005","TS_GP_BOP_WR_M.WR0340",". Total (I+II)","348.4","Million USD","Normal","","340","Total inflow of Workers' Remittances in Pakistan."
"Country-wise Workers' Remittances","31-Jul-2005","TS_GP_BOP_WR_M.WR0340",". Total (I+II)","313.1","Million USD","Normal","","340","Total inflow of Workers' Remittances in Pakistan."
"Country-wise Workers' Remittances","30-Jun-2005","TS_GP_BOP_WR_M.WR0340",". Total (I+II)","359","Million USD","Normal","","340","Total inflow of Workers' Remittances in Pakistan."
"Country-wise Workers' Remittances","31-May-2005","TS_GP_BOP_WR_M.WR0340",". Total (I+II)","358.3","Million USD","Normal","","340","Total inflow of Workers' Remittances in Pakistan."
"Country-wise Workers' Remittances","30-Apr-2005","TS_GP_BOP_WR_M.WR0340",". Total (I+II)","401","Million USD","Normal","","340","Total inflow of Workers' Remittances in Pakistan."
"Country-wise Workers' Remittances","31-Mar-2005","TS_GP_BOP_WR_M.WR0340",". Total (I+II)","443.7","Million USD","Normal","","340","Total inflow of Workers' Remittances in Pakistan."
"Country-wise Workers' Remittances","28-Feb-2005","TS_GP_BOP_WR_M.WR0340",". Total (I+II)","339.3","Million USD","Normal","","340","Total inflow of Workers' Remittances in Pakistan."
"Country-wise Workers' Remittances","31-Jan-2005","TS_GP_BOP_WR_M.WR0340",". Total (I+II)","321.4","Million USD","Normal","","340","Total inflow of Workers' Remittances in Pakistan."
"Country-wise Workers' Remittances","31-Dec-2004","TS_GP_BOP_WR_M.WR0340",". Total (I+II)","336.4","Million USD","Normal","","340","Total inflow of Workers' Remittances in Pakistan."
"Country-wise Workers' Remittances","30-Nov-2004","TS_GP_BOP_WR_M.WR0340",". Total (I+II)","291.8","Million USD","Normal","","340","Total inflow of Workers' Remittances in Pakistan."
"Country-wise Workers' Remittances","31-Oct-2004","TS_GP_BOP_WR_M.WR0340",". Total (I+II)","334.8","Million USD","Normal","","340","Total inflow of Workers' Remittances in Pakistan."
"Country-wise Workers' Remittances","30-Sep-2004","TS_GP_BOP_WR_M.WR0340",". Total (I+II)","312.9","Million USD","Normal","","340","Total inflow of Workers' Remittances in Pakistan."
"Country-wise Workers' Remittances","31-Aug-2004","TS_GP_BOP_WR_M.WR0340",". Total (I+II)","339.7","Million USD","Normal","","340","Total inflow of Workers' Remittances in Pakistan."
"Country-wise Workers' Remittances","31-Jul-2004","TS_GP_BOP_WR_M.WR0340",". Total (I+II)","330.5","Million USD","Normal","","340","Total inflow of Workers' Remittances in Pakistan."
"Country-wise Workers' Remittances","30-Jun-2004","TS_GP_BOP_WR_M.WR0340",". Total (I+II)","355","Million USD","Normal","","340","Total inflow of Workers' Remittances in Pakistan."
"Country-wise Workers' Remittances","31-May-2004","TS_GP_BOP_WR_M.WR0340",". Total (I+II)","306","Million USD","Normal","","340","Total inflow of Workers' Remittances in Pakistan."
"Country-wise Workers' Remittances","30-Apr-2004","TS_GP_BOP_WR_M.WR0340",". Total (I+II)","335.3","Million USD","Normal","","340","Total inflow of Workers' Remittances in Pakistan."
"Country-wise Workers' Remittances","31-Mar-2004","TS_GP_BOP_WR_M.WR0340",". Total (I+II)","329.7","Million USD","Normal","","340","Total inflow of Workers' Remittances in Pakistan."
"Country-wise Workers' Remittances","29-Feb-2004","TS_GP_BOP_WR_M.WR0340",". Total (I+II)","289.5","Million USD","Normal","","340","Total inflow of Workers' Remittances in Pakistan."
"Country-wise Workers' Remittances","31-Jan-2004","TS_GP_BOP_WR_M.WR0340",". Total (I+II)","382.3","Million USD","Normal","","340","Total inflow of Workers' Remittances in Pakistan."
"Country-wise Workers' Remittances","31-Dec-2003","TS_GP_BOP_WR_M.WR0340",". Total (I+II)","385.7","Million USD","Normal","","340","Total inflow of Workers' Remittances in Pakistan."
"Country-wise Workers' Remittances","30-Nov-2003","TS_GP_BOP_WR_M.WR0340",". Total (I+II)","253.1","Million USD","Normal","","340","Total inflow of Workers' Remittances in Pakistan."
"Country-wise Workers' Remittances","31-Oct-2003","TS_GP_BOP_WR_M.WR0340",". Total (I+II)","328.5","Million USD","Normal","","340","Total inflow of Workers' Remittances in Pakistan."
"Country-wise Workers' Remittances","30-Sep-2003","TS_GP_BOP_WR_M.WR0340",". Total (I+II)","318.4","Million USD","Normal","","340","Total inflow of Workers' Remittances in Pakistan."
"Country-wise Workers' Remittances","31-Aug-2003","TS_GP_BOP_WR_M.WR0340",". Total (I+II)","280.9","Million USD","Normal","","340","Total inflow of Workers' Remittances in Pakistan."
"Country-wise Workers' Remittances","31-Jul-2003","TS_GP_BOP_WR_M.WR0340",". Total (I+II)","307.2","Million USD","Normal","","340","Total inflow of Workers' Remittances in Pakistan."
"Country-wise Workers' Remittances","30-Jun-2003","TS_GP_BOP_WR_M.WR0340",". Total (I+II)","363.5","Million USD","Normal","","340","Total inflow of Workers' Remittances in Pakistan."
"Country-wise Workers' Remittances","31-May-2003","TS_GP_BOP_WR_M.WR0340",". Total (I+II)","336.4","Million USD","Normal","","340","Total inflow of Workers' Remittances in Pakistan."
"Country-wise Workers' Remittances","30-Apr-2003","TS_GP_BOP_WR_M.WR0340",". Total (I+II)","306.9","Million USD","Normal","","340","Total inflow of Workers' Remittances in Pakistan."
"Country-wise Workers' Remittances","31-Mar-2003","TS_GP_BOP_WR_M.WR0340",". Total (I+II)","356.4","Million USD","Normal","","340","Total inflow of Workers' Remittances in Pakistan."
"Country-wise Workers' Remittances","28-Feb-2003","TS_GP_BOP_WR_M.WR0340",". Total (I+II)","342.8","Million USD","Normal","","340","Total inflow of Workers' Remittances in Pakistan."
"Country-wise Workers' Remittances","31-Jan-2003","TS_GP_BOP_WR_M.WR0340",". Total (I+II)","383.2","Million USD","Normal","","340","Total inflow of Workers' Remittances in Pakistan."
"Country-wise Workers' Remittances","31-Dec-2002","TS_GP_BOP_WR_M.WR0340",". Total (I+II)","363.2","Million USD","Normal","","340","Total inflow of Workers' Remittances in Pakistan."
"Country-wise Workers' Remittances","30-Nov-2002","TS_GP_BOP_WR_M.WR0340",". Total (I+II)","353.8","Million USD","Normal","","340","Total inflow of Workers' Remittances in Pakistan."
"Country-wise Workers' Remittances","31-Oct-2002","TS_GP_BOP_WR_M.WR0340",". Total (I+II)","377.8","Million USD","Normal","","340","Total inflow of Workers' Remittances in Pakistan."
"Country-wise Workers' Remittances","30-Sep-2002","TS_GP_BOP_WR_M.WR0340",". Total (I+II)","353","Million USD","Normal","","340","Total inflow of Workers' Remittances in Pakistan."
"Country-wise Workers' Remittances","31-Aug-2002","TS_GP_BOP_WR_M.WR0340",". Total (I+II)","392.4","Million USD","Normal","","340","Total inflow of Workers' Remittances in Pakistan."
"Country-wise Workers' Remittances","31-Jul-2002","TS_GP_BOP_WR_M.WR0340",". Total (I+II)","307.4","Million USD","Normal","","340","Total inflow of Workers' Remittances in Pakistan."
"Country-wise Workers' Remittances","30-Jun-2002","TS_GP_BOP_WR_M.WR0340",". Total (I+II)","268.5","Million USD","Normal","","340","Total inflow of Workers' Remittances in Pakistan."
"Country-wise Workers' Remittances","31-May-2002","TS_GP_BOP_WR_M.WR0340",". Total (I+II)","255.1","Million USD","Normal","","340","Total inflow of Workers' Remittances in Pakistan."
"Country-wise Workers' Remittances","30-Apr-2002","TS_GP_BOP_WR_M.WR0340",". Total (I+II)","238.8","Million USD","Normal","","340","Total inflow of Workers' Remittances in Pakistan."
"Country-wise Workers' Remittances","31-Mar-2002","TS_GP_BOP_WR_M.WR0340",". Total (I+II)","227.2","Million USD","Normal","","340","Total inflow of Workers' Remittances in Pakistan."
"Country-wise Workers' Remittances","28-Feb-2002","TS_GP_BOP_WR_M.WR0340",". Total (I+II)","236.3","Million USD","Normal","","340","Total inflow of Workers' Remittances in Pakistan."
"Country-wise Workers' Remittances","31-Jan-2002","TS_GP_BOP_WR_M.WR0340",". Total (I+II)","180.8","Million USD","Normal","","340","Total inflow of Workers' Remittances in Pakistan."
"Country-wise Workers' Remittances","31-Dec-2001","TS_GP_BOP_WR_M.WR0340",". Total (I+II)","193.2","Million USD","Normal","","340","Total inflow of Workers' Remittances in Pakistan."
"Country-wise Workers' Remittances","30-Nov-2001","TS_GP_BOP_WR_M.WR0340",". Total (I+II)","260.1","Million USD","Normal","","340","Total inflow of Workers' Remittances in Pakistan."
"Country-wise Workers' Remittances","31-Oct-2001","TS_GP_BOP_WR_M.WR0340",". Total (I+II)","188.9","Million USD","Normal","","340","Total inflow of Workers' Remittances in Pakistan."
"Country-wise Workers' Remittances","30-Sep-2001","TS_GP_BOP_WR_M.WR0340",". Total (I+II)","158.4","Million USD","Normal","","340","Total inflow of Workers' Remittances in Pakistan."
"Country-wise Workers' Remittances","31-Aug-2001","TS_GP_BOP_WR_M.WR0340",". Total (I+II)","96.9","Million USD","Normal","","340","Total inflow of Workers' Remittances in Pakistan."
"Country-wise Workers' Remittances","31-Jul-2001","TS_GP_BOP_WR_M.WR0340",". Total (I+II)","84.7","Million USD","Normal","","340","Total inflow of Workers' Remittances in Pakistan."
"Country-wise Workers' Remittances","30-Jun-2001","TS_GP_BOP_WR_M.WR0340",". Total (I+II)","85.9","Million USD","Normal","","340","Total inflow of Workers' Remittances in Pakistan."
"Country-wise Workers' Remittances","31-May-2001","TS_GP_BOP_WR_M.WR0340",". Total (I+II)","78.7","Million USD","Normal","","340","Total inflow of Workers' Remittances in Pakistan."
"Country-wise Workers' Remittances","30-Apr-2001","TS_GP_BOP_WR_M.WR0340",". Total (I+II)","67.4","Million USD","Normal","","340","Total inflow of Workers' Remittances in Pakistan."
"Country-wise Workers' Remittances","31-Mar-2001","TS_GP_BOP_WR_M.WR0340",". Total (I+II)","66.5","Million USD","Normal","","340","Total inflow of Workers' Remittances in Pakistan."
"Country-wise Workers' Remittances","28-Feb-2001","TS_GP_BOP_WR_M.WR0340",". Total (I+II)","78.2","Million USD","Normal","","340","Total inflow of Workers' Remittances in Pakistan."
"Country-wise Workers' Remittances","31-Jan-2001","TS_GP_BOP_WR_M.WR0340",". Total (I+II)","100.7","Million USD","Normal","","340","Total inflow of Workers' Remittances in Pakistan."
"Country-wise Workers' Remittances","31-Dec-2000","TS_GP_BOP_WR_M.WR0340",". Total (I+II)","73.7","Million USD","Normal","","340","Total inflow of Workers' Remittances in Pakistan."
"Country-wise Workers' Remittances","30-Nov-2000","TS_GP_BOP_WR_M.WR0340",". Total (I+II)","82.5","Million USD","Normal","","340","Total inflow of Workers' Remittances in Pakistan."
"Country-wise Workers' Remittances","31-Oct-2000","TS_GP_BOP_WR_M.WR0340",". Total (I+II)","87.2","Million USD","Normal","","340","Total inflow of Workers' Remittances in Pakistan."
"Country-wise Workers' Remittances","30-Sep-2000","TS_GP_BOP_WR_M.WR0340",". Total (I+II)","115.1","Million USD","Normal","","340","Total inflow of Workers' Remittances in Pakistan."
"Country-wise Workers' Remittances","31-Aug-2000","TS_GP_BOP_WR_M.WR0340",". Total (I+II)","172.4","Million USD","Normal","","340","Total inflow of Workers' Remittances in Pakistan."
"Country-wise Workers' Remittances","31-Jul-2000","TS_GP_BOP_WR_M.WR0340",". Total (I+II)","78.3","Million USD","Normal","","340","Total inflow of Workers' Remittances in Pakistan."
"Country-wise Workers' Remittances","30-Jun-2000","TS_GP_BOP_WR_M.WR0340",". Total (I+II)","80.5","Million USD","Normal","","340","Total inflow of Workers' Remittances in Pakistan."
"Country-wise Workers' Remittances","31-May-2000","TS_GP_BOP_WR_M.WR0340",". Total (I+II)","107.7","Million USD","Normal","","340","Total inflow of Workers' Remittances in Pakistan."
"Country-wise Workers' Remittances","30-Apr-2000","TS_GP_BOP_WR_M.WR0340",". Total (I+II)","64.1","Million USD","Normal","","340","Total inflow of Workers' Remittances in Pakistan."
"Country-wise Workers' Remittances","31-Mar-2000","TS_GP_BOP_WR_M.WR0340",". Total (I+II)","78.9","Million USD","Normal","","340","Total inflow of Workers' Remittances in Pakistan."
"Country-wise Workers' Remittances","29-Feb-2000","TS_GP_BOP_WR_M.WR0340",". Total (I+II)","66.1","Million USD","Normal","","340","Total inflow of Workers' Remittances in Pakistan."
"Country-wise Workers' Remittances","31-Jan-2000","TS_GP_BOP_WR_M.WR0340",". Total (I+II)","69","Million USD","Normal","","340","Total inflow of Workers' Remittances in Pakistan."
"Country-wise Workers' Remittances","31-Dec-1999","TS_GP_BOP_WR_M.WR0340",". Total (I+II)","85.7","Million USD","Normal","","340","Total inflow of Workers' Remittances in Pakistan."
"Country-wise Workers' Remittances","30-Nov-1999","TS_GP_BOP_WR_M.WR0340",". Total (I+II)","71.5","Million USD","Normal","","340","Total inflow of Workers' Remittances in Pakistan."
"Country-wise Workers' Remittances","31-Oct-1999","TS_GP_BOP_WR_M.WR0340",". Total (I+II)","144.6","Million USD","Normal","","340","Total inflow of Workers' Remittances in Pakistan."
"Country-wise Workers' Remittances","30-Sep-1999","TS_GP_BOP_WR_M.WR0340",". Total (I+II)","84.5","Million USD","Normal","","340","Total inflow of Workers' Remittances in Pakistan."
"Country-wise Workers' Remittances","31-Aug-1999","TS_GP_BOP_WR_M.WR0340",". Total (I+II)","64.7","Million USD","Normal","","340","Total inflow of Workers' Remittances in Pakistan."
"Country-wise Workers' Remittances","31-Jul-1999","TS_GP_BOP_WR_M.WR0340",". Total (I+II)","66.5","Million USD","Normal","","340","Total inflow of Workers' Remittances in Pakistan."
"Country-wise Workers' Remittances","30-Jun-1999","TS_GP_BOP_WR_M.WR0340",". Total (I+II)","101.1","Million USD","Normal","","340","Total inflow of Workers' Remittances in Pakistan."
"Country-wise Workers' Remittances","31-May-1999","TS_GP_BOP_WR_M.WR0340",". Total (I+II)","80.1","Million USD","Normal","","340","Total inflow of Workers' Remittances in Pakistan."
"Country-wise Workers' Remittances","30-Apr-1999","TS_GP_BOP_WR_M.WR0340",". Total (I+II)","72","Million USD","Normal","","340","Total inflow of Workers' Remittances in Pakistan."
"Country-wise Workers' Remittances","31-Mar-1999","TS_GP_BOP_WR_M.WR0340",". Total (I+II)","80.7","Million USD","Normal","","340","Total inflow of Workers' Remittances in Pakistan."
"Country-wise Workers' Remittances","28-Feb-1999","TS_GP_BOP_WR_M.WR0340",". Total (I+II)","67.9","Million USD","Normal","","340","Total inflow of Workers' Remittances in Pakistan."
"Country-wise Workers' Remittances","31-Jan-1999","TS_GP_BOP_WR_M.WR0340",". Total (I+II)","77.4","Million USD","Normal","","340","Total inflow of Workers' Remittances in Pakistan."
"Country-wise Workers' Remittances","31-Dec-1998","TS_GP_BOP_WR_M.WR0340",". Total (I+II)","92.7","Million USD","Normal","","340","Total inflow of Workers' Remittances in Pakistan."
"Country-wise Workers' Remittances","30-Nov-1998","TS_GP_BOP_WR_M.WR0340",". Total (I+II)","109.2","Million USD","Normal","","340","Total inflow of Workers' Remittances in Pakistan."
"Country-wise Workers' Remittances","31-Oct-1998","TS_GP_BOP_WR_M.WR0340",". Total (I+II)","78.2","Million USD","Normal","","340","Total inflow of Workers' Remittances in Pakistan."
"Country-wise Workers' Remittances","30-Sep-1998","TS_GP_BOP_WR_M.WR0340",". Total (I+II)","71.1","Million USD","Normal","","340","Total inflow of Workers' Remittances in Pakistan."
"Country-wise Workers' Remittances","31-Aug-1998","TS_GP_BOP_WR_M.WR0340",". Total (I+II)","96.1","Million USD","Normal","","340","Total inflow of Workers' Remittances in Pakistan."
"Country-wise Workers' Remittances","31-Jul-1998","TS_GP_BOP_WR_M.WR0340",". Total (I+II)","133.6","Million USD","Normal","","340","Total inflow of Workers' Remittances in Pakistan."
"Country-wise Workers' Remittances","30-Jun-1998","TS_GP_BOP_WR_M.WR0340",". Total (I+II)","111","Million USD","Normal","","340","Total inflow of Workers' Remittances in Pakistan."
"Country-wise Workers' Remittances","31-May-1998","TS_GP_BOP_WR_M.WR0340",". Total (I+II)","112.6","Million USD","Normal","","340","Total inflow of Workers' Remittances in Pakistan."
"Country-wise Workers' Remittances","30-Apr-1998","TS_GP_BOP_WR_M.WR0340",". Total (I+II)","90.7","Million USD","Normal","","340","Total inflow of Workers' Remittances in Pakistan."
"Country-wise Workers' Remittances","31-Mar-1998","TS_GP_BOP_WR_M.WR0340",". Total (I+II)","90.4","Million USD","Normal","","340","Total inflow of Workers' Remittances in Pakistan."
"Country-wise Workers' Remittances","28-Feb-1998","TS_GP_BOP_WR_M.WR0340",". Total (I+II)","96.6","Million USD","Normal","","340","Total inflow of Workers' Remittances in Pakistan."
"Country-wise Workers' Remittances","31-Jan-1998","TS_GP_BOP_WR_M.WR0340",". Total (I+II)","88.5","Million USD","Normal","","340","Total inflow of Workers' Remittances in Pakistan."
"Country-wise Workers' Remittances","31-Dec-1997","TS_GP_BOP_WR_M.WR0340",". Total (I+II)","103.8","Million USD","Normal","","340","Total inflow of Workers' Remittances in Pakistan."
"Country-wise Workers' Remittances","30-Nov-1997","TS_GP_BOP_WR_M.WR0340",". Total (I+II)","129.5","Million USD","Normal","","340","Total inflow of Workers' Remittances in Pakistan."
"Country-wise Workers' Remittances","31-Oct-1997","TS_GP_BOP_WR_M.WR0340",". Total (I+II)","184.4","Million USD","Normal","","340","Total inflow of Workers' Remittances in Pakistan."
"Country-wise Workers' Remittances","30-Sep-1997","TS_GP_BOP_WR_M.WR0340",". Total (I+II)","181","Million USD","Normal","","340","Total inflow of Workers' Remittances in Pakistan."
"Country-wise Workers' Remittances","31-Aug-1997","TS_GP_BOP_WR_M.WR0340",". Total (I+II)","146.9","Million USD","Normal","","340","Total inflow of Workers' Remittances in Pakistan."
"Country-wise Workers' Remittances","31-Jul-1997","TS_GP_BOP_WR_M.WR0340",". Total (I+II)","154.3","Million USD","Normal","","340","Total inflow of Workers' Remittances in Pakistan."
"Country-wise Workers' Remittances","30-Jun-1997","TS_GP_BOP_WR_M.WR0340",". Total (I+II)","146.6","Million USD","Normal","","340","Total inflow of Workers' Remittances in Pakistan."
"Country-wise Workers' Remittances","31-May-1997","TS_GP_BOP_WR_M.WR0340",". Total (I+II)","131.1","Million USD","Normal","","340","Total inflow of Workers' Remittances in Pakistan."
"Country-wise Workers' Remittances","30-Apr-1997","TS_GP_BOP_WR_M.WR0340",". Total (I+II)","139.3","Million USD","Normal","","340","Total inflow of Workers' Remittances in Pakistan."
"Country-wise Workers' Remittances","31-Mar-1997","TS_GP_BOP_WR_M.WR0340",". Total (I+II)","148.5","Million USD","Normal","","340","Total inflow of Workers' Remittances in Pakistan."
"Country-wise Workers' Remittances","28-Feb-1997","TS_GP_BOP_WR_M.WR0340",". Total (I+II)","125.5","Million USD","Normal","","340","Total inflow of Workers' Remittances in Pakistan."
"Country-wise Workers' Remittances","31-Jan-1997","TS_GP_BOP_WR_M.WR0340",". Total (I+II)","104.4","Million USD","Normal","","340","Total inflow of Workers' Remittances in Pakistan."
"Country-wise Workers' Remittances","31-Dec-1996","TS_GP_BOP_WR_M.WR0340",". Total (I+II)","114.1","Million USD","Normal","","340","Total inflow of Workers' Remittances in Pakistan."
"Country-wise Workers' Remittances","30-Nov-1996","TS_GP_BOP_WR_M.WR0340",". Total (I+II)","121.3","Million USD","Normal","","340","Total inflow of Workers' Remittances in Pakistan."
"Country-wise Workers' Remittances","31-Oct-1996","TS_GP_BOP_WR_M.WR0340",". Total (I+II)","94.5","Million USD","Normal","","340","Total inflow of Workers' Remittances in Pakistan."
"Country-wise Workers' Remittances","30-Sep-1996","TS_GP_BOP_WR_M.WR0340",". Total (I+II)","77","Million USD","Normal","","340","Total inflow of Workers' Remittances in Pakistan."
"Country-wise Workers' Remittances","31-Aug-1996","TS_GP_BOP_WR_M.WR0340",". Total (I+II)","100.4","Million USD","Normal","","340","Total inflow of Workers' Remittances in Pakistan."
"Country-wise Workers' Remittances","31-Jul-1996","TS_GP_BOP_WR_M.WR0340",". Total (I+II)","106.9","Million USD","Normal","","340","Total inflow of Workers' Remittances in Pakistan."
"Country-wise Workers' Remittances","30-Jun-1996","TS_GP_BOP_WR_M.WR0340",". Total (I+II)","114.6","Million USD","Normal","","340","Total inflow of Workers' Remittances in Pakistan."
"Country-wise Workers' Remittances","31-May-1996","TS_GP_BOP_WR_M.WR0340",". Total (I+II)","104.4","Million USD","Normal","","340","Total inflow of Workers' Remittances in Pakistan."
"Country-wise Workers' Remittances","30-Apr-1996","TS_GP_BOP_WR_M.WR0340",". Total (I+II)","93.2","Million USD","Normal","","340","Total inflow of Workers' Remittances in Pakistan."
"Country-wise Workers' Remittances","31-Mar-1996","TS_GP_BOP_WR_M.WR0340",". Total (I+II)","119.8","Million USD","Normal","","340","Total inflow of Workers' Remittances in Pakistan."
"Country-wise Workers' Remittances","29-Feb-1996","TS_GP_BOP_WR_M.WR0340",". Total (I+II)","104","Million USD","Normal","","340","Total inflow of Workers' Remittances in Pakistan."
"Country-wise Workers' Remittances","31-Jan-1996","TS_GP_BOP_WR_M.WR0340",". Total (I+II)","123.3","Million USD","Normal","","340","Total inflow of Workers' Remittances in Pakistan."
"Country-wise Workers' Remittances","31-Dec-1995","TS_GP_BOP_WR_M.WR0340",". Total (I+II)","117.1","Million USD","Normal","","340","Total inflow of Workers' Remittances in Pakistan."
"Country-wise Workers' Remittances","30-Nov-1995","TS_GP_BOP_WR_M.WR0340",". Total (I+II)","156.5","Million USD","Normal","","340","Total inflow of Workers' Remittances in Pakistan."
"Country-wise Workers' Remittances","31-Oct-1995","TS_GP_BOP_WR_M.WR0340",". Total (I+II)","133","Million USD","Normal","","340","Total inflow of Workers' Remittances in Pakistan."
"Country-wise Workers' Remittances","30-Sep-1995","TS_GP_BOP_WR_M.WR0340",". Total (I+II)","112.5","Million USD","Normal","","340","Total inflow of Workers' Remittances in Pakistan."
"Country-wise Workers' Remittances","31-Aug-1995","TS_GP_BOP_WR_M.WR0340",". Total (I+II)","127.6","Million USD","Normal","","340","Total inflow of Workers' Remittances in Pakistan."
"Country-wise Workers' Remittances","31-Jul-1995","TS_GP_BOP_WR_M.WR0340",". Total (I+II)","155.2","Million USD","Normal","","340","Total inflow of Workers' Remittances in Pakistan."
"Country-wise Workers' Remittances","30-Jun-1995","TS_GP_BOP_WR_M.WR0340",". Total (I+II)","147.7","Million USD","Normal","","340","Total inflow of Workers' Remittances in Pakistan."
"Country-wise Workers' Remittances","31-May-1995","TS_GP_BOP_WR_M.WR0340",". Total (I+II)","149.4","Million USD","Normal","","340","Total inflow of Workers' Remittances in Pakistan."
"Country-wise Workers' Remittances","30-Apr-1995","TS_GP_BOP_WR_M.WR0340",". Total (I+II)","154.1","Million USD","Normal","","340","Total inflow of Workers' Remittances in Pakistan."
"Country-wise Workers' Remittances","31-Mar-1995","TS_GP_BOP_WR_M.WR0340",". Total (I+II)","155.3","Million USD","Normal","","340","Total inflow of Workers' Remittances in Pakistan."
"Country-wise Workers' Remittances","28-Feb-1995","TS_GP_BOP_WR_M.WR0340",". Total (I+II)","127.4","Million USD","Normal","","340","Total inflow of Workers' Remittances in Pakistan."
"Country-wise Workers' Remittances","31-Jan-1995","TS_GP_BOP_WR_M.WR0340",". Total (I+II)","163.4","Million USD","Normal","","340","Total inflow of Workers' Remittances in Pakistan."
"Country-wise Workers' Remittances","31-Dec-1994","TS_GP_BOP_WR_M.WR0340",". Total (I+II)","153.7","Million USD","Normal","","340","Total inflow of Workers' Remittances in Pakistan."
"Country-wise Workers' Remittances","30-Nov-1994","TS_GP_BOP_WR_M.WR0340",". Total (I+II)","158","Million USD","Normal","","340","Total inflow of Workers' Remittances in Pakistan."
"Country-wise Workers' Remittances","31-Oct-1994","TS_GP_BOP_WR_M.WR0340",". Total (I+II)","178.7","Million USD","Normal","","340","Total inflow of Workers' Remittances in Pakistan."
"Country-wise Workers' Remittances","30-Sep-1994","TS_GP_BOP_WR_M.WR0340",". Total (I+II)","159.2","Million USD","Normal","","340","Total inflow of Workers' Remittances in Pakistan."
"Country-wise Workers' Remittances","31-Aug-1994","TS_GP_BOP_WR_M.WR0340",". Total (I+II)","157.9","Million USD","Normal","","340","Total inflow of Workers' Remittances in Pakistan."
"Country-wise Workers' Remittances","31-Jul-1994","TS_GP_BOP_WR_M.WR0340",". Total (I+II)","161.4","Million USD","Normal","","340","Total inflow of Workers' Remittances in Pakistan."
"Country-wise Workers' Remittances","30-Jun-1994","TS_GP_BOP_WR_M.WR0340",". Total (I+II)","115.9","Million USD","Normal","","340","Total inflow of Workers' Remittances in Pakistan."
"Country-wise Workers' Remittances","31-May-1994","TS_GP_BOP_WR_M.WR0340",". Total (I+II)","124.6","Million USD","Normal","","340","Total inflow of Workers' Remittances in Pakistan."
"Country-wise Workers' Remittances","30-Apr-1994","TS_GP_BOP_WR_M.WR0340",". Total (I+II)","133.9","Million USD","Normal","","340","Total inflow of Workers' Remittances in Pakistan."
"Country-wise Workers' Remittances","31-Mar-1994","TS_GP_BOP_WR_M.WR0340",". Total (I+II)","140.2","Million USD","Normal","","340","Total inflow of Workers' Remittances in Pakistan."
"Country-wise Workers' Remittances","28-Feb-1994","TS_GP_BOP_WR_M.WR0340",". Total (I+II)","112","Million USD","Normal","","340","Total inflow of Workers' Remittances in Pakistan."
"Country-wise Workers' Remittances","31-Jan-1994","TS_GP_BOP_WR_M.WR0340",". Total (I+II)","140.7","Million USD","Normal","","340","Total inflow of Workers' Remittances in Pakistan."
"Country-wise Workers' Remittances","31-Dec-1993","TS_GP_BOP_WR_M.WR0340",". Total (I+II)","155.4","Million USD","Normal","","340","Total inflow of Workers' Remittances in Pakistan."
"Country-wise Workers' Remittances","30-Nov-1993","TS_GP_BOP_WR_M.WR0340",". Total (I+II)","110.5","Million USD","Normal","","340","Total inflow of Workers' Remittances in Pakistan."
"Country-wise Workers' Remittances","31-Oct-1993","TS_GP_BOP_WR_M.WR0340",". Total (I+II)","106.4","Million USD","Normal","","340","Total inflow of Workers' Remittances in Pakistan."
"Country-wise Workers' Remittances","30-Sep-1993","TS_GP_BOP_WR_M.WR0340",". Total (I+II)","106.1","Million USD","Normal","","340","Total inflow of Workers' Remittances in Pakistan."
"Country-wise Workers' Remittances","31-Aug-1993","TS_GP_BOP_WR_M.WR0340",". Total (I+II)","94.2","Million USD","Normal","","340","Total inflow of Workers' Remittances in Pakistan."
"Country-wise Workers' Remittances","31-Jul-1993","TS_GP_BOP_WR_M.WR0340",". Total (I+II)","105.8","Million USD","Normal","","340","Total inflow of Workers' Remittances in Pakistan."
"Country-wise Workers' Remittances","30-Jun-1993","TS_GP_BOP_WR_M.WR0340",". Total (I+II)","131.5","Million USD","Normal","","340","Total inflow of Workers' Remittances in Pakistan."
"Country-wise Workers' Remittances","31-May-1993","TS_GP_BOP_WR_M.WR0340",". Total (I+II)","144.2","Million USD","Normal","","340","Total inflow of Workers' Remittances in Pakistan."
"Country-wise Workers' Remittances","30-Apr-1993","TS_GP_BOP_WR_M.WR0340",". Total (I+II)","125.5","Million USD","Normal","","340","Total inflow of Workers' Remittances in Pakistan."
"Country-wise Workers' Remittances","31-Mar-1993","TS_GP_BOP_WR_M.WR0340",". Total (I+II)","106.2","Million USD","Normal","","340","Total inflow of Workers' Remittances in Pakistan."
"Country-wise Workers' Remittances","28-Feb-1993","TS_GP_BOP_WR_M.WR0340",". Total (I+II)","112.3","Million USD","Normal","","340","Total inflow of Workers' Remittances in Pakistan."
"Country-wise Workers' Remittances","31-Jan-1993","TS_GP_BOP_WR_M.WR0340",". Total (I+II)","137.2","Million USD","Normal","","340","Total inflow of Workers' Remittances in Pakistan."
"Country-wise Workers' Remittances","31-Dec-1992","TS_GP_BOP_WR_M.WR0340",". Total (I+II)","118.2","Million USD","Normal","","340","Total inflow of Workers' Remittances in Pakistan."
"Country-wise Workers' Remittances","30-Nov-1992","TS_GP_BOP_WR_M.WR0340",". Total (I+II)","115.1","Million USD","Normal","","340","Total inflow of Workers' Remittances in Pakistan."
"Country-wise Workers' Remittances","31-Oct-1992","TS_GP_BOP_WR_M.WR0340",". Total (I+II)","146.7","Million USD","Normal","","340","Total inflow of Workers' Remittances in Pakistan."
"Country-wise Workers' Remittances","30-Sep-1992","TS_GP_BOP_WR_M.WR0340",". Total (I+II)","146.9","Million USD","Normal","","340","Total inflow of Workers' Remittances in Pakistan."
"Country-wise Workers' Remittances","31-Aug-1992","TS_GP_BOP_WR_M.WR0340",". Total (I+II)","155.3","Million USD","Normal","","340","Total inflow of Workers' Remittances in Pakistan."
"Country-wise Workers' Remittances","31-Jul-1992","TS_GP_BOP_WR_M.WR0340",". Total (I+II)","123.1","Million USD","Normal","","340","Total inflow of Workers' Remittances in Pakistan."
"Country-wise Workers' Remittances","30-Jun-1992","TS_GP_BOP_WR_M.WR0340",". Total (I+II)","139.1","Million USD","Normal","","340","Total inflow of Workers' Remittances in Pakistan."
"Country-wise Workers' Remittances","31-May-1992","TS_GP_BOP_WR_M.WR0340",". Total (I+II)","125.2","Million USD","Normal","","340","Total inflow of Workers' Remittances in Pakistan."
"Country-wise Workers' Remittances","30-Apr-1992","TS_GP_BOP_WR_M.WR0340",". Total (I+II)","115.5","Million USD","Normal","","340","Total inflow of Workers' Remittances in Pakistan."
"Country-wise Workers' Remittances","31-Mar-1992","TS_GP_BOP_WR_M.WR0340",". Total (I+II)","114.8","Million USD","Normal","","340","Total inflow of Workers' Remittances in Pakistan."
"Country-wise Workers' Remittances","29-Feb-1992","TS_GP_BOP_WR_M.WR0340",". Total (I+II)","124","Million USD","Normal","","340","Total inflow of Workers' Remittances in Pakistan."
"Country-wise Workers' Remittances","31-Jan-1992","TS_GP_BOP_WR_M.WR0340",". Total (I+II)","138.6","Million USD","Normal","","340","Total inflow of Workers' Remittances in Pakistan."
"Country-wise Workers' Remittances","31-Dec-1991","TS_GP_BOP_WR_M.WR0340",". Total (I+II)","113","Million USD","Normal","","340","Total inflow of Workers' Remittances in Pakistan."
"Country-wise Workers' Remittances","30-Nov-1991","TS_GP_BOP_WR_M.WR0340",". Total (I+II)","111.9","Million USD","Normal","","340","Total inflow of Workers' Remittances in Pakistan."
"Country-wise Workers' Remittances","31-Oct-1991","TS_GP_BOP_WR_M.WR0340",". Total (I+II)","129.2","Million USD","Normal","","340","Total inflow of Workers' Remittances in Pakistan."
"Country-wise Workers' Remittances","30-Sep-1991","TS_GP_BOP_WR_M.WR0340",". Total (I+II)","115.4","Million USD","Normal","","340","Total inflow of Workers' Remittances in Pakistan."
"Country-wise Workers' Remittances","31-Aug-1991","TS_GP_BOP_WR_M.WR0340",". Total (I+II)","118.2","Million USD","Normal","","340","Total inflow of Workers' Remittances in Pakistan."
"Country-wise Workers' Remittances","31-Jul-1991","TS_GP_BOP_WR_M.WR0340",". Total (I+II)","122.7","Million USD","Normal","","340","Total inflow of Workers' Remittances in Pakistan."
"Country-wise Workers' Remittances","30-Jun-1991","TS_GP_BOP_WR_M.WR0340",". Total (I+II)","132.2","Million USD","Normal","","340","Total inflow of Workers' Remittances in Pakistan."
"Country-wise Workers' Remittances","31-May-1991","TS_GP_BOP_WR_M.WR0340",". Total (I+II)","129.5","Million USD","Normal","","340","Total inflow of Workers' Remittances in Pakistan."
"Country-wise Workers' Remittances","30-Apr-1991","TS_GP_BOP_WR_M.WR0340",". Total (I+II)","138.6","Million USD","Normal","","340","Total inflow of Workers' Remittances in Pakistan."
"Country-wise Workers' Remittances","31-Mar-1991","TS_GP_BOP_WR_M.WR0340",". Total (I+II)","117.6","Million USD","Normal","","340","Total inflow of Workers' Remittances in Pakistan."
"Country-wise Workers' Remittances","28-Feb-1991","TS_GP_BOP_WR_M.WR0340",". Total (I+II)","117.9","Million USD","Normal","","340","Total inflow of Workers' Remittances in Pakistan."
"Country-wise Workers' Remittances","31-Jan-1991","TS_GP_BOP_WR_M.WR0340",". Total (I+II)","192.5","Million USD","Normal","","340","Total inflow of Workers' Remittances in Pakistan."
"Country-wise Workers' Remittances","31-Dec-1990","TS_GP_BOP_WR_M.WR0340",". Total (I+II)","152.8","Million USD","Normal","","340","Total inflow of Workers' Remittances in Pakistan."
"Country-wise Workers' Remittances","30-Nov-1990","TS_GP_BOP_WR_M.WR0340",". Total (I+II)","158","Million USD","Normal","","340","Total inflow of Workers' Remittances in Pakistan."
"Country-wise Workers' Remittances","31-Oct-1990","TS_GP_BOP_WR_M.WR0340",". Total (I+II)","149.1","Million USD","Normal","","340","Total inflow of Workers' Remittances in Pakistan."
"Country-wise Workers' Remittances","30-Sep-1990","TS_GP_BOP_WR_M.WR0340",". Total (I+II)","224.3","Million USD","Normal","","340","Total inflow of Workers' Remittances in Pakistan."
"Country-wise Workers' Remittances","31-Aug-1990","TS_GP_BOP_WR_M.WR0340",". Total (I+II)","181.8","Million USD","Normal","","340","Total inflow of Workers' Remittances in Pakistan."
"Country-wise Workers' Remittances","31-Jul-1990","TS_GP_BOP_WR_M.WR0340",". Total (I+II)","154.1","Million USD","Normal","","340","Total inflow of Workers' Remittances in Pakistan."
"Country-wise Workers' Remittances","30-Jun-1990","TS_GP_BOP_WR_M.WR0340",". Total (I+II)","156.6","Million USD","Normal","","340","Total inflow of Workers' Remittances in Pakistan."
"Country-wise Workers' Remittances","31-May-1990","TS_GP_BOP_WR_M.WR0340",". Total (I+II)","155.3","Million USD","Normal","","340","Total inflow of Workers' Remittances in Pakistan."
"Country-wise Workers' Remittances","30-Apr-1990","TS_GP_BOP_WR_M.WR0340",". Total (I+II)","131.3","Million USD","Normal","","340","Total inflow of Workers' Remittances in Pakistan."
"Country-wise Workers' Remittances","31-Mar-1990","TS_GP_BOP_WR_M.WR0340",". Total (I+II)","170.3","Million USD","Normal","","340","Total inflow of Workers' Remittances in Pakistan."
"Country-wise Workers' Remittances","28-Feb-1990","TS_GP_BOP_WR_M.WR0340",". Total (I+II)","175.4","Million USD","Normal","","340","Total inflow of Workers' Remittances in Pakistan."
"Country-wise Workers' Remittances","31-Jan-1990","TS_GP_BOP_WR_M.WR0340",". Total (I+II)","183","Million USD","Normal","","340","Total inflow of Workers' Remittances in Pakistan."
"Country-wise Workers' Remittances","31-Dec-1989","TS_GP_BOP_WR_M.WR0340",". Total (I+II)","162.4","Million USD","Normal","","340","Total inflow of Workers' Remittances in Pakistan."
"Country-wise Workers' Remittances","30-Nov-1989","TS_GP_BOP_WR_M.WR0340",". Total (I+II)","164.4","Million USD","Normal","","340","Total inflow of Workers' Remittances in Pakistan."
"Country-wise Workers' Remittances","31-Oct-1989","TS_GP_BOP_WR_M.WR0340",". Total (I+II)","165.7","Million USD","Normal","","340","Total inflow of Workers' Remittances in Pakistan."
"Country-wise Workers' Remittances","30-Sep-1989","TS_GP_BOP_WR_M.WR0340",". Total (I+II)","140.8","Million USD","Normal","","340","Total inflow of Workers' Remittances in Pakistan."
"Country-wise Workers' Remittances","31-Aug-1989","TS_GP_BOP_WR_M.WR0340",". Total (I+II)","170.6","Million USD","Normal","","340","Total inflow of Workers' Remittances in Pakistan."
"Country-wise Workers' Remittances","31-Jul-1989","TS_GP_BOP_WR_M.WR0340",". Total (I+II)","166.6","Million USD","Normal","","340","Total inflow of Workers' Remittances in Pakistan."
"Country-wise Workers' Remittances","30-Jun-1989","TS_GP_BOP_WR_M.WR0340",". Total (I+II)","159.1","Million USD","Normal","","340","Total inflow of Workers' Remittances in Pakistan."
"Country-wise Workers' Remittances","31-May-1989","TS_GP_BOP_WR_M.WR0340",". Total (I+II)","152.1","Million USD","Normal","","340","Total inflow of Workers' Remittances in Pakistan."
"Country-wise Workers' Remittances","30-Apr-1989","TS_GP_BOP_WR_M.WR0340",". Total (I+II)","155.9","Million USD","Normal","","340","Total inflow of Workers' Remittances in Pakistan."
"Country-wise Workers' Remittances","31-Mar-1989","TS_GP_BOP_WR_M.WR0340",". Total (I+II)","167.2","Million USD","Normal","","340","Total inflow of Workers' Remittances in Pakistan."
"Country-wise Workers' Remittances","28-Feb-1989","TS_GP_BOP_WR_M.WR0340",". Total (I+II)","181.4","Million USD","Normal","","340","Total inflow of Workers' Remittances in Pakistan."
"Country-wise Workers' Remittances","31-Jan-1989","TS_GP_BOP_WR_M.WR0340",". Total (I+II)","216.6","Million USD","Normal","","340","Total inflow of Workers' Remittances in Pakistan."
"Country-wise Workers' Remittances","31-Dec-1988","TS_GP_BOP_WR_M.WR0340",". Total (I+II)","168.3","Million USD","Normal","","340","Total inflow of Workers' Remittances in Pakistan."
"Country-wise Workers' Remittances","30-Nov-1988","TS_GP_BOP_WR_M.WR0340",". Total (I+II)","153.3","Million USD","Normal","","340","Total inflow of Workers' Remittances in Pakistan."
"Country-wise Workers' Remittances","31-Oct-1988","TS_GP_BOP_WR_M.WR0340",". Total (I+II)","150.9","Million USD","Normal","","340","Total inflow of Workers' Remittances in Pakistan."
"Country-wise Workers' Remittances","30-Sep-1988","TS_GP_BOP_WR_M.WR0340",". Total (I+II)","133.6","Million USD","Normal","","340","Total inflow of Workers' Remittances in Pakistan."
"Country-wise Workers' Remittances","31-Aug-1988","TS_GP_BOP_WR_M.WR0340",". Total (I+II)","130","Million USD","Normal","","340","Total inflow of Workers' Remittances in Pakistan."
"Country-wise Workers' Remittances","31-Jul-1988","TS_GP_BOP_WR_M.WR0340",". Total (I+II)","128.5","Million USD","Normal","","340","Total inflow of Workers' Remittances in Pakistan."
"Country-wise Workers' Remittances","30-Jun-1988","TS_GP_BOP_WR_M.WR0340",". Total (I+II)","155.9","Million USD","Normal","","340","Total inflow of Workers' Remittances in Pakistan."
"Country-wise Workers' Remittances","31-May-1988","TS_GP_BOP_WR_M.WR0340",". Total (I+II)","150.8","Million USD","Normal","","340","Total inflow of Workers' Remittances in Pakistan."
"Country-wise Workers' Remittances","30-Apr-1988","TS_GP_BOP_WR_M.WR0340",". Total (I+II)","142.3","Million USD","Normal","","340","Total inflow of Workers' Remittances in Pakistan."
"Country-wise Workers' Remittances","31-Mar-1988","TS_GP_BOP_WR_M.WR0340",". Total (I+II)","174.1","Million USD","Normal","","340","Total inflow of Workers' Remittances in Pakistan."
"Country-wise Workers' Remittances","29-Feb-1988","TS_GP_BOP_WR_M.WR0340",". Total (I+II)","180.2","Million USD","Normal","","340","Total inflow of Workers' Remittances in Pakistan."
"Country-wise Workers' Remittances","31-Jan-1988","TS_GP_BOP_WR_M.WR0340",". Total (I+II)","190.5","Million USD","Normal","","340","Total inflow of Workers' Remittances in Pakistan."
"Country-wise Workers' Remittances","31-Dec-1987","TS_GP_BOP_WR_M.WR0340",". Total (I+II)","184","Million USD","Normal","","340","Total inflow of Workers' Remittances in Pakistan."
"Country-wise Workers' Remittances","30-Nov-1987","TS_GP_BOP_WR_M.WR0340",". Total (I+II)","181.1","Million USD","Normal","","340","Total inflow of Workers' Remittances in Pakistan."
"Country-wise Workers' Remittances","31-Oct-1987","TS_GP_BOP_WR_M.WR0340",". Total (I+II)","174.9","Million USD","Normal","","340","Total inflow of Workers' Remittances in Pakistan."
"Country-wise Workers' Remittances","30-Sep-1987","TS_GP_BOP_WR_M.WR0340",". Total (I+II)","163","Million USD","Normal","","340","Total inflow of Workers' Remittances in Pakistan."
"Country-wise Workers' Remittances","31-Aug-1987","TS_GP_BOP_WR_M.WR0340",". Total (I+II)","155.4","Million USD","Normal","","340","Total inflow of Workers' Remittances in Pakistan."
"Country-wise Workers' Remittances","31-Jul-1987","TS_GP_BOP_WR_M.WR0340",". Total (I+II)","160.4","Million USD","Normal","","340","Total inflow of Workers' Remittances in Pakistan."
"Country-wise Workers' Remittances","30-Jun-1987","TS_GP_BOP_WR_M.WR0340",". Total (I+II)","194.6","Million USD","Normal","","340","Total inflow of Workers' Remittances in Pakistan."
"Country-wise Workers' Remittances","31-May-1987","TS_GP_BOP_WR_M.WR0340",". Total (I+II)","157.9","Million USD","Normal","","340","Total inflow of Workers' Remittances in Pakistan."
"Country-wise Workers' Remittances","30-Apr-1987","TS_GP_BOP_WR_M.WR0340",". Total (I+II)","175.8","Million USD","Normal","","340","Total inflow of Workers' Remittances in Pakistan."
"Country-wise Workers' Remittances","31-Mar-1987","TS_GP_BOP_WR_M.WR0340",". Total (I+II)","220.1","Million USD","Normal","","340","Total inflow of Workers' Remittances in Pakistan."
"Country-wise Workers' Remittances","28-Feb-1987","TS_GP_BOP_WR_M.WR0340",". Total (I+II)","191.2","Million USD","Normal","","340","Total inflow of Workers' Remittances in Pakistan."
"Country-wise Workers' Remittances","31-Jan-1987","TS_GP_BOP_WR_M.WR0340",". Total (I+II)","207.8","Million USD","Normal","","340","Total inflow of Workers' Remittances in Pakistan."
"Country-wise Workers' Remittances","31-Dec-1986","TS_GP_BOP_WR_M.WR0340",". Total (I+II)","174.8","Million USD","Normal","","340","Total inflow of Workers' Remittances in Pakistan."
"Country-wise Workers' Remittances","30-Nov-1986","TS_GP_BOP_WR_M.WR0340",". Total (I+II)","180.6","Million USD","Normal","","340","Total inflow of Workers' Remittances in Pakistan."
"Country-wise Workers' Remittances","31-Oct-1986","TS_GP_BOP_WR_M.WR0340",". Total (I+II)","211.7","Million USD","Normal","","340","Total inflow of Workers' Remittances in Pakistan."
"Country-wise Workers' Remittances","30-Sep-1986","TS_GP_BOP_WR_M.WR0340",". Total (I+II)","189","Million USD","Normal","","340","Total inflow of Workers' Remittances in Pakistan."
"Country-wise Workers' Remittances","31-Aug-1986","TS_GP_BOP_WR_M.WR0340",". Total (I+II)","169.7","Million USD","Normal","","340","Total inflow of Workers' Remittances in Pakistan."
"Country-wise Workers' Remittances","31-Jul-1986","TS_GP_BOP_WR_M.WR0340",". Total (I+II)","205.4","Million USD","Normal","","340","Total inflow of Workers' Remittances in Pakistan."
"Country-wise Workers' Remittances","30-Jun-1986","TS_GP_BOP_WR_M.WR0340",". Total (I+II)","196.8","Million USD","Normal","","340","Total inflow of Workers' Remittances in Pakistan."
"Country-wise Workers' Remittances","31-May-1986","TS_GP_BOP_WR_M.WR0340",". Total (I+II)","194.3","Million USD","Normal","","340","Total inflow of Workers' Remittances in Pakistan."
"Country-wise Workers' Remittances","30-Apr-1986","TS_GP_BOP_WR_M.WR0340",". Total (I+II)","205.8","Million USD","Normal","","340","Total inflow of Workers' Remittances in Pakistan."
"Country-wise Workers' Remittances","31-Mar-1986","TS_GP_BOP_WR_M.WR0340",". Total (I+II)","237","Million USD","Normal","","340","Total inflow of Workers' Remittances in Pakistan."
"Country-wise Workers' Remittances","28-Feb-1986","TS_GP_BOP_WR_M.WR0340",". Total (I+II)","227","Million USD","Normal","","340","Total inflow of Workers' Remittances in Pakistan."
"Country-wise Workers' Remittances","31-Jan-1986","TS_GP_BOP_WR_M.WR0340",". Total (I+II)","242.1","Million USD","Normal","","340","Total inflow of Workers' Remittances in Pakistan."
"Country-wise Workers' Remittances","31-Dec-1985","TS_GP_BOP_WR_M.WR0340",". Total (I+II)","216.2","Million USD","Normal","","340","Total inflow of Workers' Remittances in Pakistan."
"Country-wise Workers' Remittances","30-Nov-1985","TS_GP_BOP_WR_M.WR0340",". Total (I+II)","188.2","Million USD","Normal","","340","Total inflow of Workers' Remittances in Pakistan."
"Country-wise Workers' Remittances","31-Oct-1985","TS_GP_BOP_WR_M.WR0340",". Total (I+II)","237.1","Million USD","Normal","","340","Total inflow of Workers' Remittances in Pakistan."
"Country-wise Workers' Remittances","30-Sep-1985","TS_GP_BOP_WR_M.WR0340",". Total (I+II)","219.8","Million USD","Normal","","340","Total inflow of Workers' Remittances in Pakistan."
"Country-wise Workers' Remittances","31-Aug-1985","TS_GP_BOP_WR_M.WR0340",". Total (I+II)","194.5","Million USD","Normal","","340","Total inflow of Workers' Remittances in Pakistan."
"Country-wise Workers' Remittances","31-Jul-1985","TS_GP_BOP_WR_M.WR0340",". Total (I+II)","236.6","Million USD","Normal","","340","Total inflow of Workers' Remittances in Pakistan."
"Country-wise Workers' Remittances","30-Jun-1985","TS_GP_BOP_WR_M.WR0340",". Total (I+II)","202.9","Million USD","Normal","","340","Total inflow of Workers' Remittances in Pakistan."
"Country-wise Workers' Remittances","31-May-1985","TS_GP_BOP_WR_M.WR0340",". Total (I+II)","180.8","Million USD","Normal","","340","Total inflow of Workers' Remittances in Pakistan."
"Country-wise Workers' Remittances","30-Apr-1985","TS_GP_BOP_WR_M.WR0340",". Total (I+II)","204.2","Million USD","Normal","","340","Total inflow of Workers' Remittances in Pakistan."
"Country-wise Workers' Remittances","31-Mar-1985","TS_GP_BOP_WR_M.WR0340",". Total (I+II)","217.3","Million USD","Normal","","340","Total inflow of Workers' Remittances in Pakistan."
"Country-wise Workers' Remittances","28-Feb-1985","TS_GP_BOP_WR_M.WR0340",". Total (I+II)","196.9","Million USD","Normal","","340","Total inflow of Workers' Remittances in Pakistan."
"Country-wise Workers' Remittances","31-Jan-1985","TS_GP_BOP_WR_M.WR0340",". Total (I+II)","220","Million USD","Normal","","340","Total inflow of Workers' Remittances in Pakistan."
"Country-wise Workers' Remittances","31-Dec-1984","TS_GP_BOP_WR_M.WR0340",". Total (I+II)","202.4","Million USD","Normal","","340","Total inflow of Workers' Remittances in Pakistan."
"Country-wise Workers' Remittances","30-Nov-1984","TS_GP_BOP_WR_M.WR0340",". Total (I+II)","212.2","Million USD","Normal","","340","Total inflow of Workers' Remittances in Pakistan."
"Country-wise Workers' Remittances","31-Oct-1984","TS_GP_BOP_WR_M.WR0340",". Total (I+II)","204.6","Million USD","Normal","","340","Total inflow of Workers' Remittances in Pakistan."
"Country-wise Workers' Remittances","30-Sep-1984","TS_GP_BOP_WR_M.WR0340",". Total (I+II)","189.6","Million USD","Normal","","340","Total inflow of Workers' Remittances in Pakistan."
"Country-wise Workers' Remittances","31-Aug-1984","TS_GP_BOP_WR_M.WR0340",". Total (I+II)","192.1","Million USD","Normal","","340","Total inflow of Workers' Remittances in Pakistan."
"Country-wise Workers' Remittances","31-Jul-1984","TS_GP_BOP_WR_M.WR0340",". Total (I+II)","223","Million USD","Normal","","340","Total inflow of Workers' Remittances in Pakistan."
"Country-wise Workers' Remittances","30-Jun-1984","TS_GP_BOP_WR_M.WR0340",". Total (I+II)","203.5","Million USD","Normal","","340","Total inflow of Workers' Remittances in Pakistan."
"Country-wise Workers' Remittances","31-May-1984","TS_GP_BOP_WR_M.WR0340",". Total (I+II)","204","Million USD","Normal","","340","Total inflow of Workers' Remittances in Pakistan."
"Country-wise Workers' Remittances","30-Apr-1984","TS_GP_BOP_WR_M.WR0340",". Total (I+II)","211.2","Million USD","Normal","","340","Total inflow of Workers' Remittances in Pakistan."
"Country-wise Workers' Remittances","31-Mar-1984","TS_GP_BOP_WR_M.WR0340",". Total (I+II)","224.7","Million USD","Normal","","340","Total inflow of Workers' Remittances in Pakistan."
"Country-wise Workers' Remittances","29-Feb-1984","TS_GP_BOP_WR_M.WR0340",". Total (I+II)","247.7","Million USD","Normal","","340","Total inflow of Workers' Remittances in Pakistan."
"Country-wise Workers' Remittances","31-Jan-1984","TS_GP_BOP_WR_M.WR0340",". Total (I+II)","252.4","Million USD","Normal","","340","Total inflow of Workers' Remittances in Pakistan."
"Country-wise Workers' Remittances","31-Dec-1983","TS_GP_BOP_WR_M.WR0340",". Total (I+II)","219","Million USD","Normal","","340","Total inflow of Workers' Remittances in Pakistan."
"Country-wise Workers' Remittances","30-Nov-1983","TS_GP_BOP_WR_M.WR0340",". Total (I+II)","239.4","Million USD","Normal","","340","Total inflow of Workers' Remittances in Pakistan."
"Country-wise Workers' Remittances","31-Oct-1983","TS_GP_BOP_WR_M.WR0340",". Total (I+II)","237.8","Million USD","Normal","","340","Total inflow of Workers' Remittances in Pakistan."
"Country-wise Workers' Remittances","30-Sep-1983","TS_GP_BOP_WR_M.WR0340",". Total (I+II)","201.4","Million USD","Normal","","340","Total inflow of Workers' Remittances in Pakistan."
"Country-wise Workers' Remittances","31-Aug-1983","TS_GP_BOP_WR_M.WR0340",". Total (I+II)","260.3","Million USD","Normal","","340","Total inflow of Workers' Remittances in Pakistan."
"Country-wise Workers' Remittances","31-Jul-1983","TS_GP_BOP_WR_M.WR0340",". Total (I+II)","236","Million USD","Normal","","340","Total inflow of Workers' Remittances in Pakistan."
"Country-wise Workers' Remittances","30-Jun-1983","TS_GP_BOP_WR_M.WR0340",". Total (I+II)","229.9","Million USD","Normal","","340","Total inflow of Workers' Remittances in Pakistan."
"Country-wise Workers' Remittances","31-May-1983","TS_GP_BOP_WR_M.WR0340",". Total (I+II)","242.6","Million USD","Normal","","340","Total inflow of Workers' Remittances in Pakistan."
"Country-wise Workers' Remittances","30-Apr-1983","TS_GP_BOP_WR_M.WR0340",". Total (I+II)","256.3","Million USD","Normal","","340","Total inflow of Workers' Remittances in Pakistan."
"Country-wise Workers' Remittances","31-Mar-1983","TS_GP_BOP_WR_M.WR0340",". Total (I+II)","296.4","Million USD","Normal","","340","Total inflow of Workers' Remittances in Pakistan."
"Country-wise Workers' Remittances","28-Feb-1983","TS_GP_BOP_WR_M.WR0340",". Total (I+II)","246.2","Million USD","Normal","","340","Total inflow of Workers' Remittances in Pakistan."
"Country-wise Workers' Remittances","31-Jan-1983","TS_GP_BOP_WR_M.WR0340",". Total (I+II)","259.2","Million USD","Normal","","340","Total inflow of Workers' Remittances in Pakistan."
"Country-wise Workers' Remittances","31-Dec-1982","TS_GP_BOP_WR_M.WR0340",". Total (I+II)","243.2","Million USD","Normal","","340","Total inflow of Workers' Remittances in Pakistan."
"Country-wise Workers' Remittances","30-Nov-1982","TS_GP_BOP_WR_M.WR0340",". Total (I+II)","251.7","Million USD","Normal","","340","Total inflow of Workers' Remittances in Pakistan."
"Country-wise Workers' Remittances","31-Oct-1982","TS_GP_BOP_WR_M.WR0340",". Total (I+II)","232.1","Million USD","Normal","","340","Total inflow of Workers' Remittances in Pakistan."
"Country-wise Workers' Remittances","30-Sep-1982","TS_GP_BOP_WR_M.WR0340",". Total (I+II)","197","Million USD","Normal","","340","Total inflow of Workers' Remittances in Pakistan."
"Country-wise Workers' Remittances","31-Aug-1982","TS_GP_BOP_WR_M.WR0340",". Total (I+II)","239.3","Million USD","Normal","","340","Total inflow of Workers' Remittances in Pakistan."
"Country-wise Workers' Remittances","31-Jul-1982","TS_GP_BOP_WR_M.WR0340",". Total (I+II)","191.6","Million USD","Normal","","340","Total inflow of Workers' Remittances in Pakistan."
"Country-wise Workers' Remittances","30-Jun-1982","TS_GP_BOP_WR_M.WR0340",". Total (I+II)","196.8","Million USD","Normal","","340","Total inflow of Workers' Remittances in Pakistan."
"Country-wise Workers' Remittances","31-May-1982","TS_GP_BOP_WR_M.WR0340",". Total (I+II)","213.5","Million USD","Normal","","340","Total inflow of Workers' Remittances in Pakistan."
"Country-wise Workers' Remittances","30-Apr-1982","TS_GP_BOP_WR_M.WR0340",". Total (I+II)","204.9","Million USD","Normal","","340","Total inflow of Workers' Remittances in Pakistan."
"Country-wise Workers' Remittances","31-Mar-1982","TS_GP_BOP_WR_M.WR0340",". Total (I+II)","230.8","Million USD","Normal","","340","Total inflow of Workers' Remittances in Pakistan."
"Country-wise Workers' Remittances","28-Feb-1982","TS_GP_BOP_WR_M.WR0340",". Total (I+II)","191.5","Million USD","Normal","","340","Total inflow of Workers' Remittances in Pakistan."
"Country-wise Workers' Remittances","31-Jan-1982","TS_GP_BOP_WR_M.WR0340",". Total (I+II)","177.6","Million USD","Normal","","340","Total inflow of Workers' Remittances in Pakistan."
"Country-wise Workers' Remittances","31-Dec-1981","TS_GP_BOP_WR_M.WR0340",". Total (I+II)","195.8","Million USD","Normal","","340","Total inflow of Workers' Remittances in Pakistan."
"Country-wise Workers' Remittances","30-Nov-1981","TS_GP_BOP_WR_M.WR0340",". Total (I+II)","169.9","Million USD","Normal","","340","Total inflow of Workers' Remittances in Pakistan."
"Country-wise Workers' Remittances","31-Oct-1981","TS_GP_BOP_WR_M.WR0340",". Total (I+II)","157.7","Million USD","Normal","","340","Total inflow of Workers' Remittances in Pakistan."
"Country-wise Workers' Remittances","30-Sep-1981","TS_GP_BOP_WR_M.WR0340",". Total (I+II)","160.2","Million USD","Normal","","340","Total inflow of Workers' Remittances in Pakistan."
"Country-wise Workers' Remittances","31-Aug-1981","TS_GP_BOP_WR_M.WR0340",". Total (I+II)","177.4","Million USD","Normal","","340","Total inflow of Workers' Remittances in Pakistan."
"Country-wise Workers' Remittances","31-Jul-1981","TS_GP_BOP_WR_M.WR0340",". Total (I+II)","149","Million USD","Normal","","340","Total inflow of Workers' Remittances in Pakistan."
"Country-wise Workers' Remittances","30-Jun-1981","TS_GP_BOP_WR_M.WR0340",". Total (I+II)","147.7","Million USD","Normal","","340","Total inflow of Workers' Remittances in Pakistan."
"Country-wise Workers' Remittances","31-May-1981","TS_GP_BOP_WR_M.WR0340",". Total (I+II)","177.2","Million USD","Normal","","340","Total inflow of Workers' Remittances in Pakistan."
"Country-wise Workers' Remittances","30-Apr-1981","TS_GP_BOP_WR_M.WR0340",". Total (I+II)","198.1","Million USD","Normal","","340","Total inflow of Workers' Remittances in Pakistan."
"Country-wise Workers' Remittances","31-Mar-1981","TS_GP_BOP_WR_M.WR0340",". Total (I+II)","188.9","Million USD","Normal","","340","Total inflow of Workers' Remittances in Pakistan."
"Country-wise Workers' Remittances","28-Feb-1981","TS_GP_BOP_WR_M.WR0340",". Total (I+II)","167.5","Million USD","Normal","","340","Total inflow of Workers' Remittances in Pakistan."
"Country-wise Workers' Remittances","31-Jan-1981","TS_GP_BOP_WR_M.WR0340",". Total (I+II)","180.1","Million USD","Normal","","340","Total inflow of Workers' Remittances in Pakistan."
"Country-wise Workers' Remittances","31-Dec-1980","TS_GP_BOP_WR_M.WR0340",". Total (I+II)","196.5","Million USD","Normal","","340","Total inflow of Workers' Remittances in Pakistan."
"Country-wise Workers' Remittances","30-Nov-1980","TS_GP_BOP_WR_M.WR0340",". Total (I+II)","186.6","Million USD","Normal","","340","Total inflow of Workers' Remittances in Pakistan."
"Country-wise Workers' Remittances","31-Oct-1980","TS_GP_BOP_WR_M.WR0340",". Total (I+II)","146.5","Million USD","Normal","","340","Total inflow of Workers' Remittances in Pakistan."
"Country-wise Workers' Remittances","30-Sep-1980","TS_GP_BOP_WR_M.WR0340",". Total (I+II)","170.7","Million USD","Normal","","340","Total inflow of Workers' Remittances in Pakistan."
"Country-wise Workers' Remittances","31-Aug-1980","TS_GP_BOP_WR_M.WR0340",". Total (I+II)","165.4","Million USD","Normal","","340","Total inflow of Workers' Remittances in Pakistan."
"Country-wise Workers' Remittances","31-Jul-1980","TS_GP_BOP_WR_M.WR0340",". Total (I+II)","190.7","Million USD","Normal","","340","Total inflow of Workers' Remittances in Pakistan."
"Country-wise Workers' Remittances","30-Jun-1980","TS_GP_BOP_WR_M.WR0340",". Total (I+II)","153.6","Million USD","Normal","","340","Total inflow of Workers' Remittances in Pakistan."
"Country-wise Workers' Remittances","31-May-1980","TS_GP_BOP_WR_M.WR0340",". Total (I+II)","168.3","Million USD","Normal","","340","Total inflow of Workers' Remittances in Pakistan."
"Country-wise Workers' Remittances","30-Apr-1980","TS_GP_BOP_WR_M.WR0340",". Total (I+II)","166.9","Million USD","Normal","","340","Total inflow of Workers' Remittances in Pakistan."
"Country-wise Workers' Remittances","31-Mar-1980","TS_GP_BOP_WR_M.WR0340",". Total (I+II)","168.4","Million USD","Normal","","340","Total inflow of Workers' Remittances in Pakistan."
"Country-wise Workers' Remittances","29-Feb-1980","TS_GP_BOP_WR_M.WR0340",". Total (I+II)","164.7","Million USD","Normal","","340","Total inflow of Workers' Remittances in Pakistan."
"Country-wise Workers' Remittances","31-Jan-1980","TS_GP_BOP_WR_M.WR0340",". Total (I+II)","168.9","Million USD","Normal","","340","Total inflow of Workers' Remittances in Pakistan."
"Country-wise Workers' Remittances","31-Dec-1979","TS_GP_BOP_WR_M.WR0340",". Total (I+II)","147.4","Million USD","Normal","","340","Total inflow of Workers' Remittances in Pakistan."
"Country-wise Workers' Remittances","30-Nov-1979","TS_GP_BOP_WR_M.WR0340",". Total (I+II)","103.7","Million USD","Normal","","340","Total inflow of Workers' Remittances in Pakistan."
"Country-wise Workers' Remittances","31-Oct-1979","TS_GP_BOP_WR_M.WR0340",". Total (I+II)","139.1","Million USD","Normal","","340","Total inflow of Workers' Remittances in Pakistan."
"Country-wise Workers' Remittances","30-Sep-1979","TS_GP_BOP_WR_M.WR0340",". Total (I+II)","115","Million USD","Normal","","340","Total inflow of Workers' Remittances in Pakistan."
"Country-wise Workers' Remittances","31-Aug-1979","TS_GP_BOP_WR_M.WR0340",". Total (I+II)","129.1","Million USD","Normal","","340","Total inflow of Workers' Remittances in Pakistan."
"Country-wise Workers' Remittances","31-Jul-1979","TS_GP_BOP_WR_M.WR0340",". Total (I+II)","122","Million USD","Normal","","340","Total inflow of Workers' Remittances in Pakistan."
"Country-wise Workers' Remittances","30-Jun-1979","TS_GP_BOP_WR_M.WR0340",". Total (I+II)","118.7","Million USD","Normal","","340","Total inflow of Workers' Remittances in Pakistan."
"Country-wise Workers' Remittances","31-May-1979","TS_GP_BOP_WR_M.WR0340",". Total (I+II)","122.9","Million USD","Normal","","340","Total inflow of Workers' Remittances in Pakistan."
"Country-wise Workers' Remittances","30-Apr-1979","TS_GP_BOP_WR_M.WR0340",". Total (I+II)","125.7","Million USD","Normal","","340","Total inflow of Workers' Remittances in Pakistan."
"Country-wise Workers' Remittances","31-Mar-1979","TS_GP_BOP_WR_M.WR0340",". Total (I+II)","123.4","Million USD","Normal","","340","Total inflow of Workers' Remittances in Pakistan."
"Country-wise Workers' Remittances","28-Feb-1979","TS_GP_BOP_WR_M.WR0340",". Total (I+II)","110.7","Million USD","Normal","","340","Total inflow of Workers' Remittances in Pakistan."
"Country-wise Workers' Remittances","31-Jan-1979","TS_GP_BOP_WR_M.WR0340",". Total (I+II)","137.2","Million USD","Normal","","340","Total inflow of Workers' Remittances in Pakistan."
"Country-wise Workers' Remittances","31-Dec-1978","TS_GP_BOP_WR_M.WR0340",". Total (I+II)","95.5","Million USD","Normal","","340","Total inflow of Workers' Remittances in Pakistan."
"Country-wise Workers' Remittances","30-Nov-1978","TS_GP_BOP_WR_M.WR0340",". Total (I+II)","111.1","Million USD","Normal","","340","Total inflow of Workers' Remittances in Pakistan."
"Country-wise Workers' Remittances","31-Oct-1978","TS_GP_BOP_WR_M.WR0340",". Total (I+II)","134.9","Million USD","Normal","","340","Total inflow of Workers' Remittances in Pakistan."
"Country-wise Workers' Remittances","30-Sep-1978","TS_GP_BOP_WR_M.WR0340",". Total (I+II)","105.6","Million USD","Normal","","340","Total inflow of Workers' Remittances in Pakistan."
"Country-wise Workers' Remittances","31-Aug-1978","TS_GP_BOP_WR_M.WR0340",". Total (I+II)","107.4","Million USD","Normal","","340","Total inflow of Workers' Remittances in Pakistan."
"Country-wise Workers' Remittances","31-Jul-1978","TS_GP_BOP_WR_M.WR0340",". Total (I+II)","105","Million USD","Normal","","340","Total inflow of Workers' Remittances in Pakistan."
"Country-wise Workers' Remittances","30-Jun-1978","TS_GP_BOP_WR_M.WR0340",". Total (I+II)","107.8","Million USD","Normal","","340","Total inflow of Workers' Remittances in Pakistan."
"Country-wise Workers' Remittances","31-May-1978","TS_GP_BOP_WR_M.WR0340",". Total (I+II)","118.1","Million USD","Normal","","340","Total inflow of Workers' Remittances in Pakistan."
"Country-wise Workers' Remittances","30-Apr-1978","TS_GP_BOP_WR_M.WR0340",". Total (I+II)","109","Million USD","Normal","","340","Total inflow of Workers' Remittances in Pakistan."
"Country-wise Workers' Remittances","31-Mar-1978","TS_GP_BOP_WR_M.WR0340",". Total (I+II)","110.7","Million USD","Normal","","340","Total inflow of Workers' Remittances in Pakistan."
"Country-wise Workers' Remittances","28-Feb-1978","TS_GP_BOP_WR_M.WR0340",". Total (I+II)","93.6","Million USD","Normal","","340","Total inflow of Workers' Remittances in Pakistan."
"Country-wise Workers' Remittances","31-Jan-1978","TS_GP_BOP_WR_M.WR0340",". Total (I+II)","105.1","Million USD","Normal","","340","Total inflow of Workers' Remittances in Pakistan."
"Country-wise Workers' Remittances","31-Dec-1977","TS_GP_BOP_WR_M.WR0340",". Total (I+II)","90.2","Million USD","Normal","","340","Total inflow of Workers' Remittances in Pakistan."
"Country-wise Workers' Remittances","30-Nov-1977","TS_GP_BOP_WR_M.WR0340",". Total (I+II)","78.3","Million USD","Normal","","340","Total inflow of Workers' Remittances in Pakistan."
"Country-wise Workers' Remittances","31-Oct-1977","TS_GP_BOP_WR_M.WR0340",". Total (I+II)","90.6","Million USD","Normal","","340","Total inflow of Workers' Remittances in Pakistan."
"Country-wise Workers' Remittances","30-Sep-1977","TS_GP_BOP_WR_M.WR0340",". Total (I+II)","75.1","Million USD","Normal","","340","Total inflow of Workers' Remittances in Pakistan."
"Country-wise Workers' Remittances","31-Aug-1977","TS_GP_BOP_WR_M.WR0340",". Total (I+II)","95.1","Million USD","Normal","","340","Total inflow of Workers' Remittances in Pakistan."
"Country-wise Workers' Remittances","31-Jul-1977","TS_GP_BOP_WR_M.WR0340",". Total (I+II)","82.9","Million USD","Normal","","340","Total inflow of Workers' Remittances in Pakistan."
"Country-wise Workers' Remittances","30-Jun-1977","TS_GP_BOP_WR_M.WR0340",". Total (I+II)","56","Million USD","Normal","","340","Total inflow of Workers' Remittances in Pakistan."
"Country-wise Workers' Remittances","31-May-1977","TS_GP_BOP_WR_M.WR0340",". Total (I+II)","57.6","Million USD","Normal","","340","Total inflow of Workers' Remittances in Pakistan."
"Country-wise Workers' Remittances","30-Apr-1977","TS_GP_BOP_WR_M.WR0340",". Total (I+II)","75.1","Million USD","Normal","","340","Total inflow of Workers' Remittances in Pakistan."
"Country-wise Workers' Remittances","31-Mar-1977","TS_GP_BOP_WR_M.WR0340",". Total (I+II)","62.3","Million USD","Normal","","340","Total inflow of Workers' Remittances in Pakistan."
"Country-wise Workers' Remittances","28-Feb-1977","TS_GP_BOP_WR_M.WR0340",". Total (I+II)","47.1","Million USD","Normal","","340","Total inflow of Workers' Remittances in Pakistan."
"Country-wise Workers' Remittances","31-Jan-1977","TS_GP_BOP_WR_M.WR0340",". Total (I+II)","58.9","Million USD","Normal","","340","Total inflow of Workers' Remittances in Pakistan."
"Country-wise Workers' Remittances","31-Dec-1976","TS_GP_BOP_WR_M.WR0340",". Total (I+II)","38","Million USD","Normal","","340","Total inflow of Workers' Remittances in Pakistan."
"Country-wise Workers' Remittances","30-Nov-1976","TS_GP_BOP_WR_M.WR0340",". Total (I+II)","43.4","Million USD","Normal","","340","Total inflow of Workers' Remittances in Pakistan."
"Country-wise Workers' Remittances","31-Oct-1976","TS_GP_BOP_WR_M.WR0340",". Total (I+II)","38.6","Million USD","Normal","","340","Total inflow of Workers' Remittances in Pakistan."
"Country-wise Workers' Remittances","30-Sep-1976","TS_GP_BOP_WR_M.WR0340",". Total (I+II)","33.9","Million USD","Normal","","340","Total inflow of Workers' Remittances in Pakistan."
"Country-wise Workers' Remittances","31-Aug-1976","TS_GP_BOP_WR_M.WR0340",". Total (I+II)","33.5","Million USD","Normal","","340","Total inflow of Workers' Remittances in Pakistan."
"Country-wise Workers' Remittances","31-Jul-1976","TS_GP_BOP_WR_M.WR0340",". Total (I+II)","33.5","Million USD","Normal","","340","Total inflow of Workers' Remittances in Pakistan."
"Country-wise Workers' Remittances","30-Jun-1976","TS_GP_BOP_WR_M.WR0340",". Total (I+II)","32.8","Million USD","Normal","","340","Total inflow of Workers' Remittances in Pakistan."
"Country-wise Workers' Remittances","31-May-1976","TS_GP_BOP_WR_M.WR0340",". Total (I+II)","29.4","Million USD","Normal","","340","Total inflow of Workers' Remittances in Pakistan."
"Country-wise Workers' Remittances","30-Apr-1976","TS_GP_BOP_WR_M.WR0340",". Total (I+II)","30.8","Million USD","Normal","","340","Total inflow of Workers' Remittances in Pakistan."
"Country-wise Workers' Remittances","31-Mar-1976","TS_GP_BOP_WR_M.WR0340",". Total (I+II)","29.7","Million USD","Normal","","340","Total inflow of Workers' Remittances in Pakistan."
"Country-wise Workers' Remittances","29-Feb-1976","TS_GP_BOP_WR_M.WR0340",". Total (I+II)","42.9","Million USD","Normal","","340","Total inflow of Workers' Remittances in Pakistan."
"Country-wise Workers' Remittances","31-Jan-1976","TS_GP_BOP_WR_M.WR0340",". Total (I+II)","24.8","Million USD","Normal","","340","Total inflow of Workers' Remittances in Pakistan."
"Country-wise Workers' Remittances","31-Dec-1975","TS_GP_BOP_WR_M.WR0340",". Total (I+II)","26.9","Million USD","Normal","","340","Total inflow of Workers' Remittances in Pakistan."
"Country-wise Workers' Remittances","30-Nov-1975","TS_GP_BOP_WR_M.WR0340",". Total (I+II)","25.4","Million USD","Normal","","340","Total inflow of Workers' Remittances in Pakistan."
"Country-wise Workers' Remittances","31-Oct-1975","TS_GP_BOP_WR_M.WR0340",". Total (I+II)","24.9","Million USD","Normal","","340","Total inflow of Workers' Remittances in Pakistan."
"Country-wise Workers' Remittances","30-Sep-1975","TS_GP_BOP_WR_M.WR0340",". Total (I+II)","24.5","Million USD","Normal","","340","Total inflow of Workers' Remittances in Pakistan."
"Country-wise Workers' Remittances","31-Aug-1975","TS_GP_BOP_WR_M.WR0340",". Total (I+II)","23.8","Million USD","Normal","","340","Total inflow of Workers' Remittances in Pakistan."
"Country-wise Workers' Remittances","31-Jul-1975","TS_GP_BOP_WR_M.WR0340",". Total (I+II)","23.2","Million USD","Normal","","340","Total inflow of Workers' Remittances in Pakistan."
"Country-wise Workers' Remittances","30-Jun-1975","TS_GP_BOP_WR_M.WR0340",". Total (I+II)","17.3","Million USD","Normal","","340","Total inflow of Workers' Remittances in Pakistan."
"Country-wise Workers' Remittances","31-May-1975","TS_GP_BOP_WR_M.WR0340",". Total (I+II)","24","Million USD","Normal","","340","Total inflow of Workers' Remittances in Pakistan."
"Country-wise Workers' Remittances","30-Apr-1975","TS_GP_BOP_WR_M.WR0340",". Total (I+II)","22.4","Million USD","Normal","","340","Total inflow of Workers' Remittances in Pakistan."
"Country-wise Workers' Remittances","31-Mar-1975","TS_GP_BOP_WR_M.WR0340",". Total (I+II)","22.7","Million USD","Normal","","340","Total inflow of Workers' Remittances in Pakistan."
"Country-wise Workers' Remittances","28-Feb-1975","TS_GP_BOP_WR_M.WR0340",". Total (I+II)","18.3","Million USD","Normal","","340","Total inflow of Workers' Remittances in Pakistan."
"Country-wise Workers' Remittances","31-Jan-1975","TS_GP_BOP_WR_M.WR0340",". Total (I+II)","17.4","Million USD","Normal","","340","Total inflow of Workers' Remittances in Pakistan."
"Country-wise Workers' Remittances","31-Dec-1974","TS_GP_BOP_WR_M.WR0340",". Total (I+II)","16","Million USD","Normal","","340","Total inflow of Workers' Remittances in Pakistan."
"Country-wise Workers' Remittances","30-Nov-1974","TS_GP_BOP_WR_M.WR0340",". Total (I+II)","16","Million USD","Normal","","340","Total inflow of Workers' Remittances in Pakistan."
"Country-wise Workers' Remittances","31-Oct-1974","TS_GP_BOP_WR_M.WR0340",". Total (I+II)","15.5","Million USD","Normal","","340","Total inflow of Workers' Remittances in Pakistan."
"Country-wise Workers' Remittances","30-Sep-1974","TS_GP_BOP_WR_M.WR0340",". Total (I+II)","15.4","Million USD","Normal","","340","Total inflow of Workers' Remittances in Pakistan."
"Country-wise Workers' Remittances","31-Aug-1974","TS_GP_BOP_WR_M.WR0340",". Total (I+II)","15.1","Million USD","Normal","","340","Total inflow of Workers' Remittances in Pakistan."
"Country-wise Workers' Remittances","31-Jul-1974","TS_GP_BOP_WR_M.WR0340",". Total (I+II)","15.9","Million USD","Normal","","340","Total inflow of Workers' Remittances in Pakistan."
"Country-wise Workers' Remittances","30-Jun-1974","TS_GP_BOP_WR_M.WR0340",". Total (I+II)","15","Million USD","Normal","","340","Total inflow of Workers' Remittances in Pakistan."
"Country-wise Workers' Remittances","31-May-1974","TS_GP_BOP_WR_M.WR0340",". Total (I+II)","14.9","Million USD","Normal","","340","Total inflow of Workers' Remittances in Pakistan."
"Country-wise Workers' Remittances","30-Apr-1974","TS_GP_BOP_WR_M.WR0340",". Total (I+II)","11.6","Million USD","Normal","","340","Total inflow of Workers' Remittances in Pakistan."
"Country-wise Workers' Remittances","31-Mar-1974","TS_GP_BOP_WR_M.WR0340",". Total (I+II)","10.1","Million USD","Normal","","340","Total inflow of Workers' Remittances in Pakistan."
"Country-wise Workers' Remittances","28-Feb-1974","TS_GP_BOP_WR_M.WR0340",". Total (I+II)","11.9","Million USD","Normal","","340","Total inflow of Workers' Remittances in Pakistan."
"Country-wise Workers' Remittances","31-Jan-1974","TS_GP_BOP_WR_M.WR0340",". Total (I+II)","10","Million USD","Normal","","340","Total inflow of Workers' Remittances in Pakistan."
"Country-wise Workers' Remittances","31-Dec-1973","TS_GP_BOP_WR_M.WR0340",". Total (I+II)","10","Million USD","Normal","","340","Total inflow of Workers' Remittances in Pakistan."
"Country-wise Workers' Remittances","30-Nov-1973","TS_GP_BOP_WR_M.WR0340",". Total (I+II)","10.8","Million USD","Normal","","340","Total inflow of Workers' Remittances in Pakistan."
"Country-wise Workers' Remittances","31-Oct-1973","TS_GP_BOP_WR_M.WR0340",". Total (I+II)","10.7","Million USD","Normal","","340","Total inflow of Workers' Remittances in Pakistan."
"Country-wise Workers' Remittances","30-Sep-1973","TS_GP_BOP_WR_M.WR0340",". Total (I+II)","10.3","Million USD","Normal","","340","Total inflow of Workers' Remittances in Pakistan."
"Country-wise Workers' Remittances","31-Aug-1973","TS_GP_BOP_WR_M.WR0340",". Total (I+II)","12.2","Million USD","Normal","","340","Total inflow of Workers' Remittances in Pakistan."
"Country-wise Workers' Remittances","31-Jul-1973","TS_GP_BOP_WR_M.WR0340",". Total (I+II)","11.7","Million USD","Normal","","340","Total inflow of Workers' Remittances in Pakistan."
"Country-wise Workers' Remittances","30-Jun-1973","TS_GP_BOP_WR_M.WR0340",". Total (I+II)","12.1","Million USD","Normal","","340","Total inflow of Workers' Remittances in Pakistan."
"Country-wise Workers' Remittances","31-May-1973","TS_GP_BOP_WR_M.WR0340",". Total (I+II)","11","Million USD","Normal","","340","Total inflow of Workers' Remittances in Pakistan."
"Country-wise Workers' Remittances","30-Apr-1973","TS_GP_BOP_WR_M.WR0340",". Total (I+II)","11.6","Million USD","Normal","","340","Total inflow of Workers' Remittances in Pakistan."
"Country-wise Workers' Remittances","31-Mar-1973","TS_GP_BOP_WR_M.WR0340",". Total (I+II)","10.1","Million USD","Normal","","340","Total inflow of Workers' Remittances in Pakistan."
"Country-wise Workers' Remittances","28-Feb-1973","TS_GP_BOP_WR_M.WR0340",". Total (I+II)","10.5","Million USD","Normal","","340","Total inflow of Workers' Remittances in Pakistan."
"Country-wise Workers' Remittances","31-Jan-1973","TS_GP_BOP_WR_M.WR0340",". Total (I+II)","12.7","Million USD","Normal","","340","Total inflow of Workers' Remittances in Pakistan."
"Country-wise Workers' Remittances","31-Dec-1972","TS_GP_BOP_WR_M.WR0340",". Total (I+II)","12.1","Million USD","Normal","","340","Total inflow of Workers' Remittances in Pakistan."
"Country-wise Workers' Remittances","30-Nov-1972","TS_GP_BOP_WR_M.WR0340",". Total (I+II)","11.1","Million USD","Normal","","340","Total inflow of Workers' Remittances in Pakistan."
"Country-wise Workers' Remittances","31-Oct-1972","TS_GP_BOP_WR_M.WR0340",". Total (I+II)","10.5","Million USD","Normal","","340","Total inflow of Workers' Remittances in Pakistan."
"Country-wise Workers' Remittances","30-Sep-1972","TS_GP_BOP_WR_M.WR0340",". Total (I+II)","11.4","Million USD","Normal","","340","Total inflow of Workers' Remittances in Pakistan."
"Country-wise Workers' Remittances","31-Aug-1972","TS_GP_BOP_WR_M.WR0340",". Total (I+II)","13.7","Million USD","Normal","","340","Total inflow of Workers' Remittances in Pakistan."
"Country-wise Workers' Remittances","31-Jul-1972","TS_GP_BOP_WR_M.WR0340",". Total (I+II)","9.5","Million USD","Normal","","340","Total inflow of Workers' Remittances in Pakistan."
